
######################################################################
#  OCEANO: Atlantic
######################################################################
  Train : 124,369 profiles | 32.75% anomalous
  Val   : 25,075   profiles | 33.25% anomalous
  Test  : 15,924  profiles | 28.05% anomalous
  Features: 24  →  ['TEMP_max', 'TEMP_min', 'TEMP_mean', 'TEMP_std', 'TEMP_range', 'TEMP_max_grad', 'TEMP_mean_grad', 'TEMP_grad_std', 'PSAL_max', 'PSAL_min', 'PSAL_mean', 'PSAL_std', 'PSAL_range', 'PSAL_max_grad', 'PSAL_mean_grad', 'PSAL_grad_std', 'PRES_max', 'PRES_min', 'PRES_mean', 'PRES_std', 'PRES_range', 'PRES_max_grad', 'PRES_mean_grad', 'PRES_grad_std']
  Imbalance ratio (scale_pos_weight): 2.05

Using experiment 'LightGBM_Atlantic_2021_2025_TemporalSplit' (id=53)

======================================================================
Baseline LightGBM (200 arboles, threshold por defecto 0.5)
======================================================================
  Baseline ROC-AUC (test) : 0.9216
  Baseline F1-macro (test): 0.8409

======================================================================
HalvingRandomSearchCV — scoring=f1_macro  (CV en train only)
======================================================================

Starting hyperparameter search...
n_iterations: 4
n_required_iterations: 4
n_possible_iterations: 4
min_resources_: 4606
max_resources_: 124369
aggressive_elimination: False
factor: 3
----------
iter: 0
n_candidates: 40
n_resources: 4606
Fitting 5 folds for each of 40 candidates, totalling 200 fits
[CV] END colsample_bytree=0.749816047538945, learning_rate=0.20014286128198325, max_depth=5, min_child_samples=76, n_estimators=10000, num_leaves=203, reg_alpha=0.596850157946487, reg_lambda=1.8374982585607733, scale_pos_weight=<scipy.stats._distn_infrastructure.rv_continuous_frozen object at 0x7efb9bdce010>, subsample=0.6232334448672797, subsample_freq=1; total time=   0.0s
[CV] END colsample_bytree=0.749816047538945, learning_rate=0.20014286128198325, max_depth=5, min_child_samples=76, n_estimators=10000, num_leaves=203, reg_alpha=0.596850157946487, reg_lambda=1.8374982585607733, scale_pos_weight=<scipy.stats._distn_infrastructure.rv_continuous_frozen object at 0x7efb9bdce010>, subsample=0.6232334448672797, subsample_freq=1; total time=   0.0s
[CV] END colsample_bytree=0.749816047538945, learning_rate=0.20014286128198325, max_depth=5, min_child_samples=76, n_estimators=10000, num_leaves=203, reg_alpha=0.596850157946487, reg_lambda=1.8374982585607733, scale_pos_weight=<scipy.stats._distn_infrastructure.rv_continuous_frozen object at 0x7efb9bdce010>, subsample=0.6232334448672797, subsample_freq=1; total time=   0.0s
[CV] END colsample_bytree=0.749816047538945, learning_rate=0.20014286128198325, max_depth=5, min_child_samples=76, n_estimators=10000, num_leaves=203, reg_alpha=0.596850157946487, reg_lambda=1.8374982585607733, scale_pos_weight=<scipy.stats._distn_infrastructure.rv_continuous_frozen object at 0x7efb9bdce010>, subsample=0.6232334448672797, subsample_freq=1; total time=   0.0s
[CV] END colsample_bytree=0.749816047538945, learning_rate=0.20014286128198325, max_depth=5, min_child_samples=76, n_estimators=10000, num_leaves=203, reg_alpha=0.596850157946487, reg_lambda=1.8374982585607733, scale_pos_weight=<scipy.stats._distn_infrastructure.rv_continuous_frozen object at 0x7efb9bdce010>, subsample=0.6232334448672797, subsample_freq=1; total time=   0.0s
[CV] END colsample_bytree=0.9464704583099741, learning_rate=0.13022300234864176, max_depth=5, min_child_samples=26, n_estimators=10000, num_leaves=67, reg_alpha=0.9699098521619943, reg_lambda=2.997327922401265, scale_pos_weight=2.0536485955607935, subsample=0.6003115063364057, subsample_freq=1; total time=   2.0s
[CV] END colsample_bytree=0.9464704583099741, learning_rate=0.13022300234864176, max_depth=5, min_child_samples=26, n_estimators=10000, num_leaves=67, reg_alpha=0.9699098521619943, reg_lambda=2.997327922401265, scale_pos_weight=2.0536485955607935, subsample=0.6003115063364057, subsample_freq=1; total time=   2.0s
[CV] END colsample_bytree=0.9464704583099741, learning_rate=0.13022300234864176, max_depth=5, min_child_samples=26, n_estimators=10000, num_leaves=67, reg_alpha=0.9699098521619943, reg_lambda=2.997327922401265, scale_pos_weight=2.0536485955607935, subsample=0.6003115063364057, subsample_freq=1; total time=   2.0s
[CV] END colsample_bytree=0.9464704583099741, learning_rate=0.13022300234864176, max_depth=5, min_child_samples=26, n_estimators=10000, num_leaves=67, reg_alpha=0.9699098521619943, reg_lambda=2.997327922401265, scale_pos_weight=2.0536485955607935, subsample=0.6003115063364057, subsample_freq=1; total time=   1.9s
[CV] END colsample_bytree=0.9464704583099741, learning_rate=0.13022300234864176, max_depth=5, min_child_samples=26, n_estimators=10000, num_leaves=67, reg_alpha=0.9699098521619943, reg_lambda=2.997327922401265, scale_pos_weight=2.0536485955607935, subsample=0.6003115063364057, subsample_freq=1; total time=   2.0s
[CV] END colsample_bytree=0.996884623716487, learning_rate=0.13349630192554332, max_depth=4, min_child_samples=26, n_estimators=10000, num_leaves=250, reg_alpha=0.023062425041415757, reg_lambda=2.0743239807751674, scale_pos_weight=<scipy.stats._distn_infrastructure.rv_continuous_frozen object at 0x7efb9bdce010>, subsample=0.6557975442608167, subsample_freq=1; total time=   0.0s
[CV] END colsample_bytree=0.996884623716487, learning_rate=0.13349630192554332, max_depth=4, min_child_samples=26, n_estimators=10000, num_leaves=250, reg_alpha=0.023062425041415757, reg_lambda=2.0743239807751674, scale_pos_weight=<scipy.stats._distn_infrastructure.rv_continuous_frozen object at 0x7efb9bdce010>, subsample=0.6557975442608167, subsample_freq=1; total time=   0.0s
[CV] END colsample_bytree=0.996884623716487, learning_rate=0.13349630192554332, max_depth=4, min_child_samples=26, n_estimators=10000, num_leaves=250, reg_alpha=0.023062425041415757, reg_lambda=2.0743239807751674, scale_pos_weight=<scipy.stats._distn_infrastructure.rv_continuous_frozen object at 0x7efb9bdce010>, subsample=0.6557975442608167, subsample_freq=1; total time=   0.0s
[CV] END colsample_bytree=0.996884623716487, learning_rate=0.13349630192554332, max_depth=4, min_child_samples=26, n_estimators=10000, num_leaves=250, reg_alpha=0.023062425041415757, reg_lambda=2.0743239807751674, scale_pos_weight=<scipy.stats._distn_infrastructure.rv_continuous_frozen object at 0x7efb9bdce010>, subsample=0.6557975442608167, subsample_freq=1; total time=   0.0s
[CV] END colsample_bytree=0.996884623716487, learning_rate=0.13349630192554332, max_depth=4, min_child_samples=26, n_estimators=10000, num_leaves=250, reg_alpha=0.023062425041415757, reg_lambda=2.0743239807751674, scale_pos_weight=<scipy.stats._distn_infrastructure.rv_continuous_frozen object at 0x7efb9bdce010>, subsample=0.6557975442608167, subsample_freq=1; total time=   0.0s
[CV] END colsample_bytree=0.7168578594140873, learning_rate=0.08327236865873834, max_depth=8, min_child_samples=66, n_estimators=10000, num_leaves=189, reg_alpha=0.6183860093330873, reg_lambda=1.6473859738014882, scale_pos_weight=2.0536485955607935, subsample=0.836965827544817, subsample_freq=1; total time=   2.3s
[CV] END colsample_bytree=0.7168578594140873, learning_rate=0.08327236865873834, max_depth=8, min_child_samples=66, n_estimators=10000, num_leaves=189, reg_alpha=0.6183860093330873, reg_lambda=1.6473859738014882, scale_pos_weight=2.0536485955607935, subsample=0.836965827544817, subsample_freq=1; total time=   2.3s
[CV] END colsample_bytree=0.7168578594140873, learning_rate=0.08327236865873834, max_depth=8, min_child_samples=66, n_estimators=10000, num_leaves=189, reg_alpha=0.6183860093330873, reg_lambda=1.6473859738014882, scale_pos_weight=2.0536485955607935, subsample=0.836965827544817, subsample_freq=1; total time=   2.2s
[CV] END colsample_bytree=0.7168578594140873, learning_rate=0.08327236865873834, max_depth=8, min_child_samples=66, n_estimators=10000, num_leaves=189, reg_alpha=0.6183860093330873, reg_lambda=1.6473859738014882, scale_pos_weight=2.0536485955607935, subsample=0.836965827544817, subsample_freq=1; total time=   2.2s
[CV] END colsample_bytree=0.7168578594140873, learning_rate=0.08327236865873834, max_depth=8, min_child_samples=66, n_estimators=10000, num_leaves=189, reg_alpha=0.6183860093330873, reg_lambda=1.6473859738014882, scale_pos_weight=2.0536485955607935, subsample=0.836965827544817, subsample_freq=1; total time=   2.2s
[CV] END colsample_bytree=0.6185801650879991, learning_rate=0.1315089703802877, max_depth=7, min_child_samples=77, n_estimators=10000, num_leaves=181, reg_alpha=0.013264961159866528, reg_lambda=3.3266052670545583, scale_pos_weight=2.0536485955607935, subsample=0.9233589392465844, subsample_freq=1; total time=   4.3s
[CV] END colsample_bytree=0.6185801650879991, learning_rate=0.1315089703802877, max_depth=7, min_child_samples=77, n_estimators=10000, num_leaves=181, reg_alpha=0.013264961159866528, reg_lambda=3.3266052670545583, scale_pos_weight=2.0536485955607935, subsample=0.9233589392465844, subsample_freq=1; total time=   4.2s
[CV] END colsample_bytree=0.6185801650879991, learning_rate=0.1315089703802877, max_depth=7, min_child_samples=77, n_estimators=10000, num_leaves=181, reg_alpha=0.013264961159866528, reg_lambda=3.3266052670545583, scale_pos_weight=2.0536485955607935, subsample=0.9233589392465844, subsample_freq=1; total time=   4.2s
[CV] END colsample_bytree=0.6185801650879991, learning_rate=0.1315089703802877, max_depth=7, min_child_samples=77, n_estimators=10000, num_leaves=181, reg_alpha=0.013264961159866528, reg_lambda=3.3266052670545583, scale_pos_weight=2.0536485955607935, subsample=0.9233589392465844, subsample_freq=1; total time=   4.2s
[CV] END colsample_bytree=0.6185801650879991, learning_rate=0.1315089703802877, max_depth=7, min_child_samples=77, n_estimators=10000, num_leaves=181, reg_alpha=0.013264961159866528, reg_lambda=3.3266052670545583, scale_pos_weight=2.0536485955607935, subsample=0.9233589392465844, subsample_freq=1; total time=   4.2s
[CV] END colsample_bytree=0.7218455076693483, learning_rate=0.02953442280127678, max_depth=6, min_child_samples=96, n_estimators=10000, num_leaves=125, reg_alpha=0.6832635188254582, reg_lambda=2.3299899733478626, scale_pos_weight=2.0536485955607935, subsample=0.6137554084460873, subsample_freq=1; total time=   3.2s
[CV] END colsample_bytree=0.7218455076693483, learning_rate=0.02953442280127678, max_depth=6, min_child_samples=96, n_estimators=10000, num_leaves=125, reg_alpha=0.6832635188254582, reg_lambda=2.3299899733478626, scale_pos_weight=2.0536485955607935, subsample=0.6137554084460873, subsample_freq=1; total time=   3.2s
[CV] END colsample_bytree=0.7218455076693483, learning_rate=0.02953442280127678, max_depth=6, min_child_samples=96, n_estimators=10000, num_leaves=125, reg_alpha=0.6832635188254582, reg_lambda=2.3299899733478626, scale_pos_weight=2.0536485955607935, subsample=0.6137554084460873, subsample_freq=1; total time=   3.2s
[CV] END colsample_bytree=0.7218455076693483, learning_rate=0.02953442280127678, max_depth=6, min_child_samples=96, n_estimators=10000, num_leaves=125, reg_alpha=0.6832635188254582, reg_lambda=2.3299899733478626, scale_pos_weight=2.0536485955607935, subsample=0.6137554084460873, subsample_freq=1; total time=   3.2s
[CV] END colsample_bytree=0.7218455076693483, learning_rate=0.02953442280127678, max_depth=6, min_child_samples=96, n_estimators=10000, num_leaves=125, reg_alpha=0.6832635188254582, reg_lambda=2.3299899733478626, scale_pos_weight=2.0536485955607935, subsample=0.6137554084460873, subsample_freq=1; total time=   3.2s
[CV] END colsample_bytree=0.9637281608315128, learning_rate=0.061755996320003385, max_depth=6, min_child_samples=6, n_estimators=10000, num_leaves=148, reg_alpha=0.20794166286818883, reg_lambda=2.2031009834599744, scale_pos_weight=<scipy.stats._distn_infrastructure.rv_continuous_frozen object at 0x7efb9bdce010>, subsample=0.9878338511058234, subsample_freq=1; total time=   0.0s
[CV] END colsample_bytree=0.9637281608315128, learning_rate=0.061755996320003385, max_depth=6, min_child_samples=6, n_estimators=10000, num_leaves=148, reg_alpha=0.20794166286818883, reg_lambda=2.2031009834599744, scale_pos_weight=<scipy.stats._distn_infrastructure.rv_continuous_frozen object at 0x7efb9bdce010>, subsample=0.9878338511058234, subsample_freq=1; total time=   0.0s
[CV] END colsample_bytree=0.9637281608315128, learning_rate=0.061755996320003385, max_depth=6, min_child_samples=6, n_estimators=10000, num_leaves=148, reg_alpha=0.20794166286818883, reg_lambda=2.2031009834599744, scale_pos_weight=<scipy.stats._distn_infrastructure.rv_continuous_frozen object at 0x7efb9bdce010>, subsample=0.9878338511058234, subsample_freq=1; total time=   0.0s
[CV] END colsample_bytree=0.9637281608315128, learning_rate=0.061755996320003385, max_depth=6, min_child_samples=6, n_estimators=10000, num_leaves=148, reg_alpha=0.20794166286818883, reg_lambda=2.2031009834599744, scale_pos_weight=<scipy.stats._distn_infrastructure.rv_continuous_frozen object at 0x7efb9bdce010>, subsample=0.9878338511058234, subsample_freq=1; total time=   0.0s
[CV] END colsample_bytree=0.9637281608315128, learning_rate=0.061755996320003385, max_depth=6, min_child_samples=6, n_estimators=10000, num_leaves=148, reg_alpha=0.20794166286818883, reg_lambda=2.2031009834599744, scale_pos_weight=<scipy.stats._distn_infrastructure.rv_continuous_frozen object at 0x7efb9bdce010>, subsample=0.9878338511058234, subsample_freq=1; total time=   0.0s
[CV] END colsample_bytree=0.9100531293444458, learning_rate=0.19789978831283783, max_depth=8, min_child_samples=18, n_estimators=10000, num_leaves=109, reg_alpha=0.9218742350231168, reg_lambda=0.7654775061557585, scale_pos_weight=<scipy.stats._distn_infrastructure.rv_continuous_frozen object at 0x7efb9bdce010>, subsample=0.8083337040103294, subsample_freq=1; total time=   0.0s
[CV] END colsample_bytree=0.9100531293444458, learning_rate=0.19789978831283783, max_depth=8, min_child_samples=18, n_estimators=10000, num_leaves=109, reg_alpha=0.9218742350231168, reg_lambda=0.7654775061557585, scale_pos_weight=<scipy.stats._distn_infrastructure.rv_continuous_frozen object at 0x7efb9bdce010>, subsample=0.8083337040103294, subsample_freq=1; total time=   0.0s
[CV] END colsample_bytree=0.9100531293444458, learning_rate=0.19789978831283783, max_depth=8, min_child_samples=18, n_estimators=10000, num_leaves=109, reg_alpha=0.9218742350231168, reg_lambda=0.7654775061557585, scale_pos_weight=<scipy.stats._distn_infrastructure.rv_continuous_frozen object at 0x7efb9bdce010>, subsample=0.8083337040103294, subsample_freq=1; total time=   0.0s
[CV] END colsample_bytree=0.9100531293444458, learning_rate=0.19789978831283783, max_depth=8, min_child_samples=18, n_estimators=10000, num_leaves=109, reg_alpha=0.9218742350231168, reg_lambda=0.7654775061557585, scale_pos_weight=<scipy.stats._distn_infrastructure.rv_continuous_frozen object at 0x7efb9bdce010>, subsample=0.8083337040103294, subsample_freq=1; total time=   0.0s
[CV] END colsample_bytree=0.9100531293444458, learning_rate=0.19789978831283783, max_depth=8, min_child_samples=18, n_estimators=10000, num_leaves=109, reg_alpha=0.9218742350231168, reg_lambda=0.7654775061557585, scale_pos_weight=<scipy.stats._distn_infrastructure.rv_continuous_frozen object at 0x7efb9bdce010>, subsample=0.8083337040103294, subsample_freq=1; total time=   0.0s
[CV] END colsample_bytree=0.9844688097397396, learning_rate=0.1789067697356303, max_depth=7, min_child_samples=86, n_estimators=10000, num_leaves=125, reg_alpha=0.8287375091519293, reg_lambda=1.5702599800807677, scale_pos_weight=2.0536485955607935, subsample=0.8428136990746738, subsample_freq=1; total time=   1.6s
[CV] END colsample_bytree=0.9844688097397396, learning_rate=0.1789067697356303, max_depth=7, min_child_samples=86, n_estimators=10000, num_leaves=125, reg_alpha=0.8287375091519293, reg_lambda=1.5702599800807677, scale_pos_weight=2.0536485955607935, subsample=0.8428136990746738, subsample_freq=1; total time=   1.6s
[CV] END colsample_bytree=0.9844688097397396, learning_rate=0.1789067697356303, max_depth=7, min_child_samples=86, n_estimators=10000, num_leaves=125, reg_alpha=0.8287375091519293, reg_lambda=1.5702599800807677, scale_pos_weight=2.0536485955607935, subsample=0.8428136990746738, subsample_freq=1; total time=   1.5s
[CV] END colsample_bytree=0.9844688097397396, learning_rate=0.1789067697356303, max_depth=7, min_child_samples=86, n_estimators=10000, num_leaves=125, reg_alpha=0.8287375091519293, reg_lambda=1.5702599800807677, scale_pos_weight=2.0536485955607935, subsample=0.8428136990746738, subsample_freq=1; total time=   1.5s
[CV] END colsample_bytree=0.9844688097397396, learning_rate=0.1789067697356303, max_depth=7, min_child_samples=86, n_estimators=10000, num_leaves=125, reg_alpha=0.8287375091519293, reg_lambda=1.5702599800807677, scale_pos_weight=2.0536485955607935, subsample=0.8428136990746738, subsample_freq=1; total time=   1.6s
[CV] END colsample_bytree=0.7103996728090174, learning_rate=0.06925470114081649, max_depth=7, min_child_samples=69, n_estimators=10000, num_leaves=103, reg_alpha=0.9868869366005173, reg_lambda=2.8167343078899725, scale_pos_weight=2.0536485955607935, subsample=0.7173952698872152, subsample_freq=1; total time=   2.6s
[CV] END colsample_bytree=0.7103996728090174, learning_rate=0.06925470114081649, max_depth=7, min_child_samples=69, n_estimators=10000, num_leaves=103, reg_alpha=0.9868869366005173, reg_lambda=2.8167343078899725, scale_pos_weight=2.0536485955607935, subsample=0.7173952698872152, subsample_freq=1; total time=   2.6s
[CV] END colsample_bytree=0.7103996728090174, learning_rate=0.06925470114081649, max_depth=7, min_child_samples=69, n_estimators=10000, num_leaves=103, reg_alpha=0.9868869366005173, reg_lambda=2.8167343078899725, scale_pos_weight=2.0536485955607935, subsample=0.7173952698872152, subsample_freq=1; total time=   2.5s
[CV] END colsample_bytree=0.7103996728090174, learning_rate=0.06925470114081649, max_depth=7, min_child_samples=69, n_estimators=10000, num_leaves=103, reg_alpha=0.9868869366005173, reg_lambda=2.8167343078899725, scale_pos_weight=2.0536485955607935, subsample=0.7173952698872152, subsample_freq=1; total time=   2.5s
[CV] END colsample_bytree=0.7103996728090174, learning_rate=0.06925470114081649, max_depth=7, min_child_samples=69, n_estimators=10000, num_leaves=103, reg_alpha=0.9868869366005173, reg_lambda=2.8167343078899725, scale_pos_weight=2.0536485955607935, subsample=0.7173952698872152, subsample_freq=1; total time=   2.5s
[CV] END colsample_bytree=0.6056319290860338, learning_rate=0.049768480817761036, max_depth=5, min_child_samples=39, n_estimators=10000, num_leaves=47, reg_alpha=0.6059599747810114, reg_lambda=3.278902635540047, scale_pos_weight=2.0536485955607935, subsample=0.6463476238100518, subsample_freq=1; total time=   3.0s
[CV] END colsample_bytree=0.6056319290860338, learning_rate=0.049768480817761036, max_depth=5, min_child_samples=39, n_estimators=10000, num_leaves=47, reg_alpha=0.6059599747810114, reg_lambda=3.278902635540047, scale_pos_weight=2.0536485955607935, subsample=0.6463476238100518, subsample_freq=1; total time=   3.0s
[CV] END colsample_bytree=0.6056319290860338, learning_rate=0.049768480817761036, max_depth=5, min_child_samples=39, n_estimators=10000, num_leaves=47, reg_alpha=0.6059599747810114, reg_lambda=3.278902635540047, scale_pos_weight=2.0536485955607935, subsample=0.6463476238100518, subsample_freq=1; total time=   3.0s
[CV] END colsample_bytree=0.6056319290860338, learning_rate=0.049768480817761036, max_depth=5, min_child_samples=39, n_estimators=10000, num_leaves=47, reg_alpha=0.6059599747810114, reg_lambda=3.278902635540047, scale_pos_weight=2.0536485955607935, subsample=0.6463476238100518, subsample_freq=1; total time=   2.9s
[CV] END colsample_bytree=0.6056319290860338, learning_rate=0.049768480817761036, max_depth=5, min_child_samples=39, n_estimators=10000, num_leaves=47, reg_alpha=0.6059599747810114, reg_lambda=3.278902635540047, scale_pos_weight=2.0536485955607935, subsample=0.6463476238100518, subsample_freq=1; total time=   3.0s
[CV] END colsample_bytree=0.9452413703502374, learning_rate=0.1346596253655116, max_depth=4, min_child_samples=37, n_estimators=10000, num_leaves=62, reg_alpha=0.37081825219826636, reg_lambda=2.5065237579908217, scale_pos_weight=<scipy.stats._distn_infrastructure.rv_continuous_frozen object at 0x7efb9bdce010>, subsample=0.8918424713352255, subsample_freq=1; total time=   0.0s
[CV] END colsample_bytree=0.9452413703502374, learning_rate=0.1346596253655116, max_depth=4, min_child_samples=37, n_estimators=10000, num_leaves=62, reg_alpha=0.37081825219826636, reg_lambda=2.5065237579908217, scale_pos_weight=<scipy.stats._distn_infrastructure.rv_continuous_frozen object at 0x7efb9bdce010>, subsample=0.8918424713352255, subsample_freq=1; total time=   0.0s
[CV] END colsample_bytree=0.9452413703502374, learning_rate=0.1346596253655116, max_depth=4, min_child_samples=37, n_estimators=10000, num_leaves=62, reg_alpha=0.37081825219826636, reg_lambda=2.5065237579908217, scale_pos_weight=<scipy.stats._distn_infrastructure.rv_continuous_frozen object at 0x7efb9bdce010>, subsample=0.8918424713352255, subsample_freq=1; total time=   0.0s
[CV] END colsample_bytree=0.9452413703502374, learning_rate=0.1346596253655116, max_depth=4, min_child_samples=37, n_estimators=10000, num_leaves=62, reg_alpha=0.37081825219826636, reg_lambda=2.5065237579908217, scale_pos_weight=<scipy.stats._distn_infrastructure.rv_continuous_frozen object at 0x7efb9bdce010>, subsample=0.8918424713352255, subsample_freq=1; total time=   0.0s
[CV] END colsample_bytree=0.9452413703502374, learning_rate=0.1346596253655116, max_depth=4, min_child_samples=37, n_estimators=10000, num_leaves=62, reg_alpha=0.37081825219826636, reg_lambda=2.5065237579908217, scale_pos_weight=<scipy.stats._distn_infrastructure.rv_continuous_frozen object at 0x7efb9bdce010>, subsample=0.8918424713352255, subsample_freq=1; total time=   0.0s
[CV] END colsample_bytree=0.8550229885420852, learning_rate=0.18744254851526532, max_depth=3, min_child_samples=51, n_estimators=10000, num_leaves=220, reg_alpha=0.8489138242660839, reg_lambda=2.6651885634946195, scale_pos_weight=<scipy.stats._distn_infrastructure.rv_continuous_frozen object at 0x7efb9bdce010>, subsample=0.9083868719818244, subsample_freq=1; total time=   0.0s
[CV] END colsample_bytree=0.8550229885420852, learning_rate=0.18744254851526532, max_depth=3, min_child_samples=51, n_estimators=10000, num_leaves=220, reg_alpha=0.8489138242660839, reg_lambda=2.6651885634946195, scale_pos_weight=<scipy.stats._distn_infrastructure.rv_continuous_frozen object at 0x7efb9bdce010>, subsample=0.9083868719818244, subsample_freq=1; total time=   0.0s
[CV] END colsample_bytree=0.8550229885420852, learning_rate=0.18744254851526532, max_depth=3, min_child_samples=51, n_estimators=10000, num_leaves=220, reg_alpha=0.8489138242660839, reg_lambda=2.6651885634946195, scale_pos_weight=<scipy.stats._distn_infrastructure.rv_continuous_frozen object at 0x7efb9bdce010>, subsample=0.9083868719818244, subsample_freq=1; total time=   0.0s
[CV] END colsample_bytree=0.8550229885420852, learning_rate=0.18744254851526532, max_depth=3, min_child_samples=51, n_estimators=10000, num_leaves=220, reg_alpha=0.8489138242660839, reg_lambda=2.6651885634946195, scale_pos_weight=<scipy.stats._distn_infrastructure.rv_continuous_frozen object at 0x7efb9bdce010>, subsample=0.9083868719818244, subsample_freq=1; total time=   0.0s
[CV] END colsample_bytree=0.8550229885420852, learning_rate=0.18744254851526532, max_depth=3, min_child_samples=51, n_estimators=10000, num_leaves=220, reg_alpha=0.8489138242660839, reg_lambda=2.6651885634946195, scale_pos_weight=<scipy.stats._distn_infrastructure.rv_continuous_frozen object at 0x7efb9bdce010>, subsample=0.9083868719818244, subsample_freq=1; total time=   0.0s
[CV] END colsample_bytree=0.7975182385457563, learning_rate=0.11454656587639882, max_depth=9, min_child_samples=94, n_estimators=10000, num_leaves=56, reg_alpha=0.4393365018657701, reg_lambda=1.1051576070061886, scale_pos_weight=2.0536485955607935, subsample=0.8545641645055122, subsample_freq=1; total time=   2.0s
[CV] END colsample_bytree=0.7975182385457563, learning_rate=0.11454656587639882, max_depth=9, min_child_samples=94, n_estimators=10000, num_leaves=56, reg_alpha=0.4393365018657701, reg_lambda=1.1051576070061886, scale_pos_weight=2.0536485955607935, subsample=0.8545641645055122, subsample_freq=1; total time=   2.0s
[CV] END colsample_bytree=0.7975182385457563, learning_rate=0.11454656587639882, max_depth=9, min_child_samples=94, n_estimators=10000, num_leaves=56, reg_alpha=0.4393365018657701, reg_lambda=1.1051576070061886, scale_pos_weight=2.0536485955607935, subsample=0.8545641645055122, subsample_freq=1; total time=   1.9s
[CV] END colsample_bytree=0.7975182385457563, learning_rate=0.11454656587639882, max_depth=9, min_child_samples=94, n_estimators=10000, num_leaves=56, reg_alpha=0.4393365018657701, reg_lambda=1.1051576070061886, scale_pos_weight=2.0536485955607935, subsample=0.8545641645055122, subsample_freq=1; total time=   1.9s
[CV] END colsample_bytree=0.7975182385457563, learning_rate=0.11454656587639882, max_depth=9, min_child_samples=94, n_estimators=10000, num_leaves=56, reg_alpha=0.4393365018657701, reg_lambda=1.1051576070061886, scale_pos_weight=2.0536485955607935, subsample=0.8545641645055122, subsample_freq=1; total time=   2.0s
[CV] END colsample_bytree=0.7257423924305306, learning_rate=0.11171413823294056, max_depth=8, min_child_samples=27, n_estimators=10000, num_leaves=245, reg_alpha=0.41038292303562973, reg_lambda=2.766653415629146, scale_pos_weight=2.0536485955607935, subsample=0.9771414282231924, subsample_freq=1; total time=   1.7s
[CV] END colsample_bytree=0.7257423924305306, learning_rate=0.11171413823294056, max_depth=8, min_child_samples=27, n_estimators=10000, num_leaves=245, reg_alpha=0.41038292303562973, reg_lambda=2.766653415629146, scale_pos_weight=2.0536485955607935, subsample=0.9771414282231924, subsample_freq=1; total time=   1.7s
[CV] END colsample_bytree=0.7257423924305306, learning_rate=0.11171413823294056, max_depth=8, min_child_samples=27, n_estimators=10000, num_leaves=245, reg_alpha=0.41038292303562973, reg_lambda=2.766653415629146, scale_pos_weight=2.0536485955607935, subsample=0.9771414282231924, subsample_freq=1; total time=   1.7s
[CV] END colsample_bytree=0.7257423924305306, learning_rate=0.11171413823294056, max_depth=8, min_child_samples=27, n_estimators=10000, num_leaves=245, reg_alpha=0.41038292303562973, reg_lambda=2.766653415629146, scale_pos_weight=2.0536485955607935, subsample=0.9771414282231924, subsample_freq=1; total time=   1.7s
[CV] END colsample_bytree=0.7257423924305306, learning_rate=0.11171413823294056, max_depth=8, min_child_samples=27, n_estimators=10000, num_leaves=245, reg_alpha=0.41038292303562973, reg_lambda=2.766653415629146, scale_pos_weight=2.0536485955607935, subsample=0.9771414282231924, subsample_freq=1; total time=   1.7s
[CV] END colsample_bytree=0.8395461865954144, learning_rate=0.14895698660794093, max_depth=6, min_child_samples=70, n_estimators=10000, num_leaves=184, reg_alpha=0.808120379564417, reg_lambda=2.4002112695312703, scale_pos_weight=2.0536485955607935, subsample=0.782613828193164, subsample_freq=1; total time=   1.8s
[CV] END colsample_bytree=0.8395461865954144, learning_rate=0.14895698660794093, max_depth=6, min_child_samples=70, n_estimators=10000, num_leaves=184, reg_alpha=0.808120379564417, reg_lambda=2.4002112695312703, scale_pos_weight=2.0536485955607935, subsample=0.782613828193164, subsample_freq=1; total time=   1.8s
[CV] END colsample_bytree=0.8395461865954144, learning_rate=0.14895698660794093, max_depth=6, min_child_samples=70, n_estimators=10000, num_leaves=184, reg_alpha=0.808120379564417, reg_lambda=2.4002112695312703, scale_pos_weight=2.0536485955607935, subsample=0.782613828193164, subsample_freq=1; total time=   1.8s
[CV] END colsample_bytree=0.8395461865954144, learning_rate=0.14895698660794093, max_depth=6, min_child_samples=70, n_estimators=10000, num_leaves=184, reg_alpha=0.808120379564417, reg_lambda=2.4002112695312703, scale_pos_weight=2.0536485955607935, subsample=0.782613828193164, subsample_freq=1; total time=   1.8s
[CV] END colsample_bytree=0.8395461865954144, learning_rate=0.14895698660794093, max_depth=6, min_child_samples=70, n_estimators=10000, num_leaves=184, reg_alpha=0.808120379564417, reg_lambda=2.4002112695312703, scale_pos_weight=2.0536485955607935, subsample=0.782613828193164, subsample_freq=1; total time=   1.8s
[CV] END colsample_bytree=0.6873761748867334, learning_rate=0.09330198957407325, max_depth=8, min_child_samples=79, n_estimators=10000, num_leaves=142, reg_alpha=0.8074401551640625, reg_lambda=3.1882738997704796, scale_pos_weight=<scipy.stats._distn_infrastructure.rv_continuous_frozen object at 0x7efb9bdce010>, subsample=0.9627313766183017, subsample_freq=1; total time=   0.0s
[CV] END colsample_bytree=0.6873761748867334, learning_rate=0.09330198957407325, max_depth=8, min_child_samples=79, n_estimators=10000, num_leaves=142, reg_alpha=0.8074401551640625, reg_lambda=3.1882738997704796, scale_pos_weight=<scipy.stats._distn_infrastructure.rv_continuous_frozen object at 0x7efb9bdce010>, subsample=0.9627313766183017, subsample_freq=1; total time=   0.0s
[CV] END colsample_bytree=0.6873761748867334, learning_rate=0.09330198957407325, max_depth=8, min_child_samples=79, n_estimators=10000, num_leaves=142, reg_alpha=0.8074401551640625, reg_lambda=3.1882738997704796, scale_pos_weight=<scipy.stats._distn_infrastructure.rv_continuous_frozen object at 0x7efb9bdce010>, subsample=0.9627313766183017, subsample_freq=1; total time=   0.0s
[CV] END colsample_bytree=0.6873761748867334, learning_rate=0.09330198957407325, max_depth=8, min_child_samples=79, n_estimators=10000, num_leaves=142, reg_alpha=0.8074401551640625, reg_lambda=3.1882738997704796, scale_pos_weight=<scipy.stats._distn_infrastructure.rv_continuous_frozen object at 0x7efb9bdce010>, subsample=0.9627313766183017, subsample_freq=1; total time=   0.0s
[CV] END colsample_bytree=0.6873761748867334, learning_rate=0.09330198957407325, max_depth=8, min_child_samples=79, n_estimators=10000, num_leaves=142, reg_alpha=0.8074401551640625, reg_lambda=3.1882738997704796, scale_pos_weight=<scipy.stats._distn_infrastructure.rv_continuous_frozen object at 0x7efb9bdce010>, subsample=0.9627313766183017, subsample_freq=1; total time=   0.0s
[CV] END colsample_bytree=0.7088528997538541, learning_rate=0.13953802410827248, max_depth=3, min_child_samples=81, n_estimators=10000, num_leaves=247, reg_alpha=0.30478125815802903, reg_lambda=0.9939675594288252, scale_pos_weight=<scipy.stats._distn_infrastructure.rv_continuous_frozen object at 0x7efb9bdce010>, subsample=0.7669644012595116, subsample_freq=1; total time=   0.0s
[CV] END colsample_bytree=0.7088528997538541, learning_rate=0.13953802410827248, max_depth=3, min_child_samples=81, n_estimators=10000, num_leaves=247, reg_alpha=0.30478125815802903, reg_lambda=0.9939675594288252, scale_pos_weight=<scipy.stats._distn_infrastructure.rv_continuous_frozen object at 0x7efb9bdce010>, subsample=0.7669644012595116, subsample_freq=1; total time=   0.0s
[CV] END colsample_bytree=0.7088528997538541, learning_rate=0.13953802410827248, max_depth=3, min_child_samples=81, n_estimators=10000, num_leaves=247, reg_alpha=0.30478125815802903, reg_lambda=0.9939675594288252, scale_pos_weight=<scipy.stats._distn_infrastructure.rv_continuous_frozen object at 0x7efb9bdce010>, subsample=0.7669644012595116, subsample_freq=1; total time=   0.0s
[CV] END colsample_bytree=0.7088528997538541, learning_rate=0.13953802410827248, max_depth=3, min_child_samples=81, n_estimators=10000, num_leaves=247, reg_alpha=0.30478125815802903, reg_lambda=0.9939675594288252, scale_pos_weight=<scipy.stats._distn_infrastructure.rv_continuous_frozen object at 0x7efb9bdce010>, subsample=0.7669644012595116, subsample_freq=1; total time=   0.0s
[CV] END colsample_bytree=0.7088528997538541, learning_rate=0.13953802410827248, max_depth=3, min_child_samples=81, n_estimators=10000, num_leaves=247, reg_alpha=0.30478125815802903, reg_lambda=0.9939675594288252, scale_pos_weight=<scipy.stats._distn_infrastructure.rv_continuous_frozen object at 0x7efb9bdce010>, subsample=0.7669644012595116, subsample_freq=1; total time=   0.0s
[CV] END colsample_bytree=0.6888431241882921, learning_rate=0.033973073466736566, max_depth=6, min_child_samples=28, n_estimators=10000, num_leaves=221, reg_alpha=0.16829104217293056, reg_lambda=1.1562926587192108, scale_pos_weight=2.0536485955607935, subsample=0.881207583558071, subsample_freq=1; total time=   4.0s
[CV] END colsample_bytree=0.6888431241882921, learning_rate=0.033973073466736566, max_depth=6, min_child_samples=28, n_estimators=10000, num_leaves=221, reg_alpha=0.16829104217293056, reg_lambda=1.1562926587192108, scale_pos_weight=2.0536485955607935, subsample=0.881207583558071, subsample_freq=1; total time=   4.0s
[CV] END colsample_bytree=0.6888431241882921, learning_rate=0.033973073466736566, max_depth=6, min_child_samples=28, n_estimators=10000, num_leaves=221, reg_alpha=0.16829104217293056, reg_lambda=1.1562926587192108, scale_pos_weight=2.0536485955607935, subsample=0.881207583558071, subsample_freq=1; total time=   3.9s
[CV] END colsample_bytree=0.6888431241882921, learning_rate=0.033973073466736566, max_depth=6, min_child_samples=28, n_estimators=10000, num_leaves=221, reg_alpha=0.16829104217293056, reg_lambda=1.1562926587192108, scale_pos_weight=2.0536485955607935, subsample=0.881207583558071, subsample_freq=1; total time=   3.8s
[CV] END colsample_bytree=0.6888431241882921, learning_rate=0.033973073466736566, max_depth=6, min_child_samples=28, n_estimators=10000, num_leaves=221, reg_alpha=0.16829104217293056, reg_lambda=1.1562926587192108, scale_pos_weight=2.0536485955607935, subsample=0.881207583558071, subsample_freq=1; total time=   4.0s
[CV] END colsample_bytree=0.7454518409517176, learning_rate=0.20435641654419215, max_depth=6, min_child_samples=16, n_estimators=10000, num_leaves=53, reg_alpha=0.49724850589238545, reg_lambda=1.402634929450309, scale_pos_weight=<scipy.stats._distn_infrastructure.rv_continuous_frozen object at 0x7efb9bdce010>, subsample=0.9990961940195767, subsample_freq=1; total time=   0.0s
[CV] END colsample_bytree=0.7454518409517176, learning_rate=0.20435641654419215, max_depth=6, min_child_samples=16, n_estimators=10000, num_leaves=53, reg_alpha=0.49724850589238545, reg_lambda=1.402634929450309, scale_pos_weight=<scipy.stats._distn_infrastructure.rv_continuous_frozen object at 0x7efb9bdce010>, subsample=0.9990961940195767, subsample_freq=1; total time=   0.0s
[CV] END colsample_bytree=0.7454518409517176, learning_rate=0.20435641654419215, max_depth=6, min_child_samples=16, n_estimators=10000, num_leaves=53, reg_alpha=0.49724850589238545, reg_lambda=1.402634929450309, scale_pos_weight=<scipy.stats._distn_infrastructure.rv_continuous_frozen object at 0x7efb9bdce010>, subsample=0.9990961940195767, subsample_freq=1; total time=   0.0s
[CV] END colsample_bytree=0.7454518409517176, learning_rate=0.20435641654419215, max_depth=6, min_child_samples=16, n_estimators=10000, num_leaves=53, reg_alpha=0.49724850589238545, reg_lambda=1.402634929450309, scale_pos_weight=<scipy.stats._distn_infrastructure.rv_continuous_frozen object at 0x7efb9bdce010>, subsample=0.9990961940195767, subsample_freq=1; total time=   0.0s
[CV] END colsample_bytree=0.7454518409517176, learning_rate=0.20435641654419215, max_depth=6, min_child_samples=16, n_estimators=10000, num_leaves=53, reg_alpha=0.49724850589238545, reg_lambda=1.402634929450309, scale_pos_weight=<scipy.stats._distn_infrastructure.rv_continuous_frozen object at 0x7efb9bdce010>, subsample=0.9990961940195767, subsample_freq=1; total time=   0.0s
[CV] END colsample_bytree=0.706712405710114, learning_rate=0.2053229911665306, max_depth=6, min_child_samples=58, n_estimators=10000, num_leaves=101, reg_alpha=0.27864646423661144, reg_lambda=3.224797657899961, scale_pos_weight=<scipy.stats._distn_infrastructure.rv_continuous_frozen object at 0x7efb9bdce010>, subsample=0.8722821806219068, subsample_freq=1; total time=   0.0s
[CV] END colsample_bytree=0.706712405710114, learning_rate=0.2053229911665306, max_depth=6, min_child_samples=58, n_estimators=10000, num_leaves=101, reg_alpha=0.27864646423661144, reg_lambda=3.224797657899961, scale_pos_weight=<scipy.stats._distn_infrastructure.rv_continuous_frozen object at 0x7efb9bdce010>, subsample=0.8722821806219068, subsample_freq=1; total time=   0.0s
[CV] END colsample_bytree=0.706712405710114, learning_rate=0.2053229911665306, max_depth=6, min_child_samples=58, n_estimators=10000, num_leaves=101, reg_alpha=0.27864646423661144, reg_lambda=3.224797657899961, scale_pos_weight=<scipy.stats._distn_infrastructure.rv_continuous_frozen object at 0x7efb9bdce010>, subsample=0.8722821806219068, subsample_freq=1; total time=   0.0s
[CV] END colsample_bytree=0.706712405710114, learning_rate=0.2053229911665306, max_depth=6, min_child_samples=58, n_estimators=10000, num_leaves=101, reg_alpha=0.27864646423661144, reg_lambda=3.224797657899961, scale_pos_weight=<scipy.stats._distn_infrastructure.rv_continuous_frozen object at 0x7efb9bdce010>, subsample=0.8722821806219068, subsample_freq=1; total time=   0.0s
[CV] END colsample_bytree=0.706712405710114, learning_rate=0.2053229911665306, max_depth=6, min_child_samples=58, n_estimators=10000, num_leaves=101, reg_alpha=0.27864646423661144, reg_lambda=3.224797657899961, scale_pos_weight=<scipy.stats._distn_infrastructure.rv_continuous_frozen object at 0x7efb9bdce010>, subsample=0.8722821806219068, subsample_freq=1; total time=   0.0s
[CV] END colsample_bytree=0.8123738333268545, learning_rate=0.09955663291461833, max_depth=8, min_child_samples=36, n_estimators=10000, num_leaves=82, reg_alpha=0.08085332633271525, reg_lambda=1.6089633681842135, scale_pos_weight=<scipy.stats._distn_infrastructure.rv_continuous_frozen object at 0x7efb9bdce010>, subsample=0.8912865394447438, subsample_freq=1; total time=   0.0s
[CV] END colsample_bytree=0.8123738333268545, learning_rate=0.09955663291461833, max_depth=8, min_child_samples=36, n_estimators=10000, num_leaves=82, reg_alpha=0.08085332633271525, reg_lambda=1.6089633681842135, scale_pos_weight=<scipy.stats._distn_infrastructure.rv_continuous_frozen object at 0x7efb9bdce010>, subsample=0.8912865394447438, subsample_freq=1; total time=   0.0s
[CV] END colsample_bytree=0.8123738333268545, learning_rate=0.09955663291461833, max_depth=8, min_child_samples=36, n_estimators=10000, num_leaves=82, reg_alpha=0.08085332633271525, reg_lambda=1.6089633681842135, scale_pos_weight=<scipy.stats._distn_infrastructure.rv_continuous_frozen object at 0x7efb9bdce010>, subsample=0.8912865394447438, subsample_freq=1; total time=   0.0s
[CV] END colsample_bytree=0.8123738333268545, learning_rate=0.09955663291461833, max_depth=8, min_child_samples=36, n_estimators=10000, num_leaves=82, reg_alpha=0.08085332633271525, reg_lambda=1.6089633681842135, scale_pos_weight=<scipy.stats._distn_infrastructure.rv_continuous_frozen object at 0x7efb9bdce010>, subsample=0.8912865394447438, subsample_freq=1; total time=   0.0s
[CV] END colsample_bytree=0.8123738333268545, learning_rate=0.09955663291461833, max_depth=8, min_child_samples=36, n_estimators=10000, num_leaves=82, reg_alpha=0.08085332633271525, reg_lambda=1.6089633681842135, scale_pos_weight=<scipy.stats._distn_infrastructure.rv_continuous_frozen object at 0x7efb9bdce010>, subsample=0.8912865394447438, subsample_freq=1; total time=   0.0s
[CV] END colsample_bytree=0.7471132530877013, learning_rate=0.13646116611871592, max_depth=8, min_child_samples=90, n_estimators=10000, num_leaves=153, reg_alpha=0.8164318732193839, reg_lambda=2.8950353749536535, scale_pos_weight=<scipy.stats._distn_infrastructure.rv_continuous_frozen object at 0x7efb9bdce010>, subsample=0.7283120259886944, subsample_freq=1; total time=   0.0s
[CV] END colsample_bytree=0.7471132530877013, learning_rate=0.13646116611871592, max_depth=8, min_child_samples=90, n_estimators=10000, num_leaves=153, reg_alpha=0.8164318732193839, reg_lambda=2.8950353749536535, scale_pos_weight=<scipy.stats._distn_infrastructure.rv_continuous_frozen object at 0x7efb9bdce010>, subsample=0.7283120259886944, subsample_freq=1; total time=   0.0s
[CV] END colsample_bytree=0.7471132530877013, learning_rate=0.13646116611871592, max_depth=8, min_child_samples=90, n_estimators=10000, num_leaves=153, reg_alpha=0.8164318732193839, reg_lambda=2.8950353749536535, scale_pos_weight=<scipy.stats._distn_infrastructure.rv_continuous_frozen object at 0x7efb9bdce010>, subsample=0.7283120259886944, subsample_freq=1; total time=   0.0s
[CV] END colsample_bytree=0.7471132530877013, learning_rate=0.13646116611871592, max_depth=8, min_child_samples=90, n_estimators=10000, num_leaves=153, reg_alpha=0.8164318732193839, reg_lambda=2.8950353749536535, scale_pos_weight=<scipy.stats._distn_infrastructure.rv_continuous_frozen object at 0x7efb9bdce010>, subsample=0.7283120259886944, subsample_freq=1; total time=   0.0s
[CV] END colsample_bytree=0.7471132530877013, learning_rate=0.13646116611871592, max_depth=8, min_child_samples=90, n_estimators=10000, num_leaves=153, reg_alpha=0.8164318732193839, reg_lambda=2.8950353749536535, scale_pos_weight=<scipy.stats._distn_infrastructure.rv_continuous_frozen object at 0x7efb9bdce010>, subsample=0.7283120259886944, subsample_freq=1; total time=   0.0s
[CV] END colsample_bytree=0.6746074041599417, learning_rate=0.018155028310952784, max_depth=6, min_child_samples=63, n_estimators=10000, num_leaves=178, reg_alpha=0.016587828927856152, reg_lambda=2.036279174897843, scale_pos_weight=<scipy.stats._distn_infrastructure.rv_continuous_frozen object at 0x7efb9bdce010>, subsample=0.7394663949166917, subsample_freq=1; total time=   0.0s
[CV] END colsample_bytree=0.6746074041599417, learning_rate=0.018155028310952784, max_depth=6, min_child_samples=63, n_estimators=10000, num_leaves=178, reg_alpha=0.016587828927856152, reg_lambda=2.036279174897843, scale_pos_weight=<scipy.stats._distn_infrastructure.rv_continuous_frozen object at 0x7efb9bdce010>, subsample=0.7394663949166917, subsample_freq=1; total time=   0.0s
[CV] END colsample_bytree=0.6746074041599417, learning_rate=0.018155028310952784, max_depth=6, min_child_samples=63, n_estimators=10000, num_leaves=178, reg_alpha=0.016587828927856152, reg_lambda=2.036279174897843, scale_pos_weight=<scipy.stats._distn_infrastructure.rv_continuous_frozen object at 0x7efb9bdce010>, subsample=0.7394663949166917, subsample_freq=1; total time=   0.0s
[CV] END colsample_bytree=0.6746074041599417, learning_rate=0.018155028310952784, max_depth=6, min_child_samples=63, n_estimators=10000, num_leaves=178, reg_alpha=0.016587828927856152, reg_lambda=2.036279174897843, scale_pos_weight=<scipy.stats._distn_infrastructure.rv_continuous_frozen object at 0x7efb9bdce010>, subsample=0.7394663949166917, subsample_freq=1; total time=   0.0s
[CV] END colsample_bytree=0.6746074041599417, learning_rate=0.018155028310952784, max_depth=6, min_child_samples=63, n_estimators=10000, num_leaves=178, reg_alpha=0.016587828927856152, reg_lambda=2.036279174897843, scale_pos_weight=<scipy.stats._distn_infrastructure.rv_continuous_frozen object at 0x7efb9bdce010>, subsample=0.7394663949166917, subsample_freq=1; total time=   0.0s
[CV] END colsample_bytree=0.6384706204365683, learning_rate=0.1981046528979208, max_depth=9, min_child_samples=86, n_estimators=10000, num_leaves=118, reg_alpha=0.13752094414599325, reg_lambda=1.5231990531507755, scale_pos_weight=<scipy.stats._distn_infrastructure.rv_continuous_frozen object at 0x7efb9bdce010>, subsample=0.6836286482950855, subsample_freq=1; total time=   0.0s
[CV] END colsample_bytree=0.6384706204365683, learning_rate=0.1981046528979208, max_depth=9, min_child_samples=86, n_estimators=10000, num_leaves=118, reg_alpha=0.13752094414599325, reg_lambda=1.5231990531507755, scale_pos_weight=<scipy.stats._distn_infrastructure.rv_continuous_frozen object at 0x7efb9bdce010>, subsample=0.6836286482950855, subsample_freq=1; total time=   0.0s
[CV] END colsample_bytree=0.6384706204365683, learning_rate=0.1981046528979208, max_depth=9, min_child_samples=86, n_estimators=10000, num_leaves=118, reg_alpha=0.13752094414599325, reg_lambda=1.5231990531507755, scale_pos_weight=<scipy.stats._distn_infrastructure.rv_continuous_frozen object at 0x7efb9bdce010>, subsample=0.6836286482950855, subsample_freq=1; total time=   0.0s
[CV] END colsample_bytree=0.6384706204365683, learning_rate=0.1981046528979208, max_depth=9, min_child_samples=86, n_estimators=10000, num_leaves=118, reg_alpha=0.13752094414599325, reg_lambda=1.5231990531507755, scale_pos_weight=<scipy.stats._distn_infrastructure.rv_continuous_frozen object at 0x7efb9bdce010>, subsample=0.6836286482950855, subsample_freq=1; total time=   0.0s
[CV] END colsample_bytree=0.6384706204365683, learning_rate=0.1981046528979208, max_depth=9, min_child_samples=86, n_estimators=10000, num_leaves=118, reg_alpha=0.13752094414599325, reg_lambda=1.5231990531507755, scale_pos_weight=<scipy.stats._distn_infrastructure.rv_continuous_frozen object at 0x7efb9bdce010>, subsample=0.6836286482950855, subsample_freq=1; total time=   0.0s
[CV] END colsample_bytree=0.8165791895310264, learning_rate=0.14915687986901646, max_depth=9, min_child_samples=20, n_estimators=10000, num_leaves=104, reg_alpha=0.9821683433294356, reg_lambda=2.049907673813043, scale_pos_weight=<scipy.stats._distn_infrastructure.rv_continuous_frozen object at 0x7efb9bdce010>, subsample=0.6967409163601807, subsample_freq=1; total time=   0.0s
[CV] END colsample_bytree=0.8165791895310264, learning_rate=0.14915687986901646, max_depth=9, min_child_samples=20, n_estimators=10000, num_leaves=104, reg_alpha=0.9821683433294356, reg_lambda=2.049907673813043, scale_pos_weight=<scipy.stats._distn_infrastructure.rv_continuous_frozen object at 0x7efb9bdce010>, subsample=0.6967409163601807, subsample_freq=1; total time=   0.0s
[CV] END colsample_bytree=0.8165791895310264, learning_rate=0.14915687986901646, max_depth=9, min_child_samples=20, n_estimators=10000, num_leaves=104, reg_alpha=0.9821683433294356, reg_lambda=2.049907673813043, scale_pos_weight=<scipy.stats._distn_infrastructure.rv_continuous_frozen object at 0x7efb9bdce010>, subsample=0.6967409163601807, subsample_freq=1; total time=   0.0s
[CV] END colsample_bytree=0.8165791895310264, learning_rate=0.14915687986901646, max_depth=9, min_child_samples=20, n_estimators=10000, num_leaves=104, reg_alpha=0.9821683433294356, reg_lambda=2.049907673813043, scale_pos_weight=<scipy.stats._distn_infrastructure.rv_continuous_frozen object at 0x7efb9bdce010>, subsample=0.6967409163601807, subsample_freq=1; total time=   0.0s
[CV] END colsample_bytree=0.8165791895310264, learning_rate=0.14915687986901646, max_depth=9, min_child_samples=20, n_estimators=10000, num_leaves=104, reg_alpha=0.9821683433294356, reg_lambda=2.049907673813043, scale_pos_weight=<scipy.stats._distn_infrastructure.rv_continuous_frozen object at 0x7efb9bdce010>, subsample=0.6967409163601807, subsample_freq=1; total time=   0.0s
[CV] END colsample_bytree=0.6372411071223597, learning_rate=0.18944315159066538, max_depth=7, min_child_samples=36, n_estimators=10000, num_leaves=23, reg_alpha=0.2788713525921819, reg_lambda=2.601073489918314, scale_pos_weight=2.0536485955607935, subsample=0.9588441039810308, subsample_freq=1; total time=   1.5s
[CV] END colsample_bytree=0.6372411071223597, learning_rate=0.18944315159066538, max_depth=7, min_child_samples=36, n_estimators=10000, num_leaves=23, reg_alpha=0.2788713525921819, reg_lambda=2.601073489918314, scale_pos_weight=2.0536485955607935, subsample=0.9588441039810308, subsample_freq=1; total time=   1.5s
[CV] END colsample_bytree=0.6372411071223597, learning_rate=0.18944315159066538, max_depth=7, min_child_samples=36, n_estimators=10000, num_leaves=23, reg_alpha=0.2788713525921819, reg_lambda=2.601073489918314, scale_pos_weight=2.0536485955607935, subsample=0.9588441039810308, subsample_freq=1; total time=   1.5s
[CV] END colsample_bytree=0.6372411071223597, learning_rate=0.18944315159066538, max_depth=7, min_child_samples=36, n_estimators=10000, num_leaves=23, reg_alpha=0.2788713525921819, reg_lambda=2.601073489918314, scale_pos_weight=2.0536485955607935, subsample=0.9588441039810308, subsample_freq=1; total time=   1.4s
[CV] END colsample_bytree=0.6372411071223597, learning_rate=0.18944315159066538, max_depth=7, min_child_samples=36, n_estimators=10000, num_leaves=23, reg_alpha=0.2788713525921819, reg_lambda=2.601073489918314, scale_pos_weight=2.0536485955607935, subsample=0.9588441039810308, subsample_freq=1; total time=   1.5s
[CV] END colsample_bytree=0.954834569706047, learning_rate=0.1659751091715248, max_depth=6, min_child_samples=79, n_estimators=10000, num_leaves=127, reg_alpha=0.16162871409461377, reg_lambda=3.195662565581238, scale_pos_weight=2.0536485955607935, subsample=0.8322746485745819, subsample_freq=1; total time=   2.4s
[CV] END colsample_bytree=0.954834569706047, learning_rate=0.1659751091715248, max_depth=6, min_child_samples=79, n_estimators=10000, num_leaves=127, reg_alpha=0.16162871409461377, reg_lambda=3.195662565581238, scale_pos_weight=2.0536485955607935, subsample=0.8322746485745819, subsample_freq=1; total time=   2.4s
[CV] END colsample_bytree=0.954834569706047, learning_rate=0.1659751091715248, max_depth=6, min_child_samples=79, n_estimators=10000, num_leaves=127, reg_alpha=0.16162871409461377, reg_lambda=3.195662565581238, scale_pos_weight=2.0536485955607935, subsample=0.8322746485745819, subsample_freq=1; total time=   2.4s
[CV] END colsample_bytree=0.954834569706047, learning_rate=0.1659751091715248, max_depth=6, min_child_samples=79, n_estimators=10000, num_leaves=127, reg_alpha=0.16162871409461377, reg_lambda=3.195662565581238, scale_pos_weight=2.0536485955607935, subsample=0.8322746485745819, subsample_freq=1; total time=   2.3s
[CV] END colsample_bytree=0.954834569706047, learning_rate=0.1659751091715248, max_depth=6, min_child_samples=79, n_estimators=10000, num_leaves=127, reg_alpha=0.16162871409461377, reg_lambda=3.195662565581238, scale_pos_weight=2.0536485955607935, subsample=0.8322746485745819, subsample_freq=1; total time=   2.4s
[CV] END colsample_bytree=0.7489131066246972, learning_rate=0.1980266884915557, max_depth=3, min_child_samples=97, n_estimators=10000, num_leaves=160, reg_alpha=0.16080805141749865, reg_lambda=2.1462013680997583, scale_pos_weight=2.0536485955607935, subsample=0.7793696571944989, subsample_freq=1; total time=   2.0s
[CV] END colsample_bytree=0.7489131066246972, learning_rate=0.1980266884915557, max_depth=3, min_child_samples=97, n_estimators=10000, num_leaves=160, reg_alpha=0.16080805141749865, reg_lambda=2.1462013680997583, scale_pos_weight=2.0536485955607935, subsample=0.7793696571944989, subsample_freq=1; total time=   2.1s
[CV] END colsample_bytree=0.7489131066246972, learning_rate=0.1980266884915557, max_depth=3, min_child_samples=97, n_estimators=10000, num_leaves=160, reg_alpha=0.16080805141749865, reg_lambda=2.1462013680997583, scale_pos_weight=2.0536485955607935, subsample=0.7793696571944989, subsample_freq=1; total time=   2.0s
[CV] END colsample_bytree=0.7489131066246972, learning_rate=0.1980266884915557, max_depth=3, min_child_samples=97, n_estimators=10000, num_leaves=160, reg_alpha=0.16080805141749865, reg_lambda=2.1462013680997583, scale_pos_weight=2.0536485955607935, subsample=0.7793696571944989, subsample_freq=1; total time=   2.0s
[CV] END colsample_bytree=0.7489131066246972, learning_rate=0.1980266884915557, max_depth=3, min_child_samples=97, n_estimators=10000, num_leaves=160, reg_alpha=0.16080805141749865, reg_lambda=2.1462013680997583, scale_pos_weight=2.0536485955607935, subsample=0.7793696571944989, subsample_freq=1; total time=   2.0s
[CV] END colsample_bytree=0.9977829850443283, learning_rate=0.045185050535469076, max_depth=6, min_child_samples=37, n_estimators=10000, num_leaves=156, reg_alpha=0.3253996981592677, reg_lambda=2.7394742153540723, scale_pos_weight=2.0536485955607935, subsample=0.8976682092226249, subsample_freq=1; total time=   3.5s
[CV] END colsample_bytree=0.9977829850443283, learning_rate=0.045185050535469076, max_depth=6, min_child_samples=37, n_estimators=10000, num_leaves=156, reg_alpha=0.3253996981592677, reg_lambda=2.7394742153540723, scale_pos_weight=2.0536485955607935, subsample=0.8976682092226249, subsample_freq=1; total time=   3.5s
[CV] END colsample_bytree=0.9977829850443283, learning_rate=0.045185050535469076, max_depth=6, min_child_samples=37, n_estimators=10000, num_leaves=156, reg_alpha=0.3253996981592677, reg_lambda=2.7394742153540723, scale_pos_weight=2.0536485955607935, subsample=0.8976682092226249, subsample_freq=1; total time=   3.5s
[CV] END colsample_bytree=0.9977829850443283, learning_rate=0.045185050535469076, max_depth=6, min_child_samples=37, n_estimators=10000, num_leaves=156, reg_alpha=0.3253996981592677, reg_lambda=2.7394742153540723, scale_pos_weight=2.0536485955607935, subsample=0.8976682092226249, subsample_freq=1; total time=   3.4s
[CV] END colsample_bytree=0.9977829850443283, learning_rate=0.045185050535469076, max_depth=6, min_child_samples=37, n_estimators=10000, num_leaves=156, reg_alpha=0.3253996981592677, reg_lambda=2.7394742153540723, scale_pos_weight=2.0536485955607935, subsample=0.8976682092226249, subsample_freq=1; total time=   3.5s
[CV] END colsample_bytree=0.8883759697008518, learning_rate=0.07161215837047784, max_depth=6, min_child_samples=63, n_estimators=10000, num_leaves=129, reg_alpha=0.6363326181858954, reg_lambda=1.2513854558167523, scale_pos_weight=2.0536485955607935, subsample=0.9892042219009782, subsample_freq=1; total time=   1.6s
[CV] END colsample_bytree=0.8883759697008518, learning_rate=0.07161215837047784, max_depth=6, min_child_samples=63, n_estimators=10000, num_leaves=129, reg_alpha=0.6363326181858954, reg_lambda=1.2513854558167523, scale_pos_weight=2.0536485955607935, subsample=0.9892042219009782, subsample_freq=1; total time=   1.7s
[CV] END colsample_bytree=0.8883759697008518, learning_rate=0.07161215837047784, max_depth=6, min_child_samples=63, n_estimators=10000, num_leaves=129, reg_alpha=0.6363326181858954, reg_lambda=1.2513854558167523, scale_pos_weight=2.0536485955607935, subsample=0.9892042219009782, subsample_freq=1; total time=   1.7s
[CV] END colsample_bytree=0.8883759697008518, learning_rate=0.07161215837047784, max_depth=6, min_child_samples=63, n_estimators=10000, num_leaves=129, reg_alpha=0.6363326181858954, reg_lambda=1.2513854558167523, scale_pos_weight=2.0536485955607935, subsample=0.9892042219009782, subsample_freq=1; total time=   1.6s
[CV] END colsample_bytree=0.8883759697008518, learning_rate=0.07161215837047784, max_depth=6, min_child_samples=63, n_estimators=10000, num_leaves=129, reg_alpha=0.6363326181858954, reg_lambda=1.2513854558167523, scale_pos_weight=2.0536485955607935, subsample=0.9892042219009782, subsample_freq=1; total time=   1.7s
[CV] END colsample_bytree=0.7572390898667042, learning_rate=0.1884093110354227, max_depth=5, min_child_samples=31, n_estimators=10000, num_leaves=240, reg_alpha=0.3500784076946757, reg_lambda=2.4353100860916945, scale_pos_weight=<scipy.stats._distn_infrastructure.rv_continuous_frozen object at 0x7efb9bdce010>, subsample=0.7970070775275455, subsample_freq=1; total time=   0.0s
[CV] END colsample_bytree=0.7572390898667042, learning_rate=0.1884093110354227, max_depth=5, min_child_samples=31, n_estimators=10000, num_leaves=240, reg_alpha=0.3500784076946757, reg_lambda=2.4353100860916945, scale_pos_weight=<scipy.stats._distn_infrastructure.rv_continuous_frozen object at 0x7efb9bdce010>, subsample=0.7970070775275455, subsample_freq=1; total time=   0.0s
[CV] END colsample_bytree=0.7572390898667042, learning_rate=0.1884093110354227, max_depth=5, min_child_samples=31, n_estimators=10000, num_leaves=240, reg_alpha=0.3500784076946757, reg_lambda=2.4353100860916945, scale_pos_weight=<scipy.stats._distn_infrastructure.rv_continuous_frozen object at 0x7efb9bdce010>, subsample=0.7970070775275455, subsample_freq=1; total time=   0.0s
[CV] END colsample_bytree=0.7572390898667042, learning_rate=0.1884093110354227, max_depth=5, min_child_samples=31, n_estimators=10000, num_leaves=240, reg_alpha=0.3500784076946757, reg_lambda=2.4353100860916945, scale_pos_weight=<scipy.stats._distn_infrastructure.rv_continuous_frozen object at 0x7efb9bdce010>, subsample=0.7970070775275455, subsample_freq=1; total time=   0.0s
[CV] END colsample_bytree=0.7572390898667042, learning_rate=0.1884093110354227, max_depth=5, min_child_samples=31, n_estimators=10000, num_leaves=240, reg_alpha=0.3500784076946757, reg_lambda=2.4353100860916945, scale_pos_weight=<scipy.stats._distn_infrastructure.rv_continuous_frozen object at 0x7efb9bdce010>, subsample=0.7970070775275455, subsample_freq=1; total time=   0.0s
[CV] END colsample_bytree=0.6780971951192178, learning_rate=0.15449042305230107, max_depth=5, min_child_samples=8, n_estimators=10000, num_leaves=49, reg_alpha=0.768554014306309, reg_lambda=0.6308113152633013, scale_pos_weight=2.0536485955607935, subsample=0.9761834337411657, subsample_freq=1; total time=   1.2s
[CV] END colsample_bytree=0.6780971951192178, learning_rate=0.15449042305230107, max_depth=5, min_child_samples=8, n_estimators=10000, num_leaves=49, reg_alpha=0.768554014306309, reg_lambda=0.6308113152633013, scale_pos_weight=2.0536485955607935, subsample=0.9761834337411657, subsample_freq=1; total time=   1.2s
[CV] END colsample_bytree=0.6780971951192178, learning_rate=0.15449042305230107, max_depth=5, min_child_samples=8, n_estimators=10000, num_leaves=49, reg_alpha=0.768554014306309, reg_lambda=0.6308113152633013, scale_pos_weight=2.0536485955607935, subsample=0.9761834337411657, subsample_freq=1; total time=   1.2s
[CV] END colsample_bytree=0.6780971951192178, learning_rate=0.15449042305230107, max_depth=5, min_child_samples=8, n_estimators=10000, num_leaves=49, reg_alpha=0.768554014306309, reg_lambda=0.6308113152633013, scale_pos_weight=2.0536485955607935, subsample=0.9761834337411657, subsample_freq=1; total time=   1.1s
[CV] END colsample_bytree=0.6780971951192178, learning_rate=0.15449042305230107, max_depth=5, min_child_samples=8, n_estimators=10000, num_leaves=49, reg_alpha=0.768554014306309, reg_lambda=0.6308113152633013, scale_pos_weight=2.0536485955607935, subsample=0.9761834337411657, subsample_freq=1; total time=   1.2s
[CV] END colsample_bytree=0.9815714308010349, learning_rate=0.19297287804408972, max_depth=5, min_child_samples=41, n_estimators=10000, num_leaves=38, reg_alpha=0.3307503046705137, reg_lambda=2.15829490050647, scale_pos_weight=<scipy.stats._distn_infrastructure.rv_continuous_frozen object at 0x7efb9bdce010>, subsample=0.9854479908357011, subsample_freq=1; total time=   0.0s
[CV] END colsample_bytree=0.9815714308010349, learning_rate=0.19297287804408972, max_depth=5, min_child_samples=41, n_estimators=10000, num_leaves=38, reg_alpha=0.3307503046705137, reg_lambda=2.15829490050647, scale_pos_weight=<scipy.stats._distn_infrastructure.rv_continuous_frozen object at 0x7efb9bdce010>, subsample=0.9854479908357011, subsample_freq=1; total time=   0.0s
[CV] END colsample_bytree=0.9815714308010349, learning_rate=0.19297287804408972, max_depth=5, min_child_samples=41, n_estimators=10000, num_leaves=38, reg_alpha=0.3307503046705137, reg_lambda=2.15829490050647, scale_pos_weight=<scipy.stats._distn_infrastructure.rv_continuous_frozen object at 0x7efb9bdce010>, subsample=0.9854479908357011, subsample_freq=1; total time=   0.0s
[CV] END colsample_bytree=0.9815714308010349, learning_rate=0.19297287804408972, max_depth=5, min_child_samples=41, n_estimators=10000, num_leaves=38, reg_alpha=0.3307503046705137, reg_lambda=2.15829490050647, scale_pos_weight=<scipy.stats._distn_infrastructure.rv_continuous_frozen object at 0x7efb9bdce010>, subsample=0.9854479908357011, subsample_freq=1; total time=   0.0s
[CV] END colsample_bytree=0.9815714308010349, learning_rate=0.19297287804408972, max_depth=5, min_child_samples=41, n_estimators=10000, num_leaves=38, reg_alpha=0.3307503046705137, reg_lambda=2.15829490050647, scale_pos_weight=<scipy.stats._distn_infrastructure.rv_continuous_frozen object at 0x7efb9bdce010>, subsample=0.9854479908357011, subsample_freq=1; total time=   0.0s
[CV] END colsample_bytree=0.941203782186944, learning_rate=0.06888977841391714, max_depth=7, min_child_samples=36, n_estimators=10000, num_leaves=229, reg_alpha=0.2684748568901568, reg_lambda=1.9558396228289472, scale_pos_weight=2.0536485955607935, subsample=0.82272050498334, subsample_freq=1; total time=   3.0s
[CV] END colsample_bytree=0.941203782186944, learning_rate=0.06888977841391714, max_depth=7, min_child_samples=36, n_estimators=10000, num_leaves=229, reg_alpha=0.2684748568901568, reg_lambda=1.9558396228289472, scale_pos_weight=2.0536485955607935, subsample=0.82272050498334, subsample_freq=1; total time=   3.0s
[CV] END colsample_bytree=0.941203782186944, learning_rate=0.06888977841391714, max_depth=7, min_child_samples=36, n_estimators=10000, num_leaves=229, reg_alpha=0.2684748568901568, reg_lambda=1.9558396228289472, scale_pos_weight=2.0536485955607935, subsample=0.82272050498334, subsample_freq=1; total time=   2.9s
[CV] END colsample_bytree=0.941203782186944, learning_rate=0.06888977841391714, max_depth=7, min_child_samples=36, n_estimators=10000, num_leaves=229, reg_alpha=0.2684748568901568, reg_lambda=1.9558396228289472, scale_pos_weight=2.0536485955607935, subsample=0.82272050498334, subsample_freq=1; total time=   2.9s
[CV] END colsample_bytree=0.941203782186944, learning_rate=0.06888977841391714, max_depth=7, min_child_samples=36, n_estimators=10000, num_leaves=229, reg_alpha=0.2684748568901568, reg_lambda=1.9558396228289472, scale_pos_weight=2.0536485955607935, subsample=0.82272050498334, subsample_freq=1; total time=   3.0s
[CV] END colsample_bytree=0.9744619096643123, learning_rate=0.14920595933499461, max_depth=8, min_child_samples=28, n_estimators=10000, num_leaves=128, reg_alpha=0.6150072266991697, reg_lambda=3.47016155031279, scale_pos_weight=2.0536485955607935, subsample=0.7016654596278955, subsample_freq=1; total time=   2.0s
[CV] END colsample_bytree=0.9744619096643123, learning_rate=0.14920595933499461, max_depth=8, min_child_samples=28, n_estimators=10000, num_leaves=128, reg_alpha=0.6150072266991697, reg_lambda=3.47016155031279, scale_pos_weight=2.0536485955607935, subsample=0.7016654596278955, subsample_freq=1; total time=   2.0s
[CV] END colsample_bytree=0.9744619096643123, learning_rate=0.14920595933499461, max_depth=8, min_child_samples=28, n_estimators=10000, num_leaves=128, reg_alpha=0.6150072266991697, reg_lambda=3.47016155031279, scale_pos_weight=2.0536485955607935, subsample=0.7016654596278955, subsample_freq=1; total time=   2.0s
[CV] END colsample_bytree=0.9744619096643123, learning_rate=0.14920595933499461, max_depth=8, min_child_samples=28, n_estimators=10000, num_leaves=128, reg_alpha=0.6150072266991697, reg_lambda=3.47016155031279, scale_pos_weight=2.0536485955607935, subsample=0.7016654596278955, subsample_freq=1; total time=   2.0s
[CV] END colsample_bytree=0.9744619096643123, learning_rate=0.14920595933499461, max_depth=8, min_child_samples=28, n_estimators=10000, num_leaves=128, reg_alpha=0.6150072266991697, reg_lambda=3.47016155031279, scale_pos_weight=2.0536485955607935, subsample=0.7016654596278955, subsample_freq=1; total time=   2.0s
[CV] END colsample_bytree=0.7181162353675755, learning_rate=0.0745101528477201, max_depth=3, min_child_samples=13, n_estimators=10000, num_leaves=57, reg_alpha=0.7089109969101186, reg_lambda=2.158459930723723, scale_pos_weight=2.0536485955607935, subsample=0.9237444621914055, subsample_freq=1; total time=   2.1s
[CV] END colsample_bytree=0.7181162353675755, learning_rate=0.0745101528477201, max_depth=3, min_child_samples=13, n_estimators=10000, num_leaves=57, reg_alpha=0.7089109969101186, reg_lambda=2.158459930723723, scale_pos_weight=2.0536485955607935, subsample=0.9237444621914055, subsample_freq=1; total time=   2.1s
[CV] END colsample_bytree=0.7181162353675755, learning_rate=0.0745101528477201, max_depth=3, min_child_samples=13, n_estimators=10000, num_leaves=57, reg_alpha=0.7089109969101186, reg_lambda=2.158459930723723, scale_pos_weight=2.0536485955607935, subsample=0.9237444621914055, subsample_freq=1; total time=   2.1s
[CV] END colsample_bytree=0.7181162353675755, learning_rate=0.0745101528477201, max_depth=3, min_child_samples=13, n_estimators=10000, num_leaves=57, reg_alpha=0.7089109969101186, reg_lambda=2.158459930723723, scale_pos_weight=2.0536485955607935, subsample=0.9237444621914055, subsample_freq=1; total time=   2.1s
[CV] END colsample_bytree=0.7181162353675755, learning_rate=0.0745101528477201, max_depth=3, min_child_samples=13, n_estimators=10000, num_leaves=57, reg_alpha=0.7089109969101186, reg_lambda=2.158459930723723, scale_pos_weight=2.0536485955607935, subsample=0.9237444621914055, subsample_freq=1; total time=   2.1s
[CV] END colsample_bytree=0.9240453578716723, learning_rate=0.18341446371602077, max_depth=7, min_child_samples=64, n_estimators=10000, num_leaves=149, reg_alpha=0.5015162946871996, reg_lambda=2.8948855369003255, scale_pos_weight=<scipy.stats._distn_infrastructure.rv_continuous_frozen object at 0x7efb9bdce010>, subsample=0.628376366799971, subsample_freq=1; total time=   0.0s
[CV] END colsample_bytree=0.9240453578716723, learning_rate=0.18341446371602077, max_depth=7, min_child_samples=64, n_estimators=10000, num_leaves=149, reg_alpha=0.5015162946871996, reg_lambda=2.8948855369003255, scale_pos_weight=<scipy.stats._distn_infrastructure.rv_continuous_frozen object at 0x7efb9bdce010>, subsample=0.628376366799971, subsample_freq=1; total time=   0.0s
[CV] END colsample_bytree=0.9240453578716723, learning_rate=0.18341446371602077, max_depth=7, min_child_samples=64, n_estimators=10000, num_leaves=149, reg_alpha=0.5015162946871996, reg_lambda=2.8948855369003255, scale_pos_weight=<scipy.stats._distn_infrastructure.rv_continuous_frozen object at 0x7efb9bdce010>, subsample=0.628376366799971, subsample_freq=1; total time=   0.0s
[CV] END colsample_bytree=0.9240453578716723, learning_rate=0.18341446371602077, max_depth=7, min_child_samples=64, n_estimators=10000, num_leaves=149, reg_alpha=0.5015162946871996, reg_lambda=2.8948855369003255, scale_pos_weight=<scipy.stats._distn_infrastructure.rv_continuous_frozen object at 0x7efb9bdce010>, subsample=0.628376366799971, subsample_freq=1; total time=   0.0s
[CV] END colsample_bytree=0.9240453578716723, learning_rate=0.18341446371602077, max_depth=7, min_child_samples=64, n_estimators=10000, num_leaves=149, reg_alpha=0.5015162946871996, reg_lambda=2.8948855369003255, scale_pos_weight=<scipy.stats._distn_infrastructure.rv_continuous_frozen object at 0x7efb9bdce010>, subsample=0.628376366799971, subsample_freq=1; total time=   0.0s
[CV] END colsample_bytree=0.7587135308855554, learning_rate=0.020153706207879388, max_depth=5, min_child_samples=91, n_estimators=10000, num_leaves=157, reg_alpha=0.375582952639944, reg_lambda=0.781945819522607, scale_pos_weight=<scipy.stats._distn_infrastructure.rv_continuous_frozen object at 0x7efb9bdce010>, subsample=0.8688104541180797, subsample_freq=1; total time=   0.0s
[CV] END colsample_bytree=0.7587135308855554, learning_rate=0.020153706207879388, max_depth=5, min_child_samples=91, n_estimators=10000, num_leaves=157, reg_alpha=0.375582952639944, reg_lambda=0.781945819522607, scale_pos_weight=<scipy.stats._distn_infrastructure.rv_continuous_frozen object at 0x7efb9bdce010>, subsample=0.8688104541180797, subsample_freq=1; total time=   0.0s
[CV] END colsample_bytree=0.7587135308855554, learning_rate=0.020153706207879388, max_depth=5, min_child_samples=91, n_estimators=10000, num_leaves=157, reg_alpha=0.375582952639944, reg_lambda=0.781945819522607, scale_pos_weight=<scipy.stats._distn_infrastructure.rv_continuous_frozen object at 0x7efb9bdce010>, subsample=0.8688104541180797, subsample_freq=1; total time=   0.0s
[CV] END colsample_bytree=0.7587135308855554, learning_rate=0.020153706207879388, max_depth=5, min_child_samples=91, n_estimators=10000, num_leaves=157, reg_alpha=0.375582952639944, reg_lambda=0.781945819522607, scale_pos_weight=<scipy.stats._distn_infrastructure.rv_continuous_frozen object at 0x7efb9bdce010>, subsample=0.8688104541180797, subsample_freq=1; total time=   0.0s
[CV] END colsample_bytree=0.7587135308855554, learning_rate=0.020153706207879388, max_depth=5, min_child_samples=91, n_estimators=10000, num_leaves=157, reg_alpha=0.375582952639944, reg_lambda=0.781945819522607, scale_pos_weight=<scipy.stats._distn_infrastructure.rv_continuous_frozen object at 0x7efb9bdce010>, subsample=0.8688104541180797, subsample_freq=1; total time=   0.0s
[CV] END colsample_bytree=0.7312610669898928, learning_rate=0.04100832334554884, max_depth=8, min_child_samples=26, n_estimators=10000, num_leaves=72, reg_alpha=0.8604046183116753, reg_lambda=1.2507540815475922, scale_pos_weight=2.0536485955607935, subsample=0.9290402242638633, subsample_freq=1; total time=   2.6s
[CV] END colsample_bytree=0.7312610669898928, learning_rate=0.04100832334554884, max_depth=8, min_child_samples=26, n_estimators=10000, num_leaves=72, reg_alpha=0.8604046183116753, reg_lambda=1.2507540815475922, scale_pos_weight=2.0536485955607935, subsample=0.9290402242638633, subsample_freq=1; total time=   2.6s
[CV] END colsample_bytree=0.7312610669898928, learning_rate=0.04100832334554884, max_depth=8, min_child_samples=26, n_estimators=10000, num_leaves=72, reg_alpha=0.8604046183116753, reg_lambda=1.2507540815475922, scale_pos_weight=2.0536485955607935, subsample=0.9290402242638633, subsample_freq=1; total time=   2.6s
[CV] END colsample_bytree=0.7312610669898928, learning_rate=0.04100832334554884, max_depth=8, min_child_samples=26, n_estimators=10000, num_leaves=72, reg_alpha=0.8604046183116753, reg_lambda=1.2507540815475922, scale_pos_weight=2.0536485955607935, subsample=0.9290402242638633, subsample_freq=1; total time=   2.5s
[CV] END colsample_bytree=0.7312610669898928, learning_rate=0.04100832334554884, max_depth=8, min_child_samples=26, n_estimators=10000, num_leaves=72, reg_alpha=0.8604046183116753, reg_lambda=1.2507540815475922, scale_pos_weight=2.0536485955607935, subsample=0.9290402242638633, subsample_freq=1; total time=   2.6s
----------
iter: 1
n_candidates: 14
n_resources: 13818
Fitting 5 folds for each of 14 candidates, totalling 70 fits
[CV] END colsample_bytree=0.6185801650879991, learning_rate=0.1315089703802877, max_depth=7, min_child_samples=77, n_estimators=10000, num_leaves=181, reg_alpha=0.013264961159866528, reg_lambda=3.3266052670545583, scale_pos_weight=2.0536485955607935, subsample=0.9233589392465844, subsample_freq=1; total time=   8.9s
[CV] END colsample_bytree=0.6185801650879991, learning_rate=0.1315089703802877, max_depth=7, min_child_samples=77, n_estimators=10000, num_leaves=181, reg_alpha=0.013264961159866528, reg_lambda=3.3266052670545583, scale_pos_weight=2.0536485955607935, subsample=0.9233589392465844, subsample_freq=1; total time=   9.2s
[CV] END colsample_bytree=0.6185801650879991, learning_rate=0.1315089703802877, max_depth=7, min_child_samples=77, n_estimators=10000, num_leaves=181, reg_alpha=0.013264961159866528, reg_lambda=3.3266052670545583, scale_pos_weight=2.0536485955607935, subsample=0.9233589392465844, subsample_freq=1; total time=   9.2s
[CV] END colsample_bytree=0.6185801650879991, learning_rate=0.1315089703802877, max_depth=7, min_child_samples=77, n_estimators=10000, num_leaves=181, reg_alpha=0.013264961159866528, reg_lambda=3.3266052670545583, scale_pos_weight=2.0536485955607935, subsample=0.9233589392465844, subsample_freq=1; total time=   8.8s
[CV] END colsample_bytree=0.6185801650879991, learning_rate=0.1315089703802877, max_depth=7, min_child_samples=77, n_estimators=10000, num_leaves=181, reg_alpha=0.013264961159866528, reg_lambda=3.3266052670545583, scale_pos_weight=2.0536485955607935, subsample=0.9233589392465844, subsample_freq=1; total time=   9.2s
[CV] END colsample_bytree=0.7103996728090174, learning_rate=0.06925470114081649, max_depth=7, min_child_samples=69, n_estimators=10000, num_leaves=103, reg_alpha=0.9868869366005173, reg_lambda=2.8167343078899725, scale_pos_weight=2.0536485955607935, subsample=0.7173952698872152, subsample_freq=1; total time=   6.2s
[CV] END colsample_bytree=0.7103996728090174, learning_rate=0.06925470114081649, max_depth=7, min_child_samples=69, n_estimators=10000, num_leaves=103, reg_alpha=0.9868869366005173, reg_lambda=2.8167343078899725, scale_pos_weight=2.0536485955607935, subsample=0.7173952698872152, subsample_freq=1; total time=   6.2s
[CV] END colsample_bytree=0.7103996728090174, learning_rate=0.06925470114081649, max_depth=7, min_child_samples=69, n_estimators=10000, num_leaves=103, reg_alpha=0.9868869366005173, reg_lambda=2.8167343078899725, scale_pos_weight=2.0536485955607935, subsample=0.7173952698872152, subsample_freq=1; total time=   6.2s
[CV] END colsample_bytree=0.7103996728090174, learning_rate=0.06925470114081649, max_depth=7, min_child_samples=69, n_estimators=10000, num_leaves=103, reg_alpha=0.9868869366005173, reg_lambda=2.8167343078899725, scale_pos_weight=2.0536485955607935, subsample=0.7173952698872152, subsample_freq=1; total time=   6.1s
[CV] END colsample_bytree=0.7103996728090174, learning_rate=0.06925470114081649, max_depth=7, min_child_samples=69, n_estimators=10000, num_leaves=103, reg_alpha=0.9868869366005173, reg_lambda=2.8167343078899725, scale_pos_weight=2.0536485955607935, subsample=0.7173952698872152, subsample_freq=1; total time=   5.8s
[CV] END colsample_bytree=0.7975182385457563, learning_rate=0.11454656587639882, max_depth=9, min_child_samples=94, n_estimators=10000, num_leaves=56, reg_alpha=0.4393365018657701, reg_lambda=1.1051576070061886, scale_pos_weight=2.0536485955607935, subsample=0.8545641645055122, subsample_freq=1; total time=   5.0s
[CV] END colsample_bytree=0.7975182385457563, learning_rate=0.11454656587639882, max_depth=9, min_child_samples=94, n_estimators=10000, num_leaves=56, reg_alpha=0.4393365018657701, reg_lambda=1.1051576070061886, scale_pos_weight=2.0536485955607935, subsample=0.8545641645055122, subsample_freq=1; total time=   5.1s
[CV] END colsample_bytree=0.7975182385457563, learning_rate=0.11454656587639882, max_depth=9, min_child_samples=94, n_estimators=10000, num_leaves=56, reg_alpha=0.4393365018657701, reg_lambda=1.1051576070061886, scale_pos_weight=2.0536485955607935, subsample=0.8545641645055122, subsample_freq=1; total time=   4.7s
[CV] END colsample_bytree=0.7975182385457563, learning_rate=0.11454656587639882, max_depth=9, min_child_samples=94, n_estimators=10000, num_leaves=56, reg_alpha=0.4393365018657701, reg_lambda=1.1051576070061886, scale_pos_weight=2.0536485955607935, subsample=0.8545641645055122, subsample_freq=1; total time=   4.9s
[CV] END colsample_bytree=0.7975182385457563, learning_rate=0.11454656587639882, max_depth=9, min_child_samples=94, n_estimators=10000, num_leaves=56, reg_alpha=0.4393365018657701, reg_lambda=1.1051576070061886, scale_pos_weight=2.0536485955607935, subsample=0.8545641645055122, subsample_freq=1; total time=   4.7s
[CV] END colsample_bytree=0.7168578594140873, learning_rate=0.08327236865873834, max_depth=8, min_child_samples=66, n_estimators=10000, num_leaves=189, reg_alpha=0.6183860093330873, reg_lambda=1.6473859738014882, scale_pos_weight=2.0536485955607935, subsample=0.836965827544817, subsample_freq=1; total time=   5.3s
[CV] END colsample_bytree=0.7168578594140873, learning_rate=0.08327236865873834, max_depth=8, min_child_samples=66, n_estimators=10000, num_leaves=189, reg_alpha=0.6183860093330873, reg_lambda=1.6473859738014882, scale_pos_weight=2.0536485955607935, subsample=0.836965827544817, subsample_freq=1; total time=   5.8s
[CV] END colsample_bytree=0.7168578594140873, learning_rate=0.08327236865873834, max_depth=8, min_child_samples=66, n_estimators=10000, num_leaves=189, reg_alpha=0.6183860093330873, reg_lambda=1.6473859738014882, scale_pos_weight=2.0536485955607935, subsample=0.836965827544817, subsample_freq=1; total time=   5.7s
[CV] END colsample_bytree=0.7168578594140873, learning_rate=0.08327236865873834, max_depth=8, min_child_samples=66, n_estimators=10000, num_leaves=189, reg_alpha=0.6183860093330873, reg_lambda=1.6473859738014882, scale_pos_weight=2.0536485955607935, subsample=0.836965827544817, subsample_freq=1; total time=   5.6s
[CV] END colsample_bytree=0.7168578594140873, learning_rate=0.08327236865873834, max_depth=8, min_child_samples=66, n_estimators=10000, num_leaves=189, reg_alpha=0.6183860093330873, reg_lambda=1.6473859738014882, scale_pos_weight=2.0536485955607935, subsample=0.836965827544817, subsample_freq=1; total time=   5.6s
[CV] END colsample_bytree=0.9464704583099741, learning_rate=0.13022300234864176, max_depth=5, min_child_samples=26, n_estimators=10000, num_leaves=67, reg_alpha=0.9699098521619943, reg_lambda=2.997327922401265, scale_pos_weight=2.0536485955607935, subsample=0.6003115063364057, subsample_freq=1; total time=   5.0s
[CV] END colsample_bytree=0.9464704583099741, learning_rate=0.13022300234864176, max_depth=5, min_child_samples=26, n_estimators=10000, num_leaves=67, reg_alpha=0.9699098521619943, reg_lambda=2.997327922401265, scale_pos_weight=2.0536485955607935, subsample=0.6003115063364057, subsample_freq=1; total time=   5.2s
[CV] END colsample_bytree=0.9464704583099741, learning_rate=0.13022300234864176, max_depth=5, min_child_samples=26, n_estimators=10000, num_leaves=67, reg_alpha=0.9699098521619943, reg_lambda=2.997327922401265, scale_pos_weight=2.0536485955607935, subsample=0.6003115063364057, subsample_freq=1; total time=   4.7s
[CV] END colsample_bytree=0.9464704583099741, learning_rate=0.13022300234864176, max_depth=5, min_child_samples=26, n_estimators=10000, num_leaves=67, reg_alpha=0.9699098521619943, reg_lambda=2.997327922401265, scale_pos_weight=2.0536485955607935, subsample=0.6003115063364057, subsample_freq=1; total time=   4.9s
[CV] END colsample_bytree=0.9464704583099741, learning_rate=0.13022300234864176, max_depth=5, min_child_samples=26, n_estimators=10000, num_leaves=67, reg_alpha=0.9699098521619943, reg_lambda=2.997327922401265, scale_pos_weight=2.0536485955607935, subsample=0.6003115063364057, subsample_freq=1; total time=   5.2s
[CV] END colsample_bytree=0.7312610669898928, learning_rate=0.04100832334554884, max_depth=8, min_child_samples=26, n_estimators=10000, num_leaves=72, reg_alpha=0.8604046183116753, reg_lambda=1.2507540815475922, scale_pos_weight=2.0536485955607935, subsample=0.9290402242638633, subsample_freq=1; total time=   6.8s
[CV] END colsample_bytree=0.7312610669898928, learning_rate=0.04100832334554884, max_depth=8, min_child_samples=26, n_estimators=10000, num_leaves=72, reg_alpha=0.8604046183116753, reg_lambda=1.2507540815475922, scale_pos_weight=2.0536485955607935, subsample=0.9290402242638633, subsample_freq=1; total time=   6.9s
[CV] END colsample_bytree=0.7312610669898928, learning_rate=0.04100832334554884, max_depth=8, min_child_samples=26, n_estimators=10000, num_leaves=72, reg_alpha=0.8604046183116753, reg_lambda=1.2507540815475922, scale_pos_weight=2.0536485955607935, subsample=0.9290402242638633, subsample_freq=1; total time=   6.5s
[CV] END colsample_bytree=0.7312610669898928, learning_rate=0.04100832334554884, max_depth=8, min_child_samples=26, n_estimators=10000, num_leaves=72, reg_alpha=0.8604046183116753, reg_lambda=1.2507540815475922, scale_pos_weight=2.0536485955607935, subsample=0.9290402242638633, subsample_freq=1; total time=   6.3s
[CV] END colsample_bytree=0.7312610669898928, learning_rate=0.04100832334554884, max_depth=8, min_child_samples=26, n_estimators=10000, num_leaves=72, reg_alpha=0.8604046183116753, reg_lambda=1.2507540815475922, scale_pos_weight=2.0536485955607935, subsample=0.9290402242638633, subsample_freq=1; total time=   6.5s
[CV] END colsample_bytree=0.6056319290860338, learning_rate=0.049768480817761036, max_depth=5, min_child_samples=39, n_estimators=10000, num_leaves=47, reg_alpha=0.6059599747810114, reg_lambda=3.278902635540047, scale_pos_weight=2.0536485955607935, subsample=0.6463476238100518, subsample_freq=1; total time=   6.4s
[CV] END colsample_bytree=0.6056319290860338, learning_rate=0.049768480817761036, max_depth=5, min_child_samples=39, n_estimators=10000, num_leaves=47, reg_alpha=0.6059599747810114, reg_lambda=3.278902635540047, scale_pos_weight=2.0536485955607935, subsample=0.6463476238100518, subsample_freq=1; total time=   6.4s
[CV] END colsample_bytree=0.6056319290860338, learning_rate=0.049768480817761036, max_depth=5, min_child_samples=39, n_estimators=10000, num_leaves=47, reg_alpha=0.6059599747810114, reg_lambda=3.278902635540047, scale_pos_weight=2.0536485955607935, subsample=0.6463476238100518, subsample_freq=1; total time=   5.9s
[CV] END colsample_bytree=0.6056319290860338, learning_rate=0.049768480817761036, max_depth=5, min_child_samples=39, n_estimators=10000, num_leaves=47, reg_alpha=0.6059599747810114, reg_lambda=3.278902635540047, scale_pos_weight=2.0536485955607935, subsample=0.6463476238100518, subsample_freq=1; total time=   6.4s
[CV] END colsample_bytree=0.6056319290860338, learning_rate=0.049768480817761036, max_depth=5, min_child_samples=39, n_estimators=10000, num_leaves=47, reg_alpha=0.6059599747810114, reg_lambda=3.278902635540047, scale_pos_weight=2.0536485955607935, subsample=0.6463476238100518, subsample_freq=1; total time=   6.0s
[CV] END colsample_bytree=0.6372411071223597, learning_rate=0.18944315159066538, max_depth=7, min_child_samples=36, n_estimators=10000, num_leaves=23, reg_alpha=0.2788713525921819, reg_lambda=2.601073489918314, scale_pos_weight=2.0536485955607935, subsample=0.9588441039810308, subsample_freq=1; total time=   3.9s
[CV] END colsample_bytree=0.6372411071223597, learning_rate=0.18944315159066538, max_depth=7, min_child_samples=36, n_estimators=10000, num_leaves=23, reg_alpha=0.2788713525921819, reg_lambda=2.601073489918314, scale_pos_weight=2.0536485955607935, subsample=0.9588441039810308, subsample_freq=1; total time=   4.0s
[CV] END colsample_bytree=0.6372411071223597, learning_rate=0.18944315159066538, max_depth=7, min_child_samples=36, n_estimators=10000, num_leaves=23, reg_alpha=0.2788713525921819, reg_lambda=2.601073489918314, scale_pos_weight=2.0536485955607935, subsample=0.9588441039810308, subsample_freq=1; total time=   4.0s
[CV] END colsample_bytree=0.6372411071223597, learning_rate=0.18944315159066538, max_depth=7, min_child_samples=36, n_estimators=10000, num_leaves=23, reg_alpha=0.2788713525921819, reg_lambda=2.601073489918314, scale_pos_weight=2.0536485955607935, subsample=0.9588441039810308, subsample_freq=1; total time=   3.9s
[CV] END colsample_bytree=0.6372411071223597, learning_rate=0.18944315159066538, max_depth=7, min_child_samples=36, n_estimators=10000, num_leaves=23, reg_alpha=0.2788713525921819, reg_lambda=2.601073489918314, scale_pos_weight=2.0536485955607935, subsample=0.9588441039810308, subsample_freq=1; total time=   3.7s
[CV] END colsample_bytree=0.9744619096643123, learning_rate=0.14920595933499461, max_depth=8, min_child_samples=28, n_estimators=10000, num_leaves=128, reg_alpha=0.6150072266991697, reg_lambda=3.47016155031279, scale_pos_weight=2.0536485955607935, subsample=0.7016654596278955, subsample_freq=1; total time=   5.2s
[CV] END colsample_bytree=0.9744619096643123, learning_rate=0.14920595933499461, max_depth=8, min_child_samples=28, n_estimators=10000, num_leaves=128, reg_alpha=0.6150072266991697, reg_lambda=3.47016155031279, scale_pos_weight=2.0536485955607935, subsample=0.7016654596278955, subsample_freq=1; total time=   5.0s
[CV] END colsample_bytree=0.9744619096643123, learning_rate=0.14920595933499461, max_depth=8, min_child_samples=28, n_estimators=10000, num_leaves=128, reg_alpha=0.6150072266991697, reg_lambda=3.47016155031279, scale_pos_weight=2.0536485955607935, subsample=0.7016654596278955, subsample_freq=1; total time=   4.8s
[CV] END colsample_bytree=0.9744619096643123, learning_rate=0.14920595933499461, max_depth=8, min_child_samples=28, n_estimators=10000, num_leaves=128, reg_alpha=0.6150072266991697, reg_lambda=3.47016155031279, scale_pos_weight=2.0536485955607935, subsample=0.7016654596278955, subsample_freq=1; total time=   5.2s
[CV] END colsample_bytree=0.9744619096643123, learning_rate=0.14920595933499461, max_depth=8, min_child_samples=28, n_estimators=10000, num_leaves=128, reg_alpha=0.6150072266991697, reg_lambda=3.47016155031279, scale_pos_weight=2.0536485955607935, subsample=0.7016654596278955, subsample_freq=1; total time=   5.3s
[CV] END colsample_bytree=0.9977829850443283, learning_rate=0.045185050535469076, max_depth=6, min_child_samples=37, n_estimators=10000, num_leaves=156, reg_alpha=0.3253996981592677, reg_lambda=2.7394742153540723, scale_pos_weight=2.0536485955607935, subsample=0.8976682092226249, subsample_freq=1; total time=   8.0s
[CV] END colsample_bytree=0.9977829850443283, learning_rate=0.045185050535469076, max_depth=6, min_child_samples=37, n_estimators=10000, num_leaves=156, reg_alpha=0.3253996981592677, reg_lambda=2.7394742153540723, scale_pos_weight=2.0536485955607935, subsample=0.8976682092226249, subsample_freq=1; total time=   7.8s
[CV] END colsample_bytree=0.9977829850443283, learning_rate=0.045185050535469076, max_depth=6, min_child_samples=37, n_estimators=10000, num_leaves=156, reg_alpha=0.3253996981592677, reg_lambda=2.7394742153540723, scale_pos_weight=2.0536485955607935, subsample=0.8976682092226249, subsample_freq=1; total time=   8.1s
[CV] END colsample_bytree=0.9977829850443283, learning_rate=0.045185050535469076, max_depth=6, min_child_samples=37, n_estimators=10000, num_leaves=156, reg_alpha=0.3253996981592677, reg_lambda=2.7394742153540723, scale_pos_weight=2.0536485955607935, subsample=0.8976682092226249, subsample_freq=1; total time=   7.6s
[CV] END colsample_bytree=0.9977829850443283, learning_rate=0.045185050535469076, max_depth=6, min_child_samples=37, n_estimators=10000, num_leaves=156, reg_alpha=0.3253996981592677, reg_lambda=2.7394742153540723, scale_pos_weight=2.0536485955607935, subsample=0.8976682092226249, subsample_freq=1; total time=   7.7s
[CV] END colsample_bytree=0.6780971951192178, learning_rate=0.15449042305230107, max_depth=5, min_child_samples=8, n_estimators=10000, num_leaves=49, reg_alpha=0.768554014306309, reg_lambda=0.6308113152633013, scale_pos_weight=2.0536485955607935, subsample=0.9761834337411657, subsample_freq=1; total time=   2.9s
[CV] END colsample_bytree=0.6780971951192178, learning_rate=0.15449042305230107, max_depth=5, min_child_samples=8, n_estimators=10000, num_leaves=49, reg_alpha=0.768554014306309, reg_lambda=0.6308113152633013, scale_pos_weight=2.0536485955607935, subsample=0.9761834337411657, subsample_freq=1; total time=   3.3s
[CV] END colsample_bytree=0.6780971951192178, learning_rate=0.15449042305230107, max_depth=5, min_child_samples=8, n_estimators=10000, num_leaves=49, reg_alpha=0.768554014306309, reg_lambda=0.6308113152633013, scale_pos_weight=2.0536485955607935, subsample=0.9761834337411657, subsample_freq=1; total time=   2.9s
[CV] END colsample_bytree=0.6780971951192178, learning_rate=0.15449042305230107, max_depth=5, min_child_samples=8, n_estimators=10000, num_leaves=49, reg_alpha=0.768554014306309, reg_lambda=0.6308113152633013, scale_pos_weight=2.0536485955607935, subsample=0.9761834337411657, subsample_freq=1; total time=   2.9s
[CV] END colsample_bytree=0.6780971951192178, learning_rate=0.15449042305230107, max_depth=5, min_child_samples=8, n_estimators=10000, num_leaves=49, reg_alpha=0.768554014306309, reg_lambda=0.6308113152633013, scale_pos_weight=2.0536485955607935, subsample=0.9761834337411657, subsample_freq=1; total time=   3.2s
[CV] END colsample_bytree=0.941203782186944, learning_rate=0.06888977841391714, max_depth=7, min_child_samples=36, n_estimators=10000, num_leaves=229, reg_alpha=0.2684748568901568, reg_lambda=1.9558396228289472, scale_pos_weight=2.0536485955607935, subsample=0.82272050498334, subsample_freq=1; total time=   7.1s
[CV] END colsample_bytree=0.941203782186944, learning_rate=0.06888977841391714, max_depth=7, min_child_samples=36, n_estimators=10000, num_leaves=229, reg_alpha=0.2684748568901568, reg_lambda=1.9558396228289472, scale_pos_weight=2.0536485955607935, subsample=0.82272050498334, subsample_freq=1; total time=   7.2s
[CV] END colsample_bytree=0.941203782186944, learning_rate=0.06888977841391714, max_depth=7, min_child_samples=36, n_estimators=10000, num_leaves=229, reg_alpha=0.2684748568901568, reg_lambda=1.9558396228289472, scale_pos_weight=2.0536485955607935, subsample=0.82272050498334, subsample_freq=1; total time=   7.2s
[CV] END colsample_bytree=0.941203782186944, learning_rate=0.06888977841391714, max_depth=7, min_child_samples=36, n_estimators=10000, num_leaves=229, reg_alpha=0.2684748568901568, reg_lambda=1.9558396228289472, scale_pos_weight=2.0536485955607935, subsample=0.82272050498334, subsample_freq=1; total time=   7.2s
[CV] END colsample_bytree=0.941203782186944, learning_rate=0.06888977841391714, max_depth=7, min_child_samples=36, n_estimators=10000, num_leaves=229, reg_alpha=0.2684748568901568, reg_lambda=1.9558396228289472, scale_pos_weight=2.0536485955607935, subsample=0.82272050498334, subsample_freq=1; total time=   7.4s
[CV] END colsample_bytree=0.7257423924305306, learning_rate=0.11171413823294056, max_depth=8, min_child_samples=27, n_estimators=10000, num_leaves=245, reg_alpha=0.41038292303562973, reg_lambda=2.766653415629146, scale_pos_weight=2.0536485955607935, subsample=0.9771414282231924, subsample_freq=1; total time=   4.5s
[CV] END colsample_bytree=0.7257423924305306, learning_rate=0.11171413823294056, max_depth=8, min_child_samples=27, n_estimators=10000, num_leaves=245, reg_alpha=0.41038292303562973, reg_lambda=2.766653415629146, scale_pos_weight=2.0536485955607935, subsample=0.9771414282231924, subsample_freq=1; total time=   4.2s
[CV] END colsample_bytree=0.7257423924305306, learning_rate=0.11171413823294056, max_depth=8, min_child_samples=27, n_estimators=10000, num_leaves=245, reg_alpha=0.41038292303562973, reg_lambda=2.766653415629146, scale_pos_weight=2.0536485955607935, subsample=0.9771414282231924, subsample_freq=1; total time=   4.0s
[CV] END colsample_bytree=0.7257423924305306, learning_rate=0.11171413823294056, max_depth=8, min_child_samples=27, n_estimators=10000, num_leaves=245, reg_alpha=0.41038292303562973, reg_lambda=2.766653415629146, scale_pos_weight=2.0536485955607935, subsample=0.9771414282231924, subsample_freq=1; total time=   4.6s
[CV] END colsample_bytree=0.7257423924305306, learning_rate=0.11171413823294056, max_depth=8, min_child_samples=27, n_estimators=10000, num_leaves=245, reg_alpha=0.41038292303562973, reg_lambda=2.766653415629146, scale_pos_weight=2.0536485955607935, subsample=0.9771414282231924, subsample_freq=1; total time=   4.7s
[CV] END colsample_bytree=0.6888431241882921, learning_rate=0.033973073466736566, max_depth=6, min_child_samples=28, n_estimators=10000, num_leaves=221, reg_alpha=0.16829104217293056, reg_lambda=1.1562926587192108, scale_pos_weight=2.0536485955607935, subsample=0.881207583558071, subsample_freq=1; total time=   7.8s
[CV] END colsample_bytree=0.6888431241882921, learning_rate=0.033973073466736566, max_depth=6, min_child_samples=28, n_estimators=10000, num_leaves=221, reg_alpha=0.16829104217293056, reg_lambda=1.1562926587192108, scale_pos_weight=2.0536485955607935, subsample=0.881207583558071, subsample_freq=1; total time=   7.8s
[CV] END colsample_bytree=0.6888431241882921, learning_rate=0.033973073466736566, max_depth=6, min_child_samples=28, n_estimators=10000, num_leaves=221, reg_alpha=0.16829104217293056, reg_lambda=1.1562926587192108, scale_pos_weight=2.0536485955607935, subsample=0.881207583558071, subsample_freq=1; total time=   8.2s
[CV] END colsample_bytree=0.6888431241882921, learning_rate=0.033973073466736566, max_depth=6, min_child_samples=28, n_estimators=10000, num_leaves=221, reg_alpha=0.16829104217293056, reg_lambda=1.1562926587192108, scale_pos_weight=2.0536485955607935, subsample=0.881207583558071, subsample_freq=1; total time=   8.1s
[CV] END colsample_bytree=0.6888431241882921, learning_rate=0.033973073466736566, max_depth=6, min_child_samples=28, n_estimators=10000, num_leaves=221, reg_alpha=0.16829104217293056, reg_lambda=1.1562926587192108, scale_pos_weight=2.0536485955607935, subsample=0.881207583558071, subsample_freq=1; total time=   8.2s
----------
iter: 2
n_candidates: 5
n_resources: 41454
Fitting 5 folds for each of 5 candidates, totalling 25 fits
[CV] END colsample_bytree=0.7257423924305306, learning_rate=0.11171413823294056, max_depth=8, min_child_samples=27, n_estimators=10000, num_leaves=245, reg_alpha=0.41038292303562973, reg_lambda=2.766653415629146, scale_pos_weight=2.0536485955607935, subsample=0.9771414282231924, subsample_freq=1; total time=  11.2s
[CV] END colsample_bytree=0.7257423924305306, learning_rate=0.11171413823294056, max_depth=8, min_child_samples=27, n_estimators=10000, num_leaves=245, reg_alpha=0.41038292303562973, reg_lambda=2.766653415629146, scale_pos_weight=2.0536485955607935, subsample=0.9771414282231924, subsample_freq=1; total time=  11.1s
[CV] END colsample_bytree=0.7257423924305306, learning_rate=0.11171413823294056, max_depth=8, min_child_samples=27, n_estimators=10000, num_leaves=245, reg_alpha=0.41038292303562973, reg_lambda=2.766653415629146, scale_pos_weight=2.0536485955607935, subsample=0.9771414282231924, subsample_freq=1; total time=  11.1s
[CV] END colsample_bytree=0.7257423924305306, learning_rate=0.11171413823294056, max_depth=8, min_child_samples=27, n_estimators=10000, num_leaves=245, reg_alpha=0.41038292303562973, reg_lambda=2.766653415629146, scale_pos_weight=2.0536485955607935, subsample=0.9771414282231924, subsample_freq=1; total time=  11.1s
[CV] END colsample_bytree=0.7257423924305306, learning_rate=0.11171413823294056, max_depth=8, min_child_samples=27, n_estimators=10000, num_leaves=245, reg_alpha=0.41038292303562973, reg_lambda=2.766653415629146, scale_pos_weight=2.0536485955607935, subsample=0.9771414282231924, subsample_freq=1; total time=  11.1s
[CV] END colsample_bytree=0.9744619096643123, learning_rate=0.14920595933499461, max_depth=8, min_child_samples=28, n_estimators=10000, num_leaves=128, reg_alpha=0.6150072266991697, reg_lambda=3.47016155031279, scale_pos_weight=2.0536485955607935, subsample=0.7016654596278955, subsample_freq=1; total time=  12.4s
[CV] END colsample_bytree=0.9744619096643123, learning_rate=0.14920595933499461, max_depth=8, min_child_samples=28, n_estimators=10000, num_leaves=128, reg_alpha=0.6150072266991697, reg_lambda=3.47016155031279, scale_pos_weight=2.0536485955607935, subsample=0.7016654596278955, subsample_freq=1; total time=  12.6s
[CV] END colsample_bytree=0.9744619096643123, learning_rate=0.14920595933499461, max_depth=8, min_child_samples=28, n_estimators=10000, num_leaves=128, reg_alpha=0.6150072266991697, reg_lambda=3.47016155031279, scale_pos_weight=2.0536485955607935, subsample=0.7016654596278955, subsample_freq=1; total time=  13.6s
[CV] END colsample_bytree=0.9744619096643123, learning_rate=0.14920595933499461, max_depth=8, min_child_samples=28, n_estimators=10000, num_leaves=128, reg_alpha=0.6150072266991697, reg_lambda=3.47016155031279, scale_pos_weight=2.0536485955607935, subsample=0.7016654596278955, subsample_freq=1; total time=  12.3s
[CV] END colsample_bytree=0.9744619096643123, learning_rate=0.14920595933499461, max_depth=8, min_child_samples=28, n_estimators=10000, num_leaves=128, reg_alpha=0.6150072266991697, reg_lambda=3.47016155031279, scale_pos_weight=2.0536485955607935, subsample=0.7016654596278955, subsample_freq=1; total time=  12.5s
[CV] END colsample_bytree=0.7168578594140873, learning_rate=0.08327236865873834, max_depth=8, min_child_samples=66, n_estimators=10000, num_leaves=189, reg_alpha=0.6183860093330873, reg_lambda=1.6473859738014882, scale_pos_weight=2.0536485955607935, subsample=0.836965827544817, subsample_freq=1; total time=  13.0s
[CV] END colsample_bytree=0.7168578594140873, learning_rate=0.08327236865873834, max_depth=8, min_child_samples=66, n_estimators=10000, num_leaves=189, reg_alpha=0.6183860093330873, reg_lambda=1.6473859738014882, scale_pos_weight=2.0536485955607935, subsample=0.836965827544817, subsample_freq=1; total time=  13.2s
[CV] END colsample_bytree=0.7168578594140873, learning_rate=0.08327236865873834, max_depth=8, min_child_samples=66, n_estimators=10000, num_leaves=189, reg_alpha=0.6183860093330873, reg_lambda=1.6473859738014882, scale_pos_weight=2.0536485955607935, subsample=0.836965827544817, subsample_freq=1; total time=  13.1s
[CV] END colsample_bytree=0.7168578594140873, learning_rate=0.08327236865873834, max_depth=8, min_child_samples=66, n_estimators=10000, num_leaves=189, reg_alpha=0.6183860093330873, reg_lambda=1.6473859738014882, scale_pos_weight=2.0536485955607935, subsample=0.836965827544817, subsample_freq=1; total time=  13.2s
[CV] END colsample_bytree=0.7168578594140873, learning_rate=0.08327236865873834, max_depth=8, min_child_samples=66, n_estimators=10000, num_leaves=189, reg_alpha=0.6183860093330873, reg_lambda=1.6473859738014882, scale_pos_weight=2.0536485955607935, subsample=0.836965827544817, subsample_freq=1; total time=  13.1s
[CV] END colsample_bytree=0.6888431241882921, learning_rate=0.033973073466736566, max_depth=6, min_child_samples=28, n_estimators=10000, num_leaves=221, reg_alpha=0.16829104217293056, reg_lambda=1.1562926587192108, scale_pos_weight=2.0536485955607935, subsample=0.881207583558071, subsample_freq=1; total time=  13.6s
[CV] END colsample_bytree=0.6888431241882921, learning_rate=0.033973073466736566, max_depth=6, min_child_samples=28, n_estimators=10000, num_leaves=221, reg_alpha=0.16829104217293056, reg_lambda=1.1562926587192108, scale_pos_weight=2.0536485955607935, subsample=0.881207583558071, subsample_freq=1; total time=  13.9s
[CV] END colsample_bytree=0.6888431241882921, learning_rate=0.033973073466736566, max_depth=6, min_child_samples=28, n_estimators=10000, num_leaves=221, reg_alpha=0.16829104217293056, reg_lambda=1.1562926587192108, scale_pos_weight=2.0536485955607935, subsample=0.881207583558071, subsample_freq=1; total time=  14.0s
[CV] END colsample_bytree=0.6888431241882921, learning_rate=0.033973073466736566, max_depth=6, min_child_samples=28, n_estimators=10000, num_leaves=221, reg_alpha=0.16829104217293056, reg_lambda=1.1562926587192108, scale_pos_weight=2.0536485955607935, subsample=0.881207583558071, subsample_freq=1; total time=  13.8s
[CV] END colsample_bytree=0.6888431241882921, learning_rate=0.033973073466736566, max_depth=6, min_child_samples=28, n_estimators=10000, num_leaves=221, reg_alpha=0.16829104217293056, reg_lambda=1.1562926587192108, scale_pos_weight=2.0536485955607935, subsample=0.881207583558071, subsample_freq=1; total time=  13.9s
[CV] END colsample_bytree=0.7312610669898928, learning_rate=0.04100832334554884, max_depth=8, min_child_samples=26, n_estimators=10000, num_leaves=72, reg_alpha=0.8604046183116753, reg_lambda=1.2507540815475922, scale_pos_weight=2.0536485955607935, subsample=0.9290402242638633, subsample_freq=1; total time=  15.2s
[CV] END colsample_bytree=0.7312610669898928, learning_rate=0.04100832334554884, max_depth=8, min_child_samples=26, n_estimators=10000, num_leaves=72, reg_alpha=0.8604046183116753, reg_lambda=1.2507540815475922, scale_pos_weight=2.0536485955607935, subsample=0.9290402242638633, subsample_freq=1; total time=  15.5s
[CV] END colsample_bytree=0.7312610669898928, learning_rate=0.04100832334554884, max_depth=8, min_child_samples=26, n_estimators=10000, num_leaves=72, reg_alpha=0.8604046183116753, reg_lambda=1.2507540815475922, scale_pos_weight=2.0536485955607935, subsample=0.9290402242638633, subsample_freq=1; total time=  15.3s
[CV] END colsample_bytree=0.7312610669898928, learning_rate=0.04100832334554884, max_depth=8, min_child_samples=26, n_estimators=10000, num_leaves=72, reg_alpha=0.8604046183116753, reg_lambda=1.2507540815475922, scale_pos_weight=2.0536485955607935, subsample=0.9290402242638633, subsample_freq=1; total time=  15.5s
[CV] END colsample_bytree=0.7312610669898928, learning_rate=0.04100832334554884, max_depth=8, min_child_samples=26, n_estimators=10000, num_leaves=72, reg_alpha=0.8604046183116753, reg_lambda=1.2507540815475922, scale_pos_weight=2.0536485955607935, subsample=0.9290402242638633, subsample_freq=1; total time=  15.4s
----------
iter: 3
n_candidates: 2
n_resources: 124362
Fitting 5 folds for each of 2 candidates, totalling 10 fits
[CV] END colsample_bytree=0.7257423924305306, learning_rate=0.11171413823294056, max_depth=8, min_child_samples=27, n_estimators=10000, num_leaves=245, reg_alpha=0.41038292303562973, reg_lambda=2.766653415629146, scale_pos_weight=2.0536485955607935, subsample=0.9771414282231924, subsample_freq=1; total time=  32.8s
[CV] END colsample_bytree=0.7257423924305306, learning_rate=0.11171413823294056, max_depth=8, min_child_samples=27, n_estimators=10000, num_leaves=245, reg_alpha=0.41038292303562973, reg_lambda=2.766653415629146, scale_pos_weight=2.0536485955607935, subsample=0.9771414282231924, subsample_freq=1; total time=  32.6s
[CV] END colsample_bytree=0.7257423924305306, learning_rate=0.11171413823294056, max_depth=8, min_child_samples=27, n_estimators=10000, num_leaves=245, reg_alpha=0.41038292303562973, reg_lambda=2.766653415629146, scale_pos_weight=2.0536485955607935, subsample=0.9771414282231924, subsample_freq=1; total time=  32.6s
[CV] END colsample_bytree=0.7257423924305306, learning_rate=0.11171413823294056, max_depth=8, min_child_samples=27, n_estimators=10000, num_leaves=245, reg_alpha=0.41038292303562973, reg_lambda=2.766653415629146, scale_pos_weight=2.0536485955607935, subsample=0.9771414282231924, subsample_freq=1; total time=  32.6s
[CV] END colsample_bytree=0.7257423924305306, learning_rate=0.11171413823294056, max_depth=8, min_child_samples=27, n_estimators=10000, num_leaves=245, reg_alpha=0.41038292303562973, reg_lambda=2.766653415629146, scale_pos_weight=2.0536485955607935, subsample=0.9771414282231924, subsample_freq=1; total time=  32.8s
[CV] END colsample_bytree=0.7312610669898928, learning_rate=0.04100832334554884, max_depth=8, min_child_samples=26, n_estimators=10000, num_leaves=72, reg_alpha=0.8604046183116753, reg_lambda=1.2507540815475922, scale_pos_weight=2.0536485955607935, subsample=0.9290402242638633, subsample_freq=1; total time=  34.3s
[CV] END colsample_bytree=0.7312610669898928, learning_rate=0.04100832334554884, max_depth=8, min_child_samples=26, n_estimators=10000, num_leaves=72, reg_alpha=0.8604046183116753, reg_lambda=1.2507540815475922, scale_pos_weight=2.0536485955607935, subsample=0.9290402242638633, subsample_freq=1; total time=  34.3s
[CV] END colsample_bytree=0.7312610669898928, learning_rate=0.04100832334554884, max_depth=8, min_child_samples=26, n_estimators=10000, num_leaves=72, reg_alpha=0.8604046183116753, reg_lambda=1.2507540815475922, scale_pos_weight=2.0536485955607935, subsample=0.9290402242638633, subsample_freq=1; total time=  34.5s
[CV] END colsample_bytree=0.7312610669898928, learning_rate=0.04100832334554884, max_depth=8, min_child_samples=26, n_estimators=10000, num_leaves=72, reg_alpha=0.8604046183116753, reg_lambda=1.2507540815475922, scale_pos_weight=2.0536485955607935, subsample=0.9290402242638633, subsample_freq=1; total time=  34.4s
[CV] END colsample_bytree=0.7312610669898928, learning_rate=0.04100832334554884, max_depth=8, min_child_samples=26, n_estimators=10000, num_leaves=72, reg_alpha=0.8604046183116753, reg_lambda=1.2507540815475922, scale_pos_weight=2.0536485955607935, subsample=0.9290402242638633, subsample_freq=1; total time=  34.4s

Best F1-macro (CV on train): 0.9301

======================================================================
Threshold tuning on validation set 
======================================================================
  Best F1-macro   threshold (val): 0.50  : f1_macro=0.8913  recall_anom=0.8249
  Best F1-anomaly threshold (val): 0.50
  Best Youden     threshold (val): 0.20
  Best recall≥90  threshold (val): 0.05

======================================================================
Evaluation on TEST  (threshold=0.50 from val)
======================================================================

BASELINE  (test, threshold=0.5)
======================================================================
              precision    recall  f1-score   support

        Good     0.9259    0.8868    0.9059     11458
         Bad     0.7380    0.8180    0.7759      4466

    accuracy                         0.8675     15924
   macro avg     0.8319    0.8524    0.8409     15924
weighted avg     0.8732    0.8675    0.8695     15924


OPTIMIZED  (test, threshold=0.50 tuned on val, scoring=f1_macro)
======================================================================
              precision    recall  f1-score   support

        Good     0.9264    0.9094    0.9178     11458
         Bad     0.7780    0.8146    0.7959      4466

    accuracy                         0.8828     15924
   macro avg     0.8522    0.8620    0.8569     15924
weighted avg     0.8848    0.8828    0.8836     15924


======================================================================
Saving artifacts
======================================================================
  - Model
  - Plot bundle
  - Test results parquet
  - Threshold info
  - Best params JSON
  - HP search CSV
  - Threshold CSV
  - Classification report
  - MLflow model log

######################################################################
#  OCEANO: Indian
######################################################################
  Train : 69,557 profiles | 51.32% anomalous
  Val   : 17,924   profiles | 47.85% anomalous
  Test  : 12,290  profiles | 53.39% anomalous
  Features: 24  →  ['TEMP_max', 'TEMP_min', 'TEMP_mean', 'TEMP_std', 'TEMP_range', 'TEMP_max_grad', 'TEMP_mean_grad', 'TEMP_grad_std', 'PSAL_max', 'PSAL_min', 'PSAL_mean', 'PSAL_std', 'PSAL_range', 'PSAL_max_grad', 'PSAL_mean_grad', 'PSAL_grad_std', 'PRES_max', 'PRES_min', 'PRES_mean', 'PRES_std', 'PRES_range', 'PRES_max_grad', 'PRES_mean_grad', 'PRES_grad_std']
  Imbalance ratio (scale_pos_weight): 0.95

Using experiment 'LightGBM_Indian_2021_2025_TemporalSplit' (id=58)

======================================================================
Baseline LightGBM (200 arboles, threshold por defecto 0.5)
======================================================================
  Baseline ROC-AUC (test) : 0.9441
  Baseline F1-macro (test): 0.8895

======================================================================
HalvingRandomSearchCV — scoring=f1_macro  (CV en train only)
======================================================================

Starting hyperparameter search...
n_iterations: 4
n_required_iterations: 4
n_possible_iterations: 4
min_resources_: 2576
max_resources_: 69557
aggressive_elimination: False
factor: 3
----------
iter: 0
n_candidates: 40
n_resources: 2576
Fitting 5 folds for each of 40 candidates, totalling 200 fits
[CV] END colsample_bytree=0.749816047538945, learning_rate=0.20014286128198325, max_depth=5, min_child_samples=76, n_estimators=10000, num_leaves=203, reg_alpha=0.596850157946487, reg_lambda=1.8374982585607733, scale_pos_weight=<scipy.stats._distn_infrastructure.rv_continuous_frozen object at 0x7efc2d1c0fd0>, subsample=0.6232334448672797, subsample_freq=1; total time=   0.0s
[CV] END colsample_bytree=0.749816047538945, learning_rate=0.20014286128198325, max_depth=5, min_child_samples=76, n_estimators=10000, num_leaves=203, reg_alpha=0.596850157946487, reg_lambda=1.8374982585607733, scale_pos_weight=<scipy.stats._distn_infrastructure.rv_continuous_frozen object at 0x7efc2d1c0fd0>, subsample=0.6232334448672797, subsample_freq=1; total time=   0.0s
[CV] END colsample_bytree=0.749816047538945, learning_rate=0.20014286128198325, max_depth=5, min_child_samples=76, n_estimators=10000, num_leaves=203, reg_alpha=0.596850157946487, reg_lambda=1.8374982585607733, scale_pos_weight=<scipy.stats._distn_infrastructure.rv_continuous_frozen object at 0x7efc2d1c0fd0>, subsample=0.6232334448672797, subsample_freq=1; total time=   0.0s
[CV] END colsample_bytree=0.749816047538945, learning_rate=0.20014286128198325, max_depth=5, min_child_samples=76, n_estimators=10000, num_leaves=203, reg_alpha=0.596850157946487, reg_lambda=1.8374982585607733, scale_pos_weight=<scipy.stats._distn_infrastructure.rv_continuous_frozen object at 0x7efc2d1c0fd0>, subsample=0.6232334448672797, subsample_freq=1; total time=   0.0s
[CV] END colsample_bytree=0.749816047538945, learning_rate=0.20014286128198325, max_depth=5, min_child_samples=76, n_estimators=10000, num_leaves=203, reg_alpha=0.596850157946487, reg_lambda=1.8374982585607733, scale_pos_weight=<scipy.stats._distn_infrastructure.rv_continuous_frozen object at 0x7efc2d1c0fd0>, subsample=0.6232334448672797, subsample_freq=1; total time=   0.0s
[CV] END colsample_bytree=0.9464704583099741, learning_rate=0.13022300234864176, max_depth=5, min_child_samples=26, n_estimators=10000, num_leaves=67, reg_alpha=0.9699098521619943, reg_lambda=2.997327922401265, scale_pos_weight=0.9487028632263126, subsample=0.6003115063364057, subsample_freq=1; total time=   1.1s
[CV] END colsample_bytree=0.9464704583099741, learning_rate=0.13022300234864176, max_depth=5, min_child_samples=26, n_estimators=10000, num_leaves=67, reg_alpha=0.9699098521619943, reg_lambda=2.997327922401265, scale_pos_weight=0.9487028632263126, subsample=0.6003115063364057, subsample_freq=1; total time=   1.1s
[CV] END colsample_bytree=0.9464704583099741, learning_rate=0.13022300234864176, max_depth=5, min_child_samples=26, n_estimators=10000, num_leaves=67, reg_alpha=0.9699098521619943, reg_lambda=2.997327922401265, scale_pos_weight=0.9487028632263126, subsample=0.6003115063364057, subsample_freq=1; total time=   1.1s
[CV] END colsample_bytree=0.9464704583099741, learning_rate=0.13022300234864176, max_depth=5, min_child_samples=26, n_estimators=10000, num_leaves=67, reg_alpha=0.9699098521619943, reg_lambda=2.997327922401265, scale_pos_weight=0.9487028632263126, subsample=0.6003115063364057, subsample_freq=1; total time=   1.1s
[CV] END colsample_bytree=0.9464704583099741, learning_rate=0.13022300234864176, max_depth=5, min_child_samples=26, n_estimators=10000, num_leaves=67, reg_alpha=0.9699098521619943, reg_lambda=2.997327922401265, scale_pos_weight=0.9487028632263126, subsample=0.6003115063364057, subsample_freq=1; total time=   1.1s
[CV] END colsample_bytree=0.996884623716487, learning_rate=0.13349630192554332, max_depth=4, min_child_samples=26, n_estimators=10000, num_leaves=250, reg_alpha=0.023062425041415757, reg_lambda=2.0743239807751674, scale_pos_weight=<scipy.stats._distn_infrastructure.rv_continuous_frozen object at 0x7efc2d1c0fd0>, subsample=0.6557975442608167, subsample_freq=1; total time=   0.0s
[CV] END colsample_bytree=0.996884623716487, learning_rate=0.13349630192554332, max_depth=4, min_child_samples=26, n_estimators=10000, num_leaves=250, reg_alpha=0.023062425041415757, reg_lambda=2.0743239807751674, scale_pos_weight=<scipy.stats._distn_infrastructure.rv_continuous_frozen object at 0x7efc2d1c0fd0>, subsample=0.6557975442608167, subsample_freq=1; total time=   0.0s
[CV] END colsample_bytree=0.996884623716487, learning_rate=0.13349630192554332, max_depth=4, min_child_samples=26, n_estimators=10000, num_leaves=250, reg_alpha=0.023062425041415757, reg_lambda=2.0743239807751674, scale_pos_weight=<scipy.stats._distn_infrastructure.rv_continuous_frozen object at 0x7efc2d1c0fd0>, subsample=0.6557975442608167, subsample_freq=1; total time=   0.0s
[CV] END colsample_bytree=0.996884623716487, learning_rate=0.13349630192554332, max_depth=4, min_child_samples=26, n_estimators=10000, num_leaves=250, reg_alpha=0.023062425041415757, reg_lambda=2.0743239807751674, scale_pos_weight=<scipy.stats._distn_infrastructure.rv_continuous_frozen object at 0x7efc2d1c0fd0>, subsample=0.6557975442608167, subsample_freq=1; total time=   0.0s
[CV] END colsample_bytree=0.996884623716487, learning_rate=0.13349630192554332, max_depth=4, min_child_samples=26, n_estimators=10000, num_leaves=250, reg_alpha=0.023062425041415757, reg_lambda=2.0743239807751674, scale_pos_weight=<scipy.stats._distn_infrastructure.rv_continuous_frozen object at 0x7efc2d1c0fd0>, subsample=0.6557975442608167, subsample_freq=1; total time=   0.0s
[CV] END colsample_bytree=0.7168578594140873, learning_rate=0.08327236865873834, max_depth=8, min_child_samples=66, n_estimators=10000, num_leaves=189, reg_alpha=0.6183860093330873, reg_lambda=1.6473859738014882, scale_pos_weight=0.9487028632263126, subsample=0.836965827544817, subsample_freq=1; total time=   1.2s
[CV] END colsample_bytree=0.7168578594140873, learning_rate=0.08327236865873834, max_depth=8, min_child_samples=66, n_estimators=10000, num_leaves=189, reg_alpha=0.6183860093330873, reg_lambda=1.6473859738014882, scale_pos_weight=0.9487028632263126, subsample=0.836965827544817, subsample_freq=1; total time=   1.1s
[CV] END colsample_bytree=0.7168578594140873, learning_rate=0.08327236865873834, max_depth=8, min_child_samples=66, n_estimators=10000, num_leaves=189, reg_alpha=0.6183860093330873, reg_lambda=1.6473859738014882, scale_pos_weight=0.9487028632263126, subsample=0.836965827544817, subsample_freq=1; total time=   1.2s
[CV] END colsample_bytree=0.7168578594140873, learning_rate=0.08327236865873834, max_depth=8, min_child_samples=66, n_estimators=10000, num_leaves=189, reg_alpha=0.6183860093330873, reg_lambda=1.6473859738014882, scale_pos_weight=0.9487028632263126, subsample=0.836965827544817, subsample_freq=1; total time=   1.1s
[CV] END colsample_bytree=0.7168578594140873, learning_rate=0.08327236865873834, max_depth=8, min_child_samples=66, n_estimators=10000, num_leaves=189, reg_alpha=0.6183860093330873, reg_lambda=1.6473859738014882, scale_pos_weight=0.9487028632263126, subsample=0.836965827544817, subsample_freq=1; total time=   1.2s
[CV] END colsample_bytree=0.6185801650879991, learning_rate=0.1315089703802877, max_depth=7, min_child_samples=77, n_estimators=10000, num_leaves=181, reg_alpha=0.013264961159866528, reg_lambda=3.3266052670545583, scale_pos_weight=0.9487028632263126, subsample=0.9233589392465844, subsample_freq=1; total time=   2.5s
[CV] END colsample_bytree=0.6185801650879991, learning_rate=0.1315089703802877, max_depth=7, min_child_samples=77, n_estimators=10000, num_leaves=181, reg_alpha=0.013264961159866528, reg_lambda=3.3266052670545583, scale_pos_weight=0.9487028632263126, subsample=0.9233589392465844, subsample_freq=1; total time=   2.4s
[CV] END colsample_bytree=0.6185801650879991, learning_rate=0.1315089703802877, max_depth=7, min_child_samples=77, n_estimators=10000, num_leaves=181, reg_alpha=0.013264961159866528, reg_lambda=3.3266052670545583, scale_pos_weight=0.9487028632263126, subsample=0.9233589392465844, subsample_freq=1; total time=   2.5s
[CV] END colsample_bytree=0.6185801650879991, learning_rate=0.1315089703802877, max_depth=7, min_child_samples=77, n_estimators=10000, num_leaves=181, reg_alpha=0.013264961159866528, reg_lambda=3.3266052670545583, scale_pos_weight=0.9487028632263126, subsample=0.9233589392465844, subsample_freq=1; total time=   2.4s
[CV] END colsample_bytree=0.6185801650879991, learning_rate=0.1315089703802877, max_depth=7, min_child_samples=77, n_estimators=10000, num_leaves=181, reg_alpha=0.013264961159866528, reg_lambda=3.3266052670545583, scale_pos_weight=0.9487028632263126, subsample=0.9233589392465844, subsample_freq=1; total time=   2.5s
[CV] END colsample_bytree=0.7218455076693483, learning_rate=0.02953442280127678, max_depth=6, min_child_samples=96, n_estimators=10000, num_leaves=125, reg_alpha=0.6832635188254582, reg_lambda=2.3299899733478626, scale_pos_weight=0.9487028632263126, subsample=0.6137554084460873, subsample_freq=1; total time=   1.8s
[CV] END colsample_bytree=0.7218455076693483, learning_rate=0.02953442280127678, max_depth=6, min_child_samples=96, n_estimators=10000, num_leaves=125, reg_alpha=0.6832635188254582, reg_lambda=2.3299899733478626, scale_pos_weight=0.9487028632263126, subsample=0.6137554084460873, subsample_freq=1; total time=   1.8s
[CV] END colsample_bytree=0.7218455076693483, learning_rate=0.02953442280127678, max_depth=6, min_child_samples=96, n_estimators=10000, num_leaves=125, reg_alpha=0.6832635188254582, reg_lambda=2.3299899733478626, scale_pos_weight=0.9487028632263126, subsample=0.6137554084460873, subsample_freq=1; total time=   1.9s
[CV] END colsample_bytree=0.7218455076693483, learning_rate=0.02953442280127678, max_depth=6, min_child_samples=96, n_estimators=10000, num_leaves=125, reg_alpha=0.6832635188254582, reg_lambda=2.3299899733478626, scale_pos_weight=0.9487028632263126, subsample=0.6137554084460873, subsample_freq=1; total time=   1.9s
[CV] END colsample_bytree=0.7218455076693483, learning_rate=0.02953442280127678, max_depth=6, min_child_samples=96, n_estimators=10000, num_leaves=125, reg_alpha=0.6832635188254582, reg_lambda=2.3299899733478626, scale_pos_weight=0.9487028632263126, subsample=0.6137554084460873, subsample_freq=1; total time=   1.9s
[CV] END colsample_bytree=0.9637281608315128, learning_rate=0.061755996320003385, max_depth=6, min_child_samples=6, n_estimators=10000, num_leaves=148, reg_alpha=0.20794166286818883, reg_lambda=2.2031009834599744, scale_pos_weight=<scipy.stats._distn_infrastructure.rv_continuous_frozen object at 0x7efc2d1c0fd0>, subsample=0.9878338511058234, subsample_freq=1; total time=   0.0s
[CV] END colsample_bytree=0.9637281608315128, learning_rate=0.061755996320003385, max_depth=6, min_child_samples=6, n_estimators=10000, num_leaves=148, reg_alpha=0.20794166286818883, reg_lambda=2.2031009834599744, scale_pos_weight=<scipy.stats._distn_infrastructure.rv_continuous_frozen object at 0x7efc2d1c0fd0>, subsample=0.9878338511058234, subsample_freq=1; total time=   0.0s
[CV] END colsample_bytree=0.9637281608315128, learning_rate=0.061755996320003385, max_depth=6, min_child_samples=6, n_estimators=10000, num_leaves=148, reg_alpha=0.20794166286818883, reg_lambda=2.2031009834599744, scale_pos_weight=<scipy.stats._distn_infrastructure.rv_continuous_frozen object at 0x7efc2d1c0fd0>, subsample=0.9878338511058234, subsample_freq=1; total time=   0.0s
[CV] END colsample_bytree=0.9637281608315128, learning_rate=0.061755996320003385, max_depth=6, min_child_samples=6, n_estimators=10000, num_leaves=148, reg_alpha=0.20794166286818883, reg_lambda=2.2031009834599744, scale_pos_weight=<scipy.stats._distn_infrastructure.rv_continuous_frozen object at 0x7efc2d1c0fd0>, subsample=0.9878338511058234, subsample_freq=1; total time=   0.0s
[CV] END colsample_bytree=0.9637281608315128, learning_rate=0.061755996320003385, max_depth=6, min_child_samples=6, n_estimators=10000, num_leaves=148, reg_alpha=0.20794166286818883, reg_lambda=2.2031009834599744, scale_pos_weight=<scipy.stats._distn_infrastructure.rv_continuous_frozen object at 0x7efc2d1c0fd0>, subsample=0.9878338511058234, subsample_freq=1; total time=   0.0s
[CV] END colsample_bytree=0.9100531293444458, learning_rate=0.19789978831283783, max_depth=8, min_child_samples=18, n_estimators=10000, num_leaves=109, reg_alpha=0.9218742350231168, reg_lambda=0.7654775061557585, scale_pos_weight=<scipy.stats._distn_infrastructure.rv_continuous_frozen object at 0x7efc2d1c0fd0>, subsample=0.8083337040103294, subsample_freq=1; total time=   0.0s
[CV] END colsample_bytree=0.9100531293444458, learning_rate=0.19789978831283783, max_depth=8, min_child_samples=18, n_estimators=10000, num_leaves=109, reg_alpha=0.9218742350231168, reg_lambda=0.7654775061557585, scale_pos_weight=<scipy.stats._distn_infrastructure.rv_continuous_frozen object at 0x7efc2d1c0fd0>, subsample=0.8083337040103294, subsample_freq=1; total time=   0.0s
[CV] END colsample_bytree=0.9100531293444458, learning_rate=0.19789978831283783, max_depth=8, min_child_samples=18, n_estimators=10000, num_leaves=109, reg_alpha=0.9218742350231168, reg_lambda=0.7654775061557585, scale_pos_weight=<scipy.stats._distn_infrastructure.rv_continuous_frozen object at 0x7efc2d1c0fd0>, subsample=0.8083337040103294, subsample_freq=1; total time=   0.0s
[CV] END colsample_bytree=0.9100531293444458, learning_rate=0.19789978831283783, max_depth=8, min_child_samples=18, n_estimators=10000, num_leaves=109, reg_alpha=0.9218742350231168, reg_lambda=0.7654775061557585, scale_pos_weight=<scipy.stats._distn_infrastructure.rv_continuous_frozen object at 0x7efc2d1c0fd0>, subsample=0.8083337040103294, subsample_freq=1; total time=   0.0s
[CV] END colsample_bytree=0.9100531293444458, learning_rate=0.19789978831283783, max_depth=8, min_child_samples=18, n_estimators=10000, num_leaves=109, reg_alpha=0.9218742350231168, reg_lambda=0.7654775061557585, scale_pos_weight=<scipy.stats._distn_infrastructure.rv_continuous_frozen object at 0x7efc2d1c0fd0>, subsample=0.8083337040103294, subsample_freq=1; total time=   0.0s
[CV] END colsample_bytree=0.9844688097397396, learning_rate=0.1789067697356303, max_depth=7, min_child_samples=86, n_estimators=10000, num_leaves=125, reg_alpha=0.8287375091519293, reg_lambda=1.5702599800807677, scale_pos_weight=0.9487028632263126, subsample=0.8428136990746738, subsample_freq=1; total time=   0.8s
[CV] END colsample_bytree=0.9844688097397396, learning_rate=0.1789067697356303, max_depth=7, min_child_samples=86, n_estimators=10000, num_leaves=125, reg_alpha=0.8287375091519293, reg_lambda=1.5702599800807677, scale_pos_weight=0.9487028632263126, subsample=0.8428136990746738, subsample_freq=1; total time=   0.8s
[CV] END colsample_bytree=0.9844688097397396, learning_rate=0.1789067697356303, max_depth=7, min_child_samples=86, n_estimators=10000, num_leaves=125, reg_alpha=0.8287375091519293, reg_lambda=1.5702599800807677, scale_pos_weight=0.9487028632263126, subsample=0.8428136990746738, subsample_freq=1; total time=   0.9s
[CV] END colsample_bytree=0.9844688097397396, learning_rate=0.1789067697356303, max_depth=7, min_child_samples=86, n_estimators=10000, num_leaves=125, reg_alpha=0.8287375091519293, reg_lambda=1.5702599800807677, scale_pos_weight=0.9487028632263126, subsample=0.8428136990746738, subsample_freq=1; total time=   0.8s
[CV] END colsample_bytree=0.9844688097397396, learning_rate=0.1789067697356303, max_depth=7, min_child_samples=86, n_estimators=10000, num_leaves=125, reg_alpha=0.8287375091519293, reg_lambda=1.5702599800807677, scale_pos_weight=0.9487028632263126, subsample=0.8428136990746738, subsample_freq=1; total time=   0.9s
[CV] END colsample_bytree=0.7103996728090174, learning_rate=0.06925470114081649, max_depth=7, min_child_samples=69, n_estimators=10000, num_leaves=103, reg_alpha=0.9868869366005173, reg_lambda=2.8167343078899725, scale_pos_weight=0.9487028632263126, subsample=0.7173952698872152, subsample_freq=1; total time=   1.4s
[CV] END colsample_bytree=0.7103996728090174, learning_rate=0.06925470114081649, max_depth=7, min_child_samples=69, n_estimators=10000, num_leaves=103, reg_alpha=0.9868869366005173, reg_lambda=2.8167343078899725, scale_pos_weight=0.9487028632263126, subsample=0.7173952698872152, subsample_freq=1; total time=   1.3s
[CV] END colsample_bytree=0.7103996728090174, learning_rate=0.06925470114081649, max_depth=7, min_child_samples=69, n_estimators=10000, num_leaves=103, reg_alpha=0.9868869366005173, reg_lambda=2.8167343078899725, scale_pos_weight=0.9487028632263126, subsample=0.7173952698872152, subsample_freq=1; total time=   1.4s
[CV] END colsample_bytree=0.7103996728090174, learning_rate=0.06925470114081649, max_depth=7, min_child_samples=69, n_estimators=10000, num_leaves=103, reg_alpha=0.9868869366005173, reg_lambda=2.8167343078899725, scale_pos_weight=0.9487028632263126, subsample=0.7173952698872152, subsample_freq=1; total time=   1.3s
[CV] END colsample_bytree=0.7103996728090174, learning_rate=0.06925470114081649, max_depth=7, min_child_samples=69, n_estimators=10000, num_leaves=103, reg_alpha=0.9868869366005173, reg_lambda=2.8167343078899725, scale_pos_weight=0.9487028632263126, subsample=0.7173952698872152, subsample_freq=1; total time=   1.4s
[CV] END colsample_bytree=0.6056319290860338, learning_rate=0.049768480817761036, max_depth=5, min_child_samples=39, n_estimators=10000, num_leaves=47, reg_alpha=0.6059599747810114, reg_lambda=3.278902635540047, scale_pos_weight=0.9487028632263126, subsample=0.6463476238100518, subsample_freq=1; total time=   1.7s
[CV] END colsample_bytree=0.6056319290860338, learning_rate=0.049768480817761036, max_depth=5, min_child_samples=39, n_estimators=10000, num_leaves=47, reg_alpha=0.6059599747810114, reg_lambda=3.278902635540047, scale_pos_weight=0.9487028632263126, subsample=0.6463476238100518, subsample_freq=1; total time=   1.7s
[CV] END colsample_bytree=0.6056319290860338, learning_rate=0.049768480817761036, max_depth=5, min_child_samples=39, n_estimators=10000, num_leaves=47, reg_alpha=0.6059599747810114, reg_lambda=3.278902635540047, scale_pos_weight=0.9487028632263126, subsample=0.6463476238100518, subsample_freq=1; total time=   1.8s
[CV] END colsample_bytree=0.6056319290860338, learning_rate=0.049768480817761036, max_depth=5, min_child_samples=39, n_estimators=10000, num_leaves=47, reg_alpha=0.6059599747810114, reg_lambda=3.278902635540047, scale_pos_weight=0.9487028632263126, subsample=0.6463476238100518, subsample_freq=1; total time=   1.7s
[CV] END colsample_bytree=0.6056319290860338, learning_rate=0.049768480817761036, max_depth=5, min_child_samples=39, n_estimators=10000, num_leaves=47, reg_alpha=0.6059599747810114, reg_lambda=3.278902635540047, scale_pos_weight=0.9487028632263126, subsample=0.6463476238100518, subsample_freq=1; total time=   1.7s
[CV] END colsample_bytree=0.9452413703502374, learning_rate=0.1346596253655116, max_depth=4, min_child_samples=37, n_estimators=10000, num_leaves=62, reg_alpha=0.37081825219826636, reg_lambda=2.5065237579908217, scale_pos_weight=<scipy.stats._distn_infrastructure.rv_continuous_frozen object at 0x7efc2d1c0fd0>, subsample=0.8918424713352255, subsample_freq=1; total time=   0.0s
[CV] END colsample_bytree=0.9452413703502374, learning_rate=0.1346596253655116, max_depth=4, min_child_samples=37, n_estimators=10000, num_leaves=62, reg_alpha=0.37081825219826636, reg_lambda=2.5065237579908217, scale_pos_weight=<scipy.stats._distn_infrastructure.rv_continuous_frozen object at 0x7efc2d1c0fd0>, subsample=0.8918424713352255, subsample_freq=1; total time=   0.0s
[CV] END colsample_bytree=0.9452413703502374, learning_rate=0.1346596253655116, max_depth=4, min_child_samples=37, n_estimators=10000, num_leaves=62, reg_alpha=0.37081825219826636, reg_lambda=2.5065237579908217, scale_pos_weight=<scipy.stats._distn_infrastructure.rv_continuous_frozen object at 0x7efc2d1c0fd0>, subsample=0.8918424713352255, subsample_freq=1; total time=   0.0s
[CV] END colsample_bytree=0.9452413703502374, learning_rate=0.1346596253655116, max_depth=4, min_child_samples=37, n_estimators=10000, num_leaves=62, reg_alpha=0.37081825219826636, reg_lambda=2.5065237579908217, scale_pos_weight=<scipy.stats._distn_infrastructure.rv_continuous_frozen object at 0x7efc2d1c0fd0>, subsample=0.8918424713352255, subsample_freq=1; total time=   0.0s
[CV] END colsample_bytree=0.9452413703502374, learning_rate=0.1346596253655116, max_depth=4, min_child_samples=37, n_estimators=10000, num_leaves=62, reg_alpha=0.37081825219826636, reg_lambda=2.5065237579908217, scale_pos_weight=<scipy.stats._distn_infrastructure.rv_continuous_frozen object at 0x7efc2d1c0fd0>, subsample=0.8918424713352255, subsample_freq=1; total time=   0.0s
[CV] END colsample_bytree=0.8550229885420852, learning_rate=0.18744254851526532, max_depth=3, min_child_samples=51, n_estimators=10000, num_leaves=220, reg_alpha=0.8489138242660839, reg_lambda=2.6651885634946195, scale_pos_weight=<scipy.stats._distn_infrastructure.rv_continuous_frozen object at 0x7efc2d1c0fd0>, subsample=0.9083868719818244, subsample_freq=1; total time=   0.0s
[CV] END colsample_bytree=0.8550229885420852, learning_rate=0.18744254851526532, max_depth=3, min_child_samples=51, n_estimators=10000, num_leaves=220, reg_alpha=0.8489138242660839, reg_lambda=2.6651885634946195, scale_pos_weight=<scipy.stats._distn_infrastructure.rv_continuous_frozen object at 0x7efc2d1c0fd0>, subsample=0.9083868719818244, subsample_freq=1; total time=   0.0s
[CV] END colsample_bytree=0.8550229885420852, learning_rate=0.18744254851526532, max_depth=3, min_child_samples=51, n_estimators=10000, num_leaves=220, reg_alpha=0.8489138242660839, reg_lambda=2.6651885634946195, scale_pos_weight=<scipy.stats._distn_infrastructure.rv_continuous_frozen object at 0x7efc2d1c0fd0>, subsample=0.9083868719818244, subsample_freq=1; total time=   0.0s
[CV] END colsample_bytree=0.8550229885420852, learning_rate=0.18744254851526532, max_depth=3, min_child_samples=51, n_estimators=10000, num_leaves=220, reg_alpha=0.8489138242660839, reg_lambda=2.6651885634946195, scale_pos_weight=<scipy.stats._distn_infrastructure.rv_continuous_frozen object at 0x7efc2d1c0fd0>, subsample=0.9083868719818244, subsample_freq=1; total time=   0.0s
[CV] END colsample_bytree=0.8550229885420852, learning_rate=0.18744254851526532, max_depth=3, min_child_samples=51, n_estimators=10000, num_leaves=220, reg_alpha=0.8489138242660839, reg_lambda=2.6651885634946195, scale_pos_weight=<scipy.stats._distn_infrastructure.rv_continuous_frozen object at 0x7efc2d1c0fd0>, subsample=0.9083868719818244, subsample_freq=1; total time=   0.0s
[CV] END colsample_bytree=0.7975182385457563, learning_rate=0.11454656587639882, max_depth=9, min_child_samples=94, n_estimators=10000, num_leaves=56, reg_alpha=0.4393365018657701, reg_lambda=1.1051576070061886, scale_pos_weight=0.9487028632263126, subsample=0.8545641645055122, subsample_freq=1; total time=   1.0s
[CV] END colsample_bytree=0.7975182385457563, learning_rate=0.11454656587639882, max_depth=9, min_child_samples=94, n_estimators=10000, num_leaves=56, reg_alpha=0.4393365018657701, reg_lambda=1.1051576070061886, scale_pos_weight=0.9487028632263126, subsample=0.8545641645055122, subsample_freq=1; total time=   1.0s
[CV] END colsample_bytree=0.7975182385457563, learning_rate=0.11454656587639882, max_depth=9, min_child_samples=94, n_estimators=10000, num_leaves=56, reg_alpha=0.4393365018657701, reg_lambda=1.1051576070061886, scale_pos_weight=0.9487028632263126, subsample=0.8545641645055122, subsample_freq=1; total time=   1.1s
[CV] END colsample_bytree=0.7975182385457563, learning_rate=0.11454656587639882, max_depth=9, min_child_samples=94, n_estimators=10000, num_leaves=56, reg_alpha=0.4393365018657701, reg_lambda=1.1051576070061886, scale_pos_weight=0.9487028632263126, subsample=0.8545641645055122, subsample_freq=1; total time=   1.0s
[CV] END colsample_bytree=0.7975182385457563, learning_rate=0.11454656587639882, max_depth=9, min_child_samples=94, n_estimators=10000, num_leaves=56, reg_alpha=0.4393365018657701, reg_lambda=1.1051576070061886, scale_pos_weight=0.9487028632263126, subsample=0.8545641645055122, subsample_freq=1; total time=   1.1s
[CV] END colsample_bytree=0.7257423924305306, learning_rate=0.11171413823294056, max_depth=8, min_child_samples=27, n_estimators=10000, num_leaves=245, reg_alpha=0.41038292303562973, reg_lambda=2.766653415629146, scale_pos_weight=0.9487028632263126, subsample=0.9771414282231924, subsample_freq=1; total time=   0.9s
[CV] END colsample_bytree=0.7257423924305306, learning_rate=0.11171413823294056, max_depth=8, min_child_samples=27, n_estimators=10000, num_leaves=245, reg_alpha=0.41038292303562973, reg_lambda=2.766653415629146, scale_pos_weight=0.9487028632263126, subsample=0.9771414282231924, subsample_freq=1; total time=   0.8s
[CV] END colsample_bytree=0.7257423924305306, learning_rate=0.11171413823294056, max_depth=8, min_child_samples=27, n_estimators=10000, num_leaves=245, reg_alpha=0.41038292303562973, reg_lambda=2.766653415629146, scale_pos_weight=0.9487028632263126, subsample=0.9771414282231924, subsample_freq=1; total time=   0.9s
[CV] END colsample_bytree=0.7257423924305306, learning_rate=0.11171413823294056, max_depth=8, min_child_samples=27, n_estimators=10000, num_leaves=245, reg_alpha=0.41038292303562973, reg_lambda=2.766653415629146, scale_pos_weight=0.9487028632263126, subsample=0.9771414282231924, subsample_freq=1; total time=   0.8s
[CV] END colsample_bytree=0.7257423924305306, learning_rate=0.11171413823294056, max_depth=8, min_child_samples=27, n_estimators=10000, num_leaves=245, reg_alpha=0.41038292303562973, reg_lambda=2.766653415629146, scale_pos_weight=0.9487028632263126, subsample=0.9771414282231924, subsample_freq=1; total time=   0.9s
[CV] END colsample_bytree=0.8395461865954144, learning_rate=0.14895698660794093, max_depth=6, min_child_samples=70, n_estimators=10000, num_leaves=184, reg_alpha=0.808120379564417, reg_lambda=2.4002112695312703, scale_pos_weight=0.9487028632263126, subsample=0.782613828193164, subsample_freq=1; total time=   1.0s
[CV] END colsample_bytree=0.8395461865954144, learning_rate=0.14895698660794093, max_depth=6, min_child_samples=70, n_estimators=10000, num_leaves=184, reg_alpha=0.808120379564417, reg_lambda=2.4002112695312703, scale_pos_weight=0.9487028632263126, subsample=0.782613828193164, subsample_freq=1; total time=   1.0s
[CV] END colsample_bytree=0.8395461865954144, learning_rate=0.14895698660794093, max_depth=6, min_child_samples=70, n_estimators=10000, num_leaves=184, reg_alpha=0.808120379564417, reg_lambda=2.4002112695312703, scale_pos_weight=0.9487028632263126, subsample=0.782613828193164, subsample_freq=1; total time=   1.0s
[CV] END colsample_bytree=0.8395461865954144, learning_rate=0.14895698660794093, max_depth=6, min_child_samples=70, n_estimators=10000, num_leaves=184, reg_alpha=0.808120379564417, reg_lambda=2.4002112695312703, scale_pos_weight=0.9487028632263126, subsample=0.782613828193164, subsample_freq=1; total time=   0.9s
[CV] END colsample_bytree=0.8395461865954144, learning_rate=0.14895698660794093, max_depth=6, min_child_samples=70, n_estimators=10000, num_leaves=184, reg_alpha=0.808120379564417, reg_lambda=2.4002112695312703, scale_pos_weight=0.9487028632263126, subsample=0.782613828193164, subsample_freq=1; total time=   1.0s
[CV] END colsample_bytree=0.6873761748867334, learning_rate=0.09330198957407325, max_depth=8, min_child_samples=79, n_estimators=10000, num_leaves=142, reg_alpha=0.8074401551640625, reg_lambda=3.1882738997704796, scale_pos_weight=<scipy.stats._distn_infrastructure.rv_continuous_frozen object at 0x7efc2d1c0fd0>, subsample=0.9627313766183017, subsample_freq=1; total time=   0.0s
[CV] END colsample_bytree=0.6873761748867334, learning_rate=0.09330198957407325, max_depth=8, min_child_samples=79, n_estimators=10000, num_leaves=142, reg_alpha=0.8074401551640625, reg_lambda=3.1882738997704796, scale_pos_weight=<scipy.stats._distn_infrastructure.rv_continuous_frozen object at 0x7efc2d1c0fd0>, subsample=0.9627313766183017, subsample_freq=1; total time=   0.0s
[CV] END colsample_bytree=0.6873761748867334, learning_rate=0.09330198957407325, max_depth=8, min_child_samples=79, n_estimators=10000, num_leaves=142, reg_alpha=0.8074401551640625, reg_lambda=3.1882738997704796, scale_pos_weight=<scipy.stats._distn_infrastructure.rv_continuous_frozen object at 0x7efc2d1c0fd0>, subsample=0.9627313766183017, subsample_freq=1; total time=   0.0s
[CV] END colsample_bytree=0.6873761748867334, learning_rate=0.09330198957407325, max_depth=8, min_child_samples=79, n_estimators=10000, num_leaves=142, reg_alpha=0.8074401551640625, reg_lambda=3.1882738997704796, scale_pos_weight=<scipy.stats._distn_infrastructure.rv_continuous_frozen object at 0x7efc2d1c0fd0>, subsample=0.9627313766183017, subsample_freq=1; total time=   0.0s
[CV] END colsample_bytree=0.6873761748867334, learning_rate=0.09330198957407325, max_depth=8, min_child_samples=79, n_estimators=10000, num_leaves=142, reg_alpha=0.8074401551640625, reg_lambda=3.1882738997704796, scale_pos_weight=<scipy.stats._distn_infrastructure.rv_continuous_frozen object at 0x7efc2d1c0fd0>, subsample=0.9627313766183017, subsample_freq=1; total time=   0.0s
[CV] END colsample_bytree=0.7088528997538541, learning_rate=0.13953802410827248, max_depth=3, min_child_samples=81, n_estimators=10000, num_leaves=247, reg_alpha=0.30478125815802903, reg_lambda=0.9939675594288252, scale_pos_weight=<scipy.stats._distn_infrastructure.rv_continuous_frozen object at 0x7efc2d1c0fd0>, subsample=0.7669644012595116, subsample_freq=1; total time=   0.0s
[CV] END colsample_bytree=0.7088528997538541, learning_rate=0.13953802410827248, max_depth=3, min_child_samples=81, n_estimators=10000, num_leaves=247, reg_alpha=0.30478125815802903, reg_lambda=0.9939675594288252, scale_pos_weight=<scipy.stats._distn_infrastructure.rv_continuous_frozen object at 0x7efc2d1c0fd0>, subsample=0.7669644012595116, subsample_freq=1; total time=   0.0s
[CV] END colsample_bytree=0.7088528997538541, learning_rate=0.13953802410827248, max_depth=3, min_child_samples=81, n_estimators=10000, num_leaves=247, reg_alpha=0.30478125815802903, reg_lambda=0.9939675594288252, scale_pos_weight=<scipy.stats._distn_infrastructure.rv_continuous_frozen object at 0x7efc2d1c0fd0>, subsample=0.7669644012595116, subsample_freq=1; total time=   0.0s
[CV] END colsample_bytree=0.7088528997538541, learning_rate=0.13953802410827248, max_depth=3, min_child_samples=81, n_estimators=10000, num_leaves=247, reg_alpha=0.30478125815802903, reg_lambda=0.9939675594288252, scale_pos_weight=<scipy.stats._distn_infrastructure.rv_continuous_frozen object at 0x7efc2d1c0fd0>, subsample=0.7669644012595116, subsample_freq=1; total time=   0.0s
[CV] END colsample_bytree=0.7088528997538541, learning_rate=0.13953802410827248, max_depth=3, min_child_samples=81, n_estimators=10000, num_leaves=247, reg_alpha=0.30478125815802903, reg_lambda=0.9939675594288252, scale_pos_weight=<scipy.stats._distn_infrastructure.rv_continuous_frozen object at 0x7efc2d1c0fd0>, subsample=0.7669644012595116, subsample_freq=1; total time=   0.0s
[CV] END colsample_bytree=0.6888431241882921, learning_rate=0.033973073466736566, max_depth=6, min_child_samples=28, n_estimators=10000, num_leaves=221, reg_alpha=0.16829104217293056, reg_lambda=1.1562926587192108, scale_pos_weight=0.9487028632263126, subsample=0.881207583558071, subsample_freq=1; total time=   2.1s
[CV] END colsample_bytree=0.6888431241882921, learning_rate=0.033973073466736566, max_depth=6, min_child_samples=28, n_estimators=10000, num_leaves=221, reg_alpha=0.16829104217293056, reg_lambda=1.1562926587192108, scale_pos_weight=0.9487028632263126, subsample=0.881207583558071, subsample_freq=1; total time=   2.0s
[CV] END colsample_bytree=0.6888431241882921, learning_rate=0.033973073466736566, max_depth=6, min_child_samples=28, n_estimators=10000, num_leaves=221, reg_alpha=0.16829104217293056, reg_lambda=1.1562926587192108, scale_pos_weight=0.9487028632263126, subsample=0.881207583558071, subsample_freq=1; total time=   2.2s
[CV] END colsample_bytree=0.6888431241882921, learning_rate=0.033973073466736566, max_depth=6, min_child_samples=28, n_estimators=10000, num_leaves=221, reg_alpha=0.16829104217293056, reg_lambda=1.1562926587192108, scale_pos_weight=0.9487028632263126, subsample=0.881207583558071, subsample_freq=1; total time=   2.0s
[CV] END colsample_bytree=0.6888431241882921, learning_rate=0.033973073466736566, max_depth=6, min_child_samples=28, n_estimators=10000, num_leaves=221, reg_alpha=0.16829104217293056, reg_lambda=1.1562926587192108, scale_pos_weight=0.9487028632263126, subsample=0.881207583558071, subsample_freq=1; total time=   2.1s
[CV] END colsample_bytree=0.7454518409517176, learning_rate=0.20435641654419215, max_depth=6, min_child_samples=16, n_estimators=10000, num_leaves=53, reg_alpha=0.49724850589238545, reg_lambda=1.402634929450309, scale_pos_weight=<scipy.stats._distn_infrastructure.rv_continuous_frozen object at 0x7efc2d1c0fd0>, subsample=0.9990961940195767, subsample_freq=1; total time=   0.0s
[CV] END colsample_bytree=0.7454518409517176, learning_rate=0.20435641654419215, max_depth=6, min_child_samples=16, n_estimators=10000, num_leaves=53, reg_alpha=0.49724850589238545, reg_lambda=1.402634929450309, scale_pos_weight=<scipy.stats._distn_infrastructure.rv_continuous_frozen object at 0x7efc2d1c0fd0>, subsample=0.9990961940195767, subsample_freq=1; total time=   0.0s
[CV] END colsample_bytree=0.7454518409517176, learning_rate=0.20435641654419215, max_depth=6, min_child_samples=16, n_estimators=10000, num_leaves=53, reg_alpha=0.49724850589238545, reg_lambda=1.402634929450309, scale_pos_weight=<scipy.stats._distn_infrastructure.rv_continuous_frozen object at 0x7efc2d1c0fd0>, subsample=0.9990961940195767, subsample_freq=1; total time=   0.0s
[CV] END colsample_bytree=0.7454518409517176, learning_rate=0.20435641654419215, max_depth=6, min_child_samples=16, n_estimators=10000, num_leaves=53, reg_alpha=0.49724850589238545, reg_lambda=1.402634929450309, scale_pos_weight=<scipy.stats._distn_infrastructure.rv_continuous_frozen object at 0x7efc2d1c0fd0>, subsample=0.9990961940195767, subsample_freq=1; total time=   0.0s
[CV] END colsample_bytree=0.7454518409517176, learning_rate=0.20435641654419215, max_depth=6, min_child_samples=16, n_estimators=10000, num_leaves=53, reg_alpha=0.49724850589238545, reg_lambda=1.402634929450309, scale_pos_weight=<scipy.stats._distn_infrastructure.rv_continuous_frozen object at 0x7efc2d1c0fd0>, subsample=0.9990961940195767, subsample_freq=1; total time=   0.0s
[CV] END colsample_bytree=0.706712405710114, learning_rate=0.2053229911665306, max_depth=6, min_child_samples=58, n_estimators=10000, num_leaves=101, reg_alpha=0.27864646423661144, reg_lambda=3.224797657899961, scale_pos_weight=<scipy.stats._distn_infrastructure.rv_continuous_frozen object at 0x7efc2d1c0fd0>, subsample=0.8722821806219068, subsample_freq=1; total time=   0.0s
[CV] END colsample_bytree=0.706712405710114, learning_rate=0.2053229911665306, max_depth=6, min_child_samples=58, n_estimators=10000, num_leaves=101, reg_alpha=0.27864646423661144, reg_lambda=3.224797657899961, scale_pos_weight=<scipy.stats._distn_infrastructure.rv_continuous_frozen object at 0x7efc2d1c0fd0>, subsample=0.8722821806219068, subsample_freq=1; total time=   0.0s
[CV] END colsample_bytree=0.706712405710114, learning_rate=0.2053229911665306, max_depth=6, min_child_samples=58, n_estimators=10000, num_leaves=101, reg_alpha=0.27864646423661144, reg_lambda=3.224797657899961, scale_pos_weight=<scipy.stats._distn_infrastructure.rv_continuous_frozen object at 0x7efc2d1c0fd0>, subsample=0.8722821806219068, subsample_freq=1; total time=   0.0s
[CV] END colsample_bytree=0.706712405710114, learning_rate=0.2053229911665306, max_depth=6, min_child_samples=58, n_estimators=10000, num_leaves=101, reg_alpha=0.27864646423661144, reg_lambda=3.224797657899961, scale_pos_weight=<scipy.stats._distn_infrastructure.rv_continuous_frozen object at 0x7efc2d1c0fd0>, subsample=0.8722821806219068, subsample_freq=1; total time=   0.0s
[CV] END colsample_bytree=0.706712405710114, learning_rate=0.2053229911665306, max_depth=6, min_child_samples=58, n_estimators=10000, num_leaves=101, reg_alpha=0.27864646423661144, reg_lambda=3.224797657899961, scale_pos_weight=<scipy.stats._distn_infrastructure.rv_continuous_frozen object at 0x7efc2d1c0fd0>, subsample=0.8722821806219068, subsample_freq=1; total time=   0.0s
[CV] END colsample_bytree=0.8123738333268545, learning_rate=0.09955663291461833, max_depth=8, min_child_samples=36, n_estimators=10000, num_leaves=82, reg_alpha=0.08085332633271525, reg_lambda=1.6089633681842135, scale_pos_weight=<scipy.stats._distn_infrastructure.rv_continuous_frozen object at 0x7efc2d1c0fd0>, subsample=0.8912865394447438, subsample_freq=1; total time=   0.0s
[CV] END colsample_bytree=0.8123738333268545, learning_rate=0.09955663291461833, max_depth=8, min_child_samples=36, n_estimators=10000, num_leaves=82, reg_alpha=0.08085332633271525, reg_lambda=1.6089633681842135, scale_pos_weight=<scipy.stats._distn_infrastructure.rv_continuous_frozen object at 0x7efc2d1c0fd0>, subsample=0.8912865394447438, subsample_freq=1; total time=   0.0s
[CV] END colsample_bytree=0.8123738333268545, learning_rate=0.09955663291461833, max_depth=8, min_child_samples=36, n_estimators=10000, num_leaves=82, reg_alpha=0.08085332633271525, reg_lambda=1.6089633681842135, scale_pos_weight=<scipy.stats._distn_infrastructure.rv_continuous_frozen object at 0x7efc2d1c0fd0>, subsample=0.8912865394447438, subsample_freq=1; total time=   0.0s
[CV] END colsample_bytree=0.8123738333268545, learning_rate=0.09955663291461833, max_depth=8, min_child_samples=36, n_estimators=10000, num_leaves=82, reg_alpha=0.08085332633271525, reg_lambda=1.6089633681842135, scale_pos_weight=<scipy.stats._distn_infrastructure.rv_continuous_frozen object at 0x7efc2d1c0fd0>, subsample=0.8912865394447438, subsample_freq=1; total time=   0.0s
[CV] END colsample_bytree=0.8123738333268545, learning_rate=0.09955663291461833, max_depth=8, min_child_samples=36, n_estimators=10000, num_leaves=82, reg_alpha=0.08085332633271525, reg_lambda=1.6089633681842135, scale_pos_weight=<scipy.stats._distn_infrastructure.rv_continuous_frozen object at 0x7efc2d1c0fd0>, subsample=0.8912865394447438, subsample_freq=1; total time=   0.0s
[CV] END colsample_bytree=0.7471132530877013, learning_rate=0.13646116611871592, max_depth=8, min_child_samples=90, n_estimators=10000, num_leaves=153, reg_alpha=0.8164318732193839, reg_lambda=2.8950353749536535, scale_pos_weight=<scipy.stats._distn_infrastructure.rv_continuous_frozen object at 0x7efc2d1c0fd0>, subsample=0.7283120259886944, subsample_freq=1; total time=   0.0s
[CV] END colsample_bytree=0.7471132530877013, learning_rate=0.13646116611871592, max_depth=8, min_child_samples=90, n_estimators=10000, num_leaves=153, reg_alpha=0.8164318732193839, reg_lambda=2.8950353749536535, scale_pos_weight=<scipy.stats._distn_infrastructure.rv_continuous_frozen object at 0x7efc2d1c0fd0>, subsample=0.7283120259886944, subsample_freq=1; total time=   0.0s
[CV] END colsample_bytree=0.7471132530877013, learning_rate=0.13646116611871592, max_depth=8, min_child_samples=90, n_estimators=10000, num_leaves=153, reg_alpha=0.8164318732193839, reg_lambda=2.8950353749536535, scale_pos_weight=<scipy.stats._distn_infrastructure.rv_continuous_frozen object at 0x7efc2d1c0fd0>, subsample=0.7283120259886944, subsample_freq=1; total time=   0.0s
[CV] END colsample_bytree=0.7471132530877013, learning_rate=0.13646116611871592, max_depth=8, min_child_samples=90, n_estimators=10000, num_leaves=153, reg_alpha=0.8164318732193839, reg_lambda=2.8950353749536535, scale_pos_weight=<scipy.stats._distn_infrastructure.rv_continuous_frozen object at 0x7efc2d1c0fd0>, subsample=0.7283120259886944, subsample_freq=1; total time=   0.0s
[CV] END colsample_bytree=0.7471132530877013, learning_rate=0.13646116611871592, max_depth=8, min_child_samples=90, n_estimators=10000, num_leaves=153, reg_alpha=0.8164318732193839, reg_lambda=2.8950353749536535, scale_pos_weight=<scipy.stats._distn_infrastructure.rv_continuous_frozen object at 0x7efc2d1c0fd0>, subsample=0.7283120259886944, subsample_freq=1; total time=   0.0s
[CV] END colsample_bytree=0.6746074041599417, learning_rate=0.018155028310952784, max_depth=6, min_child_samples=63, n_estimators=10000, num_leaves=178, reg_alpha=0.016587828927856152, reg_lambda=2.036279174897843, scale_pos_weight=<scipy.stats._distn_infrastructure.rv_continuous_frozen object at 0x7efc2d1c0fd0>, subsample=0.7394663949166917, subsample_freq=1; total time=   0.0s
[CV] END colsample_bytree=0.6746074041599417, learning_rate=0.018155028310952784, max_depth=6, min_child_samples=63, n_estimators=10000, num_leaves=178, reg_alpha=0.016587828927856152, reg_lambda=2.036279174897843, scale_pos_weight=<scipy.stats._distn_infrastructure.rv_continuous_frozen object at 0x7efc2d1c0fd0>, subsample=0.7394663949166917, subsample_freq=1; total time=   0.0s
[CV] END colsample_bytree=0.6746074041599417, learning_rate=0.018155028310952784, max_depth=6, min_child_samples=63, n_estimators=10000, num_leaves=178, reg_alpha=0.016587828927856152, reg_lambda=2.036279174897843, scale_pos_weight=<scipy.stats._distn_infrastructure.rv_continuous_frozen object at 0x7efc2d1c0fd0>, subsample=0.7394663949166917, subsample_freq=1; total time=   0.0s
[CV] END colsample_bytree=0.6746074041599417, learning_rate=0.018155028310952784, max_depth=6, min_child_samples=63, n_estimators=10000, num_leaves=178, reg_alpha=0.016587828927856152, reg_lambda=2.036279174897843, scale_pos_weight=<scipy.stats._distn_infrastructure.rv_continuous_frozen object at 0x7efc2d1c0fd0>, subsample=0.7394663949166917, subsample_freq=1; total time=   0.0s
[CV] END colsample_bytree=0.6746074041599417, learning_rate=0.018155028310952784, max_depth=6, min_child_samples=63, n_estimators=10000, num_leaves=178, reg_alpha=0.016587828927856152, reg_lambda=2.036279174897843, scale_pos_weight=<scipy.stats._distn_infrastructure.rv_continuous_frozen object at 0x7efc2d1c0fd0>, subsample=0.7394663949166917, subsample_freq=1; total time=   0.0s
[CV] END colsample_bytree=0.6384706204365683, learning_rate=0.1981046528979208, max_depth=9, min_child_samples=86, n_estimators=10000, num_leaves=118, reg_alpha=0.13752094414599325, reg_lambda=1.5231990531507755, scale_pos_weight=<scipy.stats._distn_infrastructure.rv_continuous_frozen object at 0x7efc2d1c0fd0>, subsample=0.6836286482950855, subsample_freq=1; total time=   0.0s
[CV] END colsample_bytree=0.6384706204365683, learning_rate=0.1981046528979208, max_depth=9, min_child_samples=86, n_estimators=10000, num_leaves=118, reg_alpha=0.13752094414599325, reg_lambda=1.5231990531507755, scale_pos_weight=<scipy.stats._distn_infrastructure.rv_continuous_frozen object at 0x7efc2d1c0fd0>, subsample=0.6836286482950855, subsample_freq=1; total time=   0.0s
[CV] END colsample_bytree=0.6384706204365683, learning_rate=0.1981046528979208, max_depth=9, min_child_samples=86, n_estimators=10000, num_leaves=118, reg_alpha=0.13752094414599325, reg_lambda=1.5231990531507755, scale_pos_weight=<scipy.stats._distn_infrastructure.rv_continuous_frozen object at 0x7efc2d1c0fd0>, subsample=0.6836286482950855, subsample_freq=1; total time=   0.0s
[CV] END colsample_bytree=0.6384706204365683, learning_rate=0.1981046528979208, max_depth=9, min_child_samples=86, n_estimators=10000, num_leaves=118, reg_alpha=0.13752094414599325, reg_lambda=1.5231990531507755, scale_pos_weight=<scipy.stats._distn_infrastructure.rv_continuous_frozen object at 0x7efc2d1c0fd0>, subsample=0.6836286482950855, subsample_freq=1; total time=   0.0s
[CV] END colsample_bytree=0.6384706204365683, learning_rate=0.1981046528979208, max_depth=9, min_child_samples=86, n_estimators=10000, num_leaves=118, reg_alpha=0.13752094414599325, reg_lambda=1.5231990531507755, scale_pos_weight=<scipy.stats._distn_infrastructure.rv_continuous_frozen object at 0x7efc2d1c0fd0>, subsample=0.6836286482950855, subsample_freq=1; total time=   0.0s
[CV] END colsample_bytree=0.8165791895310264, learning_rate=0.14915687986901646, max_depth=9, min_child_samples=20, n_estimators=10000, num_leaves=104, reg_alpha=0.9821683433294356, reg_lambda=2.049907673813043, scale_pos_weight=<scipy.stats._distn_infrastructure.rv_continuous_frozen object at 0x7efc2d1c0fd0>, subsample=0.6967409163601807, subsample_freq=1; total time=   0.0s
[CV] END colsample_bytree=0.8165791895310264, learning_rate=0.14915687986901646, max_depth=9, min_child_samples=20, n_estimators=10000, num_leaves=104, reg_alpha=0.9821683433294356, reg_lambda=2.049907673813043, scale_pos_weight=<scipy.stats._distn_infrastructure.rv_continuous_frozen object at 0x7efc2d1c0fd0>, subsample=0.6967409163601807, subsample_freq=1; total time=   0.0s
[CV] END colsample_bytree=0.8165791895310264, learning_rate=0.14915687986901646, max_depth=9, min_child_samples=20, n_estimators=10000, num_leaves=104, reg_alpha=0.9821683433294356, reg_lambda=2.049907673813043, scale_pos_weight=<scipy.stats._distn_infrastructure.rv_continuous_frozen object at 0x7efc2d1c0fd0>, subsample=0.6967409163601807, subsample_freq=1; total time=   0.0s
[CV] END colsample_bytree=0.8165791895310264, learning_rate=0.14915687986901646, max_depth=9, min_child_samples=20, n_estimators=10000, num_leaves=104, reg_alpha=0.9821683433294356, reg_lambda=2.049907673813043, scale_pos_weight=<scipy.stats._distn_infrastructure.rv_continuous_frozen object at 0x7efc2d1c0fd0>, subsample=0.6967409163601807, subsample_freq=1; total time=   0.0s
[CV] END colsample_bytree=0.8165791895310264, learning_rate=0.14915687986901646, max_depth=9, min_child_samples=20, n_estimators=10000, num_leaves=104, reg_alpha=0.9821683433294356, reg_lambda=2.049907673813043, scale_pos_weight=<scipy.stats._distn_infrastructure.rv_continuous_frozen object at 0x7efc2d1c0fd0>, subsample=0.6967409163601807, subsample_freq=1; total time=   0.0s
[CV] END colsample_bytree=0.6372411071223597, learning_rate=0.18944315159066538, max_depth=7, min_child_samples=36, n_estimators=10000, num_leaves=23, reg_alpha=0.2788713525921819, reg_lambda=2.601073489918314, scale_pos_weight=0.9487028632263126, subsample=0.9588441039810308, subsample_freq=1; total time=   0.8s
[CV] END colsample_bytree=0.6372411071223597, learning_rate=0.18944315159066538, max_depth=7, min_child_samples=36, n_estimators=10000, num_leaves=23, reg_alpha=0.2788713525921819, reg_lambda=2.601073489918314, scale_pos_weight=0.9487028632263126, subsample=0.9588441039810308, subsample_freq=1; total time=   0.8s
[CV] END colsample_bytree=0.6372411071223597, learning_rate=0.18944315159066538, max_depth=7, min_child_samples=36, n_estimators=10000, num_leaves=23, reg_alpha=0.2788713525921819, reg_lambda=2.601073489918314, scale_pos_weight=0.9487028632263126, subsample=0.9588441039810308, subsample_freq=1; total time=   0.8s
[CV] END colsample_bytree=0.6372411071223597, learning_rate=0.18944315159066538, max_depth=7, min_child_samples=36, n_estimators=10000, num_leaves=23, reg_alpha=0.2788713525921819, reg_lambda=2.601073489918314, scale_pos_weight=0.9487028632263126, subsample=0.9588441039810308, subsample_freq=1; total time=   0.7s
[CV] END colsample_bytree=0.6372411071223597, learning_rate=0.18944315159066538, max_depth=7, min_child_samples=36, n_estimators=10000, num_leaves=23, reg_alpha=0.2788713525921819, reg_lambda=2.601073489918314, scale_pos_weight=0.9487028632263126, subsample=0.9588441039810308, subsample_freq=1; total time=   0.8s
[CV] END colsample_bytree=0.954834569706047, learning_rate=0.1659751091715248, max_depth=6, min_child_samples=79, n_estimators=10000, num_leaves=127, reg_alpha=0.16162871409461377, reg_lambda=3.195662565581238, scale_pos_weight=0.9487028632263126, subsample=0.8322746485745819, subsample_freq=1; total time=   1.3s
[CV] END colsample_bytree=0.954834569706047, learning_rate=0.1659751091715248, max_depth=6, min_child_samples=79, n_estimators=10000, num_leaves=127, reg_alpha=0.16162871409461377, reg_lambda=3.195662565581238, scale_pos_weight=0.9487028632263126, subsample=0.8322746485745819, subsample_freq=1; total time=   1.3s
[CV] END colsample_bytree=0.954834569706047, learning_rate=0.1659751091715248, max_depth=6, min_child_samples=79, n_estimators=10000, num_leaves=127, reg_alpha=0.16162871409461377, reg_lambda=3.195662565581238, scale_pos_weight=0.9487028632263126, subsample=0.8322746485745819, subsample_freq=1; total time=   1.4s
[CV] END colsample_bytree=0.954834569706047, learning_rate=0.1659751091715248, max_depth=6, min_child_samples=79, n_estimators=10000, num_leaves=127, reg_alpha=0.16162871409461377, reg_lambda=3.195662565581238, scale_pos_weight=0.9487028632263126, subsample=0.8322746485745819, subsample_freq=1; total time=   1.3s
[CV] END colsample_bytree=0.954834569706047, learning_rate=0.1659751091715248, max_depth=6, min_child_samples=79, n_estimators=10000, num_leaves=127, reg_alpha=0.16162871409461377, reg_lambda=3.195662565581238, scale_pos_weight=0.9487028632263126, subsample=0.8322746485745819, subsample_freq=1; total time=   1.4s
[CV] END colsample_bytree=0.7489131066246972, learning_rate=0.1980266884915557, max_depth=3, min_child_samples=97, n_estimators=10000, num_leaves=160, reg_alpha=0.16080805141749865, reg_lambda=2.1462013680997583, scale_pos_weight=0.9487028632263126, subsample=0.7793696571944989, subsample_freq=1; total time=   1.1s
[CV] END colsample_bytree=0.7489131066246972, learning_rate=0.1980266884915557, max_depth=3, min_child_samples=97, n_estimators=10000, num_leaves=160, reg_alpha=0.16080805141749865, reg_lambda=2.1462013680997583, scale_pos_weight=0.9487028632263126, subsample=0.7793696571944989, subsample_freq=1; total time=   1.1s
[CV] END colsample_bytree=0.7489131066246972, learning_rate=0.1980266884915557, max_depth=3, min_child_samples=97, n_estimators=10000, num_leaves=160, reg_alpha=0.16080805141749865, reg_lambda=2.1462013680997583, scale_pos_weight=0.9487028632263126, subsample=0.7793696571944989, subsample_freq=1; total time=   1.2s
[CV] END colsample_bytree=0.7489131066246972, learning_rate=0.1980266884915557, max_depth=3, min_child_samples=97, n_estimators=10000, num_leaves=160, reg_alpha=0.16080805141749865, reg_lambda=2.1462013680997583, scale_pos_weight=0.9487028632263126, subsample=0.7793696571944989, subsample_freq=1; total time=   1.1s
[CV] END colsample_bytree=0.7489131066246972, learning_rate=0.1980266884915557, max_depth=3, min_child_samples=97, n_estimators=10000, num_leaves=160, reg_alpha=0.16080805141749865, reg_lambda=2.1462013680997583, scale_pos_weight=0.9487028632263126, subsample=0.7793696571944989, subsample_freq=1; total time=   1.2s
[CV] END colsample_bytree=0.9977829850443283, learning_rate=0.045185050535469076, max_depth=6, min_child_samples=37, n_estimators=10000, num_leaves=156, reg_alpha=0.3253996981592677, reg_lambda=2.7394742153540723, scale_pos_weight=0.9487028632263126, subsample=0.8976682092226249, subsample_freq=1; total time=   1.8s
[CV] END colsample_bytree=0.9977829850443283, learning_rate=0.045185050535469076, max_depth=6, min_child_samples=37, n_estimators=10000, num_leaves=156, reg_alpha=0.3253996981592677, reg_lambda=2.7394742153540723, scale_pos_weight=0.9487028632263126, subsample=0.8976682092226249, subsample_freq=1; total time=   1.7s
[CV] END colsample_bytree=0.9977829850443283, learning_rate=0.045185050535469076, max_depth=6, min_child_samples=37, n_estimators=10000, num_leaves=156, reg_alpha=0.3253996981592677, reg_lambda=2.7394742153540723, scale_pos_weight=0.9487028632263126, subsample=0.8976682092226249, subsample_freq=1; total time=   1.9s
[CV] END colsample_bytree=0.9977829850443283, learning_rate=0.045185050535469076, max_depth=6, min_child_samples=37, n_estimators=10000, num_leaves=156, reg_alpha=0.3253996981592677, reg_lambda=2.7394742153540723, scale_pos_weight=0.9487028632263126, subsample=0.8976682092226249, subsample_freq=1; total time=   1.8s
[CV] END colsample_bytree=0.9977829850443283, learning_rate=0.045185050535469076, max_depth=6, min_child_samples=37, n_estimators=10000, num_leaves=156, reg_alpha=0.3253996981592677, reg_lambda=2.7394742153540723, scale_pos_weight=0.9487028632263126, subsample=0.8976682092226249, subsample_freq=1; total time=   1.9s
[CV] END colsample_bytree=0.8883759697008518, learning_rate=0.07161215837047784, max_depth=6, min_child_samples=63, n_estimators=10000, num_leaves=129, reg_alpha=0.6363326181858954, reg_lambda=1.2513854558167523, scale_pos_weight=0.9487028632263126, subsample=0.9892042219009782, subsample_freq=1; total time=   0.8s
[CV] END colsample_bytree=0.8883759697008518, learning_rate=0.07161215837047784, max_depth=6, min_child_samples=63, n_estimators=10000, num_leaves=129, reg_alpha=0.6363326181858954, reg_lambda=1.2513854558167523, scale_pos_weight=0.9487028632263126, subsample=0.9892042219009782, subsample_freq=1; total time=   0.8s
[CV] END colsample_bytree=0.8883759697008518, learning_rate=0.07161215837047784, max_depth=6, min_child_samples=63, n_estimators=10000, num_leaves=129, reg_alpha=0.6363326181858954, reg_lambda=1.2513854558167523, scale_pos_weight=0.9487028632263126, subsample=0.9892042219009782, subsample_freq=1; total time=   0.9s
[CV] END colsample_bytree=0.8883759697008518, learning_rate=0.07161215837047784, max_depth=6, min_child_samples=63, n_estimators=10000, num_leaves=129, reg_alpha=0.6363326181858954, reg_lambda=1.2513854558167523, scale_pos_weight=0.9487028632263126, subsample=0.9892042219009782, subsample_freq=1; total time=   0.8s
[CV] END colsample_bytree=0.8883759697008518, learning_rate=0.07161215837047784, max_depth=6, min_child_samples=63, n_estimators=10000, num_leaves=129, reg_alpha=0.6363326181858954, reg_lambda=1.2513854558167523, scale_pos_weight=0.9487028632263126, subsample=0.9892042219009782, subsample_freq=1; total time=   0.9s
[CV] END colsample_bytree=0.7572390898667042, learning_rate=0.1884093110354227, max_depth=5, min_child_samples=31, n_estimators=10000, num_leaves=240, reg_alpha=0.3500784076946757, reg_lambda=2.4353100860916945, scale_pos_weight=<scipy.stats._distn_infrastructure.rv_continuous_frozen object at 0x7efc2d1c0fd0>, subsample=0.7970070775275455, subsample_freq=1; total time=   0.0s
[CV] END colsample_bytree=0.7572390898667042, learning_rate=0.1884093110354227, max_depth=5, min_child_samples=31, n_estimators=10000, num_leaves=240, reg_alpha=0.3500784076946757, reg_lambda=2.4353100860916945, scale_pos_weight=<scipy.stats._distn_infrastructure.rv_continuous_frozen object at 0x7efc2d1c0fd0>, subsample=0.7970070775275455, subsample_freq=1; total time=   0.0s
[CV] END colsample_bytree=0.7572390898667042, learning_rate=0.1884093110354227, max_depth=5, min_child_samples=31, n_estimators=10000, num_leaves=240, reg_alpha=0.3500784076946757, reg_lambda=2.4353100860916945, scale_pos_weight=<scipy.stats._distn_infrastructure.rv_continuous_frozen object at 0x7efc2d1c0fd0>, subsample=0.7970070775275455, subsample_freq=1; total time=   0.0s
[CV] END colsample_bytree=0.7572390898667042, learning_rate=0.1884093110354227, max_depth=5, min_child_samples=31, n_estimators=10000, num_leaves=240, reg_alpha=0.3500784076946757, reg_lambda=2.4353100860916945, scale_pos_weight=<scipy.stats._distn_infrastructure.rv_continuous_frozen object at 0x7efc2d1c0fd0>, subsample=0.7970070775275455, subsample_freq=1; total time=   0.0s
[CV] END colsample_bytree=0.7572390898667042, learning_rate=0.1884093110354227, max_depth=5, min_child_samples=31, n_estimators=10000, num_leaves=240, reg_alpha=0.3500784076946757, reg_lambda=2.4353100860916945, scale_pos_weight=<scipy.stats._distn_infrastructure.rv_continuous_frozen object at 0x7efc2d1c0fd0>, subsample=0.7970070775275455, subsample_freq=1; total time=   0.0s
[CV] END colsample_bytree=0.6780971951192178, learning_rate=0.15449042305230107, max_depth=5, min_child_samples=8, n_estimators=10000, num_leaves=49, reg_alpha=0.768554014306309, reg_lambda=0.6308113152633013, scale_pos_weight=0.9487028632263126, subsample=0.9761834337411657, subsample_freq=1; total time=   0.6s
[CV] END colsample_bytree=0.6780971951192178, learning_rate=0.15449042305230107, max_depth=5, min_child_samples=8, n_estimators=10000, num_leaves=49, reg_alpha=0.768554014306309, reg_lambda=0.6308113152633013, scale_pos_weight=0.9487028632263126, subsample=0.9761834337411657, subsample_freq=1; total time=   0.6s
[CV] END colsample_bytree=0.6780971951192178, learning_rate=0.15449042305230107, max_depth=5, min_child_samples=8, n_estimators=10000, num_leaves=49, reg_alpha=0.768554014306309, reg_lambda=0.6308113152633013, scale_pos_weight=0.9487028632263126, subsample=0.9761834337411657, subsample_freq=1; total time=   0.6s
[CV] END colsample_bytree=0.6780971951192178, learning_rate=0.15449042305230107, max_depth=5, min_child_samples=8, n_estimators=10000, num_leaves=49, reg_alpha=0.768554014306309, reg_lambda=0.6308113152633013, scale_pos_weight=0.9487028632263126, subsample=0.9761834337411657, subsample_freq=1; total time=   0.6s
[CV] END colsample_bytree=0.6780971951192178, learning_rate=0.15449042305230107, max_depth=5, min_child_samples=8, n_estimators=10000, num_leaves=49, reg_alpha=0.768554014306309, reg_lambda=0.6308113152633013, scale_pos_weight=0.9487028632263126, subsample=0.9761834337411657, subsample_freq=1; total time=   0.6s
[CV] END colsample_bytree=0.9815714308010349, learning_rate=0.19297287804408972, max_depth=5, min_child_samples=41, n_estimators=10000, num_leaves=38, reg_alpha=0.3307503046705137, reg_lambda=2.15829490050647, scale_pos_weight=<scipy.stats._distn_infrastructure.rv_continuous_frozen object at 0x7efc2d1c0fd0>, subsample=0.9854479908357011, subsample_freq=1; total time=   0.0s
[CV] END colsample_bytree=0.9815714308010349, learning_rate=0.19297287804408972, max_depth=5, min_child_samples=41, n_estimators=10000, num_leaves=38, reg_alpha=0.3307503046705137, reg_lambda=2.15829490050647, scale_pos_weight=<scipy.stats._distn_infrastructure.rv_continuous_frozen object at 0x7efc2d1c0fd0>, subsample=0.9854479908357011, subsample_freq=1; total time=   0.0s
[CV] END colsample_bytree=0.9815714308010349, learning_rate=0.19297287804408972, max_depth=5, min_child_samples=41, n_estimators=10000, num_leaves=38, reg_alpha=0.3307503046705137, reg_lambda=2.15829490050647, scale_pos_weight=<scipy.stats._distn_infrastructure.rv_continuous_frozen object at 0x7efc2d1c0fd0>, subsample=0.9854479908357011, subsample_freq=1; total time=   0.0s
[CV] END colsample_bytree=0.9815714308010349, learning_rate=0.19297287804408972, max_depth=5, min_child_samples=41, n_estimators=10000, num_leaves=38, reg_alpha=0.3307503046705137, reg_lambda=2.15829490050647, scale_pos_weight=<scipy.stats._distn_infrastructure.rv_continuous_frozen object at 0x7efc2d1c0fd0>, subsample=0.9854479908357011, subsample_freq=1; total time=   0.0s
[CV] END colsample_bytree=0.9815714308010349, learning_rate=0.19297287804408972, max_depth=5, min_child_samples=41, n_estimators=10000, num_leaves=38, reg_alpha=0.3307503046705137, reg_lambda=2.15829490050647, scale_pos_weight=<scipy.stats._distn_infrastructure.rv_continuous_frozen object at 0x7efc2d1c0fd0>, subsample=0.9854479908357011, subsample_freq=1; total time=   0.0s
[CV] END colsample_bytree=0.941203782186944, learning_rate=0.06888977841391714, max_depth=7, min_child_samples=36, n_estimators=10000, num_leaves=229, reg_alpha=0.2684748568901568, reg_lambda=1.9558396228289472, scale_pos_weight=0.9487028632263126, subsample=0.82272050498334, subsample_freq=1; total time=   1.6s
[CV] END colsample_bytree=0.941203782186944, learning_rate=0.06888977841391714, max_depth=7, min_child_samples=36, n_estimators=10000, num_leaves=229, reg_alpha=0.2684748568901568, reg_lambda=1.9558396228289472, scale_pos_weight=0.9487028632263126, subsample=0.82272050498334, subsample_freq=1; total time=   1.5s
[CV] END colsample_bytree=0.941203782186944, learning_rate=0.06888977841391714, max_depth=7, min_child_samples=36, n_estimators=10000, num_leaves=229, reg_alpha=0.2684748568901568, reg_lambda=1.9558396228289472, scale_pos_weight=0.9487028632263126, subsample=0.82272050498334, subsample_freq=1; total time=   1.6s
[CV] END colsample_bytree=0.941203782186944, learning_rate=0.06888977841391714, max_depth=7, min_child_samples=36, n_estimators=10000, num_leaves=229, reg_alpha=0.2684748568901568, reg_lambda=1.9558396228289472, scale_pos_weight=0.9487028632263126, subsample=0.82272050498334, subsample_freq=1; total time=   1.5s
[CV] END colsample_bytree=0.941203782186944, learning_rate=0.06888977841391714, max_depth=7, min_child_samples=36, n_estimators=10000, num_leaves=229, reg_alpha=0.2684748568901568, reg_lambda=1.9558396228289472, scale_pos_weight=0.9487028632263126, subsample=0.82272050498334, subsample_freq=1; total time=   1.6s
[CV] END colsample_bytree=0.9744619096643123, learning_rate=0.14920595933499461, max_depth=8, min_child_samples=28, n_estimators=10000, num_leaves=128, reg_alpha=0.6150072266991697, reg_lambda=3.47016155031279, scale_pos_weight=0.9487028632263126, subsample=0.7016654596278955, subsample_freq=1; total time=   1.1s
[CV] END colsample_bytree=0.9744619096643123, learning_rate=0.14920595933499461, max_depth=8, min_child_samples=28, n_estimators=10000, num_leaves=128, reg_alpha=0.6150072266991697, reg_lambda=3.47016155031279, scale_pos_weight=0.9487028632263126, subsample=0.7016654596278955, subsample_freq=1; total time=   1.1s
[CV] END colsample_bytree=0.9744619096643123, learning_rate=0.14920595933499461, max_depth=8, min_child_samples=28, n_estimators=10000, num_leaves=128, reg_alpha=0.6150072266991697, reg_lambda=3.47016155031279, scale_pos_weight=0.9487028632263126, subsample=0.7016654596278955, subsample_freq=1; total time=   1.1s
[CV] END colsample_bytree=0.9744619096643123, learning_rate=0.14920595933499461, max_depth=8, min_child_samples=28, n_estimators=10000, num_leaves=128, reg_alpha=0.6150072266991697, reg_lambda=3.47016155031279, scale_pos_weight=0.9487028632263126, subsample=0.7016654596278955, subsample_freq=1; total time=   1.1s
[CV] END colsample_bytree=0.9744619096643123, learning_rate=0.14920595933499461, max_depth=8, min_child_samples=28, n_estimators=10000, num_leaves=128, reg_alpha=0.6150072266991697, reg_lambda=3.47016155031279, scale_pos_weight=0.9487028632263126, subsample=0.7016654596278955, subsample_freq=1; total time=   1.1s
[CV] END colsample_bytree=0.7181162353675755, learning_rate=0.0745101528477201, max_depth=3, min_child_samples=13, n_estimators=10000, num_leaves=57, reg_alpha=0.7089109969101186, reg_lambda=2.158459930723723, scale_pos_weight=0.9487028632263126, subsample=0.9237444621914055, subsample_freq=1; total time=   1.1s
[CV] END colsample_bytree=0.7181162353675755, learning_rate=0.0745101528477201, max_depth=3, min_child_samples=13, n_estimators=10000, num_leaves=57, reg_alpha=0.7089109969101186, reg_lambda=2.158459930723723, scale_pos_weight=0.9487028632263126, subsample=0.9237444621914055, subsample_freq=1; total time=   1.1s
[CV] END colsample_bytree=0.7181162353675755, learning_rate=0.0745101528477201, max_depth=3, min_child_samples=13, n_estimators=10000, num_leaves=57, reg_alpha=0.7089109969101186, reg_lambda=2.158459930723723, scale_pos_weight=0.9487028632263126, subsample=0.9237444621914055, subsample_freq=1; total time=   1.1s
[CV] END colsample_bytree=0.7181162353675755, learning_rate=0.0745101528477201, max_depth=3, min_child_samples=13, n_estimators=10000, num_leaves=57, reg_alpha=0.7089109969101186, reg_lambda=2.158459930723723, scale_pos_weight=0.9487028632263126, subsample=0.9237444621914055, subsample_freq=1; total time=   1.1s
[CV] END colsample_bytree=0.7181162353675755, learning_rate=0.0745101528477201, max_depth=3, min_child_samples=13, n_estimators=10000, num_leaves=57, reg_alpha=0.7089109969101186, reg_lambda=2.158459930723723, scale_pos_weight=0.9487028632263126, subsample=0.9237444621914055, subsample_freq=1; total time=   1.1s
[CV] END colsample_bytree=0.9240453578716723, learning_rate=0.18341446371602077, max_depth=7, min_child_samples=64, n_estimators=10000, num_leaves=149, reg_alpha=0.5015162946871996, reg_lambda=2.8948855369003255, scale_pos_weight=<scipy.stats._distn_infrastructure.rv_continuous_frozen object at 0x7efc2d1c0fd0>, subsample=0.628376366799971, subsample_freq=1; total time=   0.0s
[CV] END colsample_bytree=0.9240453578716723, learning_rate=0.18341446371602077, max_depth=7, min_child_samples=64, n_estimators=10000, num_leaves=149, reg_alpha=0.5015162946871996, reg_lambda=2.8948855369003255, scale_pos_weight=<scipy.stats._distn_infrastructure.rv_continuous_frozen object at 0x7efc2d1c0fd0>, subsample=0.628376366799971, subsample_freq=1; total time=   0.0s
[CV] END colsample_bytree=0.9240453578716723, learning_rate=0.18341446371602077, max_depth=7, min_child_samples=64, n_estimators=10000, num_leaves=149, reg_alpha=0.5015162946871996, reg_lambda=2.8948855369003255, scale_pos_weight=<scipy.stats._distn_infrastructure.rv_continuous_frozen object at 0x7efc2d1c0fd0>, subsample=0.628376366799971, subsample_freq=1; total time=   0.0s
[CV] END colsample_bytree=0.9240453578716723, learning_rate=0.18341446371602077, max_depth=7, min_child_samples=64, n_estimators=10000, num_leaves=149, reg_alpha=0.5015162946871996, reg_lambda=2.8948855369003255, scale_pos_weight=<scipy.stats._distn_infrastructure.rv_continuous_frozen object at 0x7efc2d1c0fd0>, subsample=0.628376366799971, subsample_freq=1; total time=   0.0s
[CV] END colsample_bytree=0.9240453578716723, learning_rate=0.18341446371602077, max_depth=7, min_child_samples=64, n_estimators=10000, num_leaves=149, reg_alpha=0.5015162946871996, reg_lambda=2.8948855369003255, scale_pos_weight=<scipy.stats._distn_infrastructure.rv_continuous_frozen object at 0x7efc2d1c0fd0>, subsample=0.628376366799971, subsample_freq=1; total time=   0.0s
[CV] END colsample_bytree=0.7587135308855554, learning_rate=0.020153706207879388, max_depth=5, min_child_samples=91, n_estimators=10000, num_leaves=157, reg_alpha=0.375582952639944, reg_lambda=0.781945819522607, scale_pos_weight=<scipy.stats._distn_infrastructure.rv_continuous_frozen object at 0x7efc2d1c0fd0>, subsample=0.8688104541180797, subsample_freq=1; total time=   0.0s
[CV] END colsample_bytree=0.7587135308855554, learning_rate=0.020153706207879388, max_depth=5, min_child_samples=91, n_estimators=10000, num_leaves=157, reg_alpha=0.375582952639944, reg_lambda=0.781945819522607, scale_pos_weight=<scipy.stats._distn_infrastructure.rv_continuous_frozen object at 0x7efc2d1c0fd0>, subsample=0.8688104541180797, subsample_freq=1; total time=   0.0s
[CV] END colsample_bytree=0.7587135308855554, learning_rate=0.020153706207879388, max_depth=5, min_child_samples=91, n_estimators=10000, num_leaves=157, reg_alpha=0.375582952639944, reg_lambda=0.781945819522607, scale_pos_weight=<scipy.stats._distn_infrastructure.rv_continuous_frozen object at 0x7efc2d1c0fd0>, subsample=0.8688104541180797, subsample_freq=1; total time=   0.0s
[CV] END colsample_bytree=0.7587135308855554, learning_rate=0.020153706207879388, max_depth=5, min_child_samples=91, n_estimators=10000, num_leaves=157, reg_alpha=0.375582952639944, reg_lambda=0.781945819522607, scale_pos_weight=<scipy.stats._distn_infrastructure.rv_continuous_frozen object at 0x7efc2d1c0fd0>, subsample=0.8688104541180797, subsample_freq=1; total time=   0.0s
[CV] END colsample_bytree=0.7587135308855554, learning_rate=0.020153706207879388, max_depth=5, min_child_samples=91, n_estimators=10000, num_leaves=157, reg_alpha=0.375582952639944, reg_lambda=0.781945819522607, scale_pos_weight=<scipy.stats._distn_infrastructure.rv_continuous_frozen object at 0x7efc2d1c0fd0>, subsample=0.8688104541180797, subsample_freq=1; total time=   0.0s
[CV] END colsample_bytree=0.7312610669898928, learning_rate=0.04100832334554884, max_depth=8, min_child_samples=26, n_estimators=10000, num_leaves=72, reg_alpha=0.8604046183116753, reg_lambda=1.2507540815475922, scale_pos_weight=0.9487028632263126, subsample=0.9290402242638633, subsample_freq=1; total time=   1.3s
[CV] END colsample_bytree=0.7312610669898928, learning_rate=0.04100832334554884, max_depth=8, min_child_samples=26, n_estimators=10000, num_leaves=72, reg_alpha=0.8604046183116753, reg_lambda=1.2507540815475922, scale_pos_weight=0.9487028632263126, subsample=0.9290402242638633, subsample_freq=1; total time=   1.2s
[CV] END colsample_bytree=0.7312610669898928, learning_rate=0.04100832334554884, max_depth=8, min_child_samples=26, n_estimators=10000, num_leaves=72, reg_alpha=0.8604046183116753, reg_lambda=1.2507540815475922, scale_pos_weight=0.9487028632263126, subsample=0.9290402242638633, subsample_freq=1; total time=   1.3s
[CV] END colsample_bytree=0.7312610669898928, learning_rate=0.04100832334554884, max_depth=8, min_child_samples=26, n_estimators=10000, num_leaves=72, reg_alpha=0.8604046183116753, reg_lambda=1.2507540815475922, scale_pos_weight=0.9487028632263126, subsample=0.9290402242638633, subsample_freq=1; total time=   1.2s
[CV] END colsample_bytree=0.7312610669898928, learning_rate=0.04100832334554884, max_depth=8, min_child_samples=26, n_estimators=10000, num_leaves=72, reg_alpha=0.8604046183116753, reg_lambda=1.2507540815475922, scale_pos_weight=0.9487028632263126, subsample=0.9290402242638633, subsample_freq=1; total time=   1.3s
----------
iter: 1
n_candidates: 14
n_resources: 7728
Fitting 5 folds for each of 14 candidates, totalling 70 fits
[CV] END colsample_bytree=0.8395461865954144, learning_rate=0.14895698660794093, max_depth=6, min_child_samples=70, n_estimators=10000, num_leaves=184, reg_alpha=0.808120379564417, reg_lambda=2.4002112695312703, scale_pos_weight=0.9487028632263126, subsample=0.782613828193164, subsample_freq=1; total time=   2.2s
[CV] END colsample_bytree=0.8395461865954144, learning_rate=0.14895698660794093, max_depth=6, min_child_samples=70, n_estimators=10000, num_leaves=184, reg_alpha=0.808120379564417, reg_lambda=2.4002112695312703, scale_pos_weight=0.9487028632263126, subsample=0.782613828193164, subsample_freq=1; total time=   2.2s
[CV] END colsample_bytree=0.8395461865954144, learning_rate=0.14895698660794093, max_depth=6, min_child_samples=70, n_estimators=10000, num_leaves=184, reg_alpha=0.808120379564417, reg_lambda=2.4002112695312703, scale_pos_weight=0.9487028632263126, subsample=0.782613828193164, subsample_freq=1; total time=   2.2s
[CV] END colsample_bytree=0.8395461865954144, learning_rate=0.14895698660794093, max_depth=6, min_child_samples=70, n_estimators=10000, num_leaves=184, reg_alpha=0.808120379564417, reg_lambda=2.4002112695312703, scale_pos_weight=0.9487028632263126, subsample=0.782613828193164, subsample_freq=1; total time=   2.1s
[CV] END colsample_bytree=0.8395461865954144, learning_rate=0.14895698660794093, max_depth=6, min_child_samples=70, n_estimators=10000, num_leaves=184, reg_alpha=0.808120379564417, reg_lambda=2.4002112695312703, scale_pos_weight=0.9487028632263126, subsample=0.782613828193164, subsample_freq=1; total time=   2.4s
[CV] END colsample_bytree=0.8883759697008518, learning_rate=0.07161215837047784, max_depth=6, min_child_samples=63, n_estimators=10000, num_leaves=129, reg_alpha=0.6363326181858954, reg_lambda=1.2513854558167523, scale_pos_weight=0.9487028632263126, subsample=0.9892042219009782, subsample_freq=1; total time=   2.2s
[CV] END colsample_bytree=0.8883759697008518, learning_rate=0.07161215837047784, max_depth=6, min_child_samples=63, n_estimators=10000, num_leaves=129, reg_alpha=0.6363326181858954, reg_lambda=1.2513854558167523, scale_pos_weight=0.9487028632263126, subsample=0.9892042219009782, subsample_freq=1; total time=   1.9s
[CV] END colsample_bytree=0.8883759697008518, learning_rate=0.07161215837047784, max_depth=6, min_child_samples=63, n_estimators=10000, num_leaves=129, reg_alpha=0.6363326181858954, reg_lambda=1.2513854558167523, scale_pos_weight=0.9487028632263126, subsample=0.9892042219009782, subsample_freq=1; total time=   1.9s
[CV] END colsample_bytree=0.8883759697008518, learning_rate=0.07161215837047784, max_depth=6, min_child_samples=63, n_estimators=10000, num_leaves=129, reg_alpha=0.6363326181858954, reg_lambda=1.2513854558167523, scale_pos_weight=0.9487028632263126, subsample=0.9892042219009782, subsample_freq=1; total time=   1.9s
[CV] END colsample_bytree=0.8883759697008518, learning_rate=0.07161215837047784, max_depth=6, min_child_samples=63, n_estimators=10000, num_leaves=129, reg_alpha=0.6363326181858954, reg_lambda=1.2513854558167523, scale_pos_weight=0.9487028632263126, subsample=0.9892042219009782, subsample_freq=1; total time=   2.1s
[CV] END colsample_bytree=0.6185801650879991, learning_rate=0.1315089703802877, max_depth=7, min_child_samples=77, n_estimators=10000, num_leaves=181, reg_alpha=0.013264961159866528, reg_lambda=3.3266052670545583, scale_pos_weight=0.9487028632263126, subsample=0.9233589392465844, subsample_freq=1; total time=   5.5s
[CV] END colsample_bytree=0.6185801650879991, learning_rate=0.1315089703802877, max_depth=7, min_child_samples=77, n_estimators=10000, num_leaves=181, reg_alpha=0.013264961159866528, reg_lambda=3.3266052670545583, scale_pos_weight=0.9487028632263126, subsample=0.9233589392465844, subsample_freq=1; total time=   5.2s
[CV] END colsample_bytree=0.6185801650879991, learning_rate=0.1315089703802877, max_depth=7, min_child_samples=77, n_estimators=10000, num_leaves=181, reg_alpha=0.013264961159866528, reg_lambda=3.3266052670545583, scale_pos_weight=0.9487028632263126, subsample=0.9233589392465844, subsample_freq=1; total time=   5.3s
[CV] END colsample_bytree=0.6185801650879991, learning_rate=0.1315089703802877, max_depth=7, min_child_samples=77, n_estimators=10000, num_leaves=181, reg_alpha=0.013264961159866528, reg_lambda=3.3266052670545583, scale_pos_weight=0.9487028632263126, subsample=0.9233589392465844, subsample_freq=1; total time=   5.2s
[CV] END colsample_bytree=0.6185801650879991, learning_rate=0.1315089703802877, max_depth=7, min_child_samples=77, n_estimators=10000, num_leaves=181, reg_alpha=0.013264961159866528, reg_lambda=3.3266052670545583, scale_pos_weight=0.9487028632263126, subsample=0.9233589392465844, subsample_freq=1; total time=   5.6s
[CV] END colsample_bytree=0.6056319290860338, learning_rate=0.049768480817761036, max_depth=5, min_child_samples=39, n_estimators=10000, num_leaves=47, reg_alpha=0.6059599747810114, reg_lambda=3.278902635540047, scale_pos_weight=0.9487028632263126, subsample=0.6463476238100518, subsample_freq=1; total time=   3.8s
[CV] END colsample_bytree=0.6056319290860338, learning_rate=0.049768480817761036, max_depth=5, min_child_samples=39, n_estimators=10000, num_leaves=47, reg_alpha=0.6059599747810114, reg_lambda=3.278902635540047, scale_pos_weight=0.9487028632263126, subsample=0.6463476238100518, subsample_freq=1; total time=   3.5s
[CV] END colsample_bytree=0.6056319290860338, learning_rate=0.049768480817761036, max_depth=5, min_child_samples=39, n_estimators=10000, num_leaves=47, reg_alpha=0.6059599747810114, reg_lambda=3.278902635540047, scale_pos_weight=0.9487028632263126, subsample=0.6463476238100518, subsample_freq=1; total time=   3.5s
[CV] END colsample_bytree=0.6056319290860338, learning_rate=0.049768480817761036, max_depth=5, min_child_samples=39, n_estimators=10000, num_leaves=47, reg_alpha=0.6059599747810114, reg_lambda=3.278902635540047, scale_pos_weight=0.9487028632263126, subsample=0.6463476238100518, subsample_freq=1; total time=   3.8s
[CV] END colsample_bytree=0.6056319290860338, learning_rate=0.049768480817761036, max_depth=5, min_child_samples=39, n_estimators=10000, num_leaves=47, reg_alpha=0.6059599747810114, reg_lambda=3.278902635540047, scale_pos_weight=0.9487028632263126, subsample=0.6463476238100518, subsample_freq=1; total time=   3.8s
[CV] END colsample_bytree=0.7257423924305306, learning_rate=0.11171413823294056, max_depth=8, min_child_samples=27, n_estimators=10000, num_leaves=245, reg_alpha=0.41038292303562973, reg_lambda=2.766653415629146, scale_pos_weight=0.9487028632263126, subsample=0.9771414282231924, subsample_freq=1; total time=   2.3s
[CV] END colsample_bytree=0.7257423924305306, learning_rate=0.11171413823294056, max_depth=8, min_child_samples=27, n_estimators=10000, num_leaves=245, reg_alpha=0.41038292303562973, reg_lambda=2.766653415629146, scale_pos_weight=0.9487028632263126, subsample=0.9771414282231924, subsample_freq=1; total time=   2.0s
[CV] END colsample_bytree=0.7257423924305306, learning_rate=0.11171413823294056, max_depth=8, min_child_samples=27, n_estimators=10000, num_leaves=245, reg_alpha=0.41038292303562973, reg_lambda=2.766653415629146, scale_pos_weight=0.9487028632263126, subsample=0.9771414282231924, subsample_freq=1; total time=   2.0s
[CV] END colsample_bytree=0.7257423924305306, learning_rate=0.11171413823294056, max_depth=8, min_child_samples=27, n_estimators=10000, num_leaves=245, reg_alpha=0.41038292303562973, reg_lambda=2.766653415629146, scale_pos_weight=0.9487028632263126, subsample=0.9771414282231924, subsample_freq=1; total time=   2.0s
[CV] END colsample_bytree=0.7257423924305306, learning_rate=0.11171413823294056, max_depth=8, min_child_samples=27, n_estimators=10000, num_leaves=245, reg_alpha=0.41038292303562973, reg_lambda=2.766653415629146, scale_pos_weight=0.9487028632263126, subsample=0.9771414282231924, subsample_freq=1; total time=   2.2s
[CV] END colsample_bytree=0.6372411071223597, learning_rate=0.18944315159066538, max_depth=7, min_child_samples=36, n_estimators=10000, num_leaves=23, reg_alpha=0.2788713525921819, reg_lambda=2.601073489918314, scale_pos_weight=0.9487028632263126, subsample=0.9588441039810308, subsample_freq=1; total time=   2.1s
[CV] END colsample_bytree=0.6372411071223597, learning_rate=0.18944315159066538, max_depth=7, min_child_samples=36, n_estimators=10000, num_leaves=23, reg_alpha=0.2788713525921819, reg_lambda=2.601073489918314, scale_pos_weight=0.9487028632263126, subsample=0.9588441039810308, subsample_freq=1; total time=   1.8s
[CV] END colsample_bytree=0.6372411071223597, learning_rate=0.18944315159066538, max_depth=7, min_child_samples=36, n_estimators=10000, num_leaves=23, reg_alpha=0.2788713525921819, reg_lambda=2.601073489918314, scale_pos_weight=0.9487028632263126, subsample=0.9588441039810308, subsample_freq=1; total time=   1.8s
[CV] END colsample_bytree=0.6372411071223597, learning_rate=0.18944315159066538, max_depth=7, min_child_samples=36, n_estimators=10000, num_leaves=23, reg_alpha=0.2788713525921819, reg_lambda=2.601073489918314, scale_pos_weight=0.9487028632263126, subsample=0.9588441039810308, subsample_freq=1; total time=   2.0s
[CV] END colsample_bytree=0.6372411071223597, learning_rate=0.18944315159066538, max_depth=7, min_child_samples=36, n_estimators=10000, num_leaves=23, reg_alpha=0.2788713525921819, reg_lambda=2.601073489918314, scale_pos_weight=0.9487028632263126, subsample=0.9588441039810308, subsample_freq=1; total time=   2.1s
[CV] END colsample_bytree=0.9977829850443283, learning_rate=0.045185050535469076, max_depth=6, min_child_samples=37, n_estimators=10000, num_leaves=156, reg_alpha=0.3253996981592677, reg_lambda=2.7394742153540723, scale_pos_weight=0.9487028632263126, subsample=0.8976682092226249, subsample_freq=1; total time=   4.5s
[CV] END colsample_bytree=0.9977829850443283, learning_rate=0.045185050535469076, max_depth=6, min_child_samples=37, n_estimators=10000, num_leaves=156, reg_alpha=0.3253996981592677, reg_lambda=2.7394742153540723, scale_pos_weight=0.9487028632263126, subsample=0.8976682092226249, subsample_freq=1; total time=   4.2s
[CV] END colsample_bytree=0.9977829850443283, learning_rate=0.045185050535469076, max_depth=6, min_child_samples=37, n_estimators=10000, num_leaves=156, reg_alpha=0.3253996981592677, reg_lambda=2.7394742153540723, scale_pos_weight=0.9487028632263126, subsample=0.8976682092226249, subsample_freq=1; total time=   4.1s
[CV] END colsample_bytree=0.9977829850443283, learning_rate=0.045185050535469076, max_depth=6, min_child_samples=37, n_estimators=10000, num_leaves=156, reg_alpha=0.3253996981592677, reg_lambda=2.7394742153540723, scale_pos_weight=0.9487028632263126, subsample=0.8976682092226249, subsample_freq=1; total time=   4.1s
[CV] END colsample_bytree=0.9977829850443283, learning_rate=0.045185050535469076, max_depth=6, min_child_samples=37, n_estimators=10000, num_leaves=156, reg_alpha=0.3253996981592677, reg_lambda=2.7394742153540723, scale_pos_weight=0.9487028632263126, subsample=0.8976682092226249, subsample_freq=1; total time=   4.4s
[CV] END colsample_bytree=0.6888431241882921, learning_rate=0.033973073466736566, max_depth=6, min_child_samples=28, n_estimators=10000, num_leaves=221, reg_alpha=0.16829104217293056, reg_lambda=1.1562926587192108, scale_pos_weight=0.9487028632263126, subsample=0.881207583558071, subsample_freq=1; total time=   4.7s
[CV] END colsample_bytree=0.6888431241882921, learning_rate=0.033973073466736566, max_depth=6, min_child_samples=28, n_estimators=10000, num_leaves=221, reg_alpha=0.16829104217293056, reg_lambda=1.1562926587192108, scale_pos_weight=0.9487028632263126, subsample=0.881207583558071, subsample_freq=1; total time=   4.7s
[CV] END colsample_bytree=0.6888431241882921, learning_rate=0.033973073466736566, max_depth=6, min_child_samples=28, n_estimators=10000, num_leaves=221, reg_alpha=0.16829104217293056, reg_lambda=1.1562926587192108, scale_pos_weight=0.9487028632263126, subsample=0.881207583558071, subsample_freq=1; total time=   4.6s
[CV] END colsample_bytree=0.6888431241882921, learning_rate=0.033973073466736566, max_depth=6, min_child_samples=28, n_estimators=10000, num_leaves=221, reg_alpha=0.16829104217293056, reg_lambda=1.1562926587192108, scale_pos_weight=0.9487028632263126, subsample=0.881207583558071, subsample_freq=1; total time=   4.8s
[CV] END colsample_bytree=0.6888431241882921, learning_rate=0.033973073466736566, max_depth=6, min_child_samples=28, n_estimators=10000, num_leaves=221, reg_alpha=0.16829104217293056, reg_lambda=1.1562926587192108, scale_pos_weight=0.9487028632263126, subsample=0.881207583558071, subsample_freq=1; total time=   5.0s
[CV] END colsample_bytree=0.9844688097397396, learning_rate=0.1789067697356303, max_depth=7, min_child_samples=86, n_estimators=10000, num_leaves=125, reg_alpha=0.8287375091519293, reg_lambda=1.5702599800807677, scale_pos_weight=0.9487028632263126, subsample=0.8428136990746738, subsample_freq=1; total time=   2.1s
[CV] END colsample_bytree=0.9844688097397396, learning_rate=0.1789067697356303, max_depth=7, min_child_samples=86, n_estimators=10000, num_leaves=125, reg_alpha=0.8287375091519293, reg_lambda=1.5702599800807677, scale_pos_weight=0.9487028632263126, subsample=0.8428136990746738, subsample_freq=1; total time=   2.1s
[CV] END colsample_bytree=0.9844688097397396, learning_rate=0.1789067697356303, max_depth=7, min_child_samples=86, n_estimators=10000, num_leaves=125, reg_alpha=0.8287375091519293, reg_lambda=1.5702599800807677, scale_pos_weight=0.9487028632263126, subsample=0.8428136990746738, subsample_freq=1; total time=   2.1s
[CV] END colsample_bytree=0.9844688097397396, learning_rate=0.1789067697356303, max_depth=7, min_child_samples=86, n_estimators=10000, num_leaves=125, reg_alpha=0.8287375091519293, reg_lambda=1.5702599800807677, scale_pos_weight=0.9487028632263126, subsample=0.8428136990746738, subsample_freq=1; total time=   2.1s
[CV] END colsample_bytree=0.9844688097397396, learning_rate=0.1789067697356303, max_depth=7, min_child_samples=86, n_estimators=10000, num_leaves=125, reg_alpha=0.8287375091519293, reg_lambda=1.5702599800807677, scale_pos_weight=0.9487028632263126, subsample=0.8428136990746738, subsample_freq=1; total time=   2.1s
[CV] END colsample_bytree=0.7975182385457563, learning_rate=0.11454656587639882, max_depth=9, min_child_samples=94, n_estimators=10000, num_leaves=56, reg_alpha=0.4393365018657701, reg_lambda=1.1051576070061886, scale_pos_weight=0.9487028632263126, subsample=0.8545641645055122, subsample_freq=1; total time=   2.7s
[CV] END colsample_bytree=0.7975182385457563, learning_rate=0.11454656587639882, max_depth=9, min_child_samples=94, n_estimators=10000, num_leaves=56, reg_alpha=0.4393365018657701, reg_lambda=1.1051576070061886, scale_pos_weight=0.9487028632263126, subsample=0.8545641645055122, subsample_freq=1; total time=   2.6s
[CV] END colsample_bytree=0.7975182385457563, learning_rate=0.11454656587639882, max_depth=9, min_child_samples=94, n_estimators=10000, num_leaves=56, reg_alpha=0.4393365018657701, reg_lambda=1.1051576070061886, scale_pos_weight=0.9487028632263126, subsample=0.8545641645055122, subsample_freq=1; total time=   2.6s
[CV] END colsample_bytree=0.7975182385457563, learning_rate=0.11454656587639882, max_depth=9, min_child_samples=94, n_estimators=10000, num_leaves=56, reg_alpha=0.4393365018657701, reg_lambda=1.1051576070061886, scale_pos_weight=0.9487028632263126, subsample=0.8545641645055122, subsample_freq=1; total time=   2.5s
[CV] END colsample_bytree=0.7975182385457563, learning_rate=0.11454656587639882, max_depth=9, min_child_samples=94, n_estimators=10000, num_leaves=56, reg_alpha=0.4393365018657701, reg_lambda=1.1051576070061886, scale_pos_weight=0.9487028632263126, subsample=0.8545641645055122, subsample_freq=1; total time=   2.7s
[CV] END colsample_bytree=0.6780971951192178, learning_rate=0.15449042305230107, max_depth=5, min_child_samples=8, n_estimators=10000, num_leaves=49, reg_alpha=0.768554014306309, reg_lambda=0.6308113152633013, scale_pos_weight=0.9487028632263126, subsample=0.9761834337411657, subsample_freq=1; total time=   1.6s
[CV] END colsample_bytree=0.6780971951192178, learning_rate=0.15449042305230107, max_depth=5, min_child_samples=8, n_estimators=10000, num_leaves=49, reg_alpha=0.768554014306309, reg_lambda=0.6308113152633013, scale_pos_weight=0.9487028632263126, subsample=0.9761834337411657, subsample_freq=1; total time=   1.5s
[CV] END colsample_bytree=0.6780971951192178, learning_rate=0.15449042305230107, max_depth=5, min_child_samples=8, n_estimators=10000, num_leaves=49, reg_alpha=0.768554014306309, reg_lambda=0.6308113152633013, scale_pos_weight=0.9487028632263126, subsample=0.9761834337411657, subsample_freq=1; total time=   1.5s
[CV] END colsample_bytree=0.6780971951192178, learning_rate=0.15449042305230107, max_depth=5, min_child_samples=8, n_estimators=10000, num_leaves=49, reg_alpha=0.768554014306309, reg_lambda=0.6308113152633013, scale_pos_weight=0.9487028632263126, subsample=0.9761834337411657, subsample_freq=1; total time=   1.6s
[CV] END colsample_bytree=0.6780971951192178, learning_rate=0.15449042305230107, max_depth=5, min_child_samples=8, n_estimators=10000, num_leaves=49, reg_alpha=0.768554014306309, reg_lambda=0.6308113152633013, scale_pos_weight=0.9487028632263126, subsample=0.9761834337411657, subsample_freq=1; total time=   1.6s
[CV] END colsample_bytree=0.941203782186944, learning_rate=0.06888977841391714, max_depth=7, min_child_samples=36, n_estimators=10000, num_leaves=229, reg_alpha=0.2684748568901568, reg_lambda=1.9558396228289472, scale_pos_weight=0.9487028632263126, subsample=0.82272050498334, subsample_freq=1; total time=   4.1s
[CV] END colsample_bytree=0.941203782186944, learning_rate=0.06888977841391714, max_depth=7, min_child_samples=36, n_estimators=10000, num_leaves=229, reg_alpha=0.2684748568901568, reg_lambda=1.9558396228289472, scale_pos_weight=0.9487028632263126, subsample=0.82272050498334, subsample_freq=1; total time=   3.9s
[CV] END colsample_bytree=0.941203782186944, learning_rate=0.06888977841391714, max_depth=7, min_child_samples=36, n_estimators=10000, num_leaves=229, reg_alpha=0.2684748568901568, reg_lambda=1.9558396228289472, scale_pos_weight=0.9487028632263126, subsample=0.82272050498334, subsample_freq=1; total time=   3.9s
[CV] END colsample_bytree=0.941203782186944, learning_rate=0.06888977841391714, max_depth=7, min_child_samples=36, n_estimators=10000, num_leaves=229, reg_alpha=0.2684748568901568, reg_lambda=1.9558396228289472, scale_pos_weight=0.9487028632263126, subsample=0.82272050498334, subsample_freq=1; total time=   4.0s
[CV] END colsample_bytree=0.941203782186944, learning_rate=0.06888977841391714, max_depth=7, min_child_samples=36, n_estimators=10000, num_leaves=229, reg_alpha=0.2684748568901568, reg_lambda=1.9558396228289472, scale_pos_weight=0.9487028632263126, subsample=0.82272050498334, subsample_freq=1; total time=   4.0s
[CV] END colsample_bytree=0.7312610669898928, learning_rate=0.04100832334554884, max_depth=8, min_child_samples=26, n_estimators=10000, num_leaves=72, reg_alpha=0.8604046183116753, reg_lambda=1.2507540815475922, scale_pos_weight=0.9487028632263126, subsample=0.9290402242638633, subsample_freq=1; total time=   3.6s
[CV] END colsample_bytree=0.7312610669898928, learning_rate=0.04100832334554884, max_depth=8, min_child_samples=26, n_estimators=10000, num_leaves=72, reg_alpha=0.8604046183116753, reg_lambda=1.2507540815475922, scale_pos_weight=0.9487028632263126, subsample=0.9290402242638633, subsample_freq=1; total time=   3.5s
[CV] END colsample_bytree=0.7312610669898928, learning_rate=0.04100832334554884, max_depth=8, min_child_samples=26, n_estimators=10000, num_leaves=72, reg_alpha=0.8604046183116753, reg_lambda=1.2507540815475922, scale_pos_weight=0.9487028632263126, subsample=0.9290402242638633, subsample_freq=1; total time=   3.4s
[CV] END colsample_bytree=0.7312610669898928, learning_rate=0.04100832334554884, max_depth=8, min_child_samples=26, n_estimators=10000, num_leaves=72, reg_alpha=0.8604046183116753, reg_lambda=1.2507540815475922, scale_pos_weight=0.9487028632263126, subsample=0.9290402242638633, subsample_freq=1; total time=   3.4s
[CV] END colsample_bytree=0.7312610669898928, learning_rate=0.04100832334554884, max_depth=8, min_child_samples=26, n_estimators=10000, num_leaves=72, reg_alpha=0.8604046183116753, reg_lambda=1.2507540815475922, scale_pos_weight=0.9487028632263126, subsample=0.9290402242638633, subsample_freq=1; total time=   3.5s
[CV] END colsample_bytree=0.7103996728090174, learning_rate=0.06925470114081649, max_depth=7, min_child_samples=69, n_estimators=10000, num_leaves=103, reg_alpha=0.9868869366005173, reg_lambda=2.8167343078899725, scale_pos_weight=0.9487028632263126, subsample=0.7173952698872152, subsample_freq=1; total time=   3.5s
[CV] END colsample_bytree=0.7103996728090174, learning_rate=0.06925470114081649, max_depth=7, min_child_samples=69, n_estimators=10000, num_leaves=103, reg_alpha=0.9868869366005173, reg_lambda=2.8167343078899725, scale_pos_weight=0.9487028632263126, subsample=0.7173952698872152, subsample_freq=1; total time=   3.3s
[CV] END colsample_bytree=0.7103996728090174, learning_rate=0.06925470114081649, max_depth=7, min_child_samples=69, n_estimators=10000, num_leaves=103, reg_alpha=0.9868869366005173, reg_lambda=2.8167343078899725, scale_pos_weight=0.9487028632263126, subsample=0.7173952698872152, subsample_freq=1; total time=   3.4s
[CV] END colsample_bytree=0.7103996728090174, learning_rate=0.06925470114081649, max_depth=7, min_child_samples=69, n_estimators=10000, num_leaves=103, reg_alpha=0.9868869366005173, reg_lambda=2.8167343078899725, scale_pos_weight=0.9487028632263126, subsample=0.7173952698872152, subsample_freq=1; total time=   3.4s
[CV] END colsample_bytree=0.7103996728090174, learning_rate=0.06925470114081649, max_depth=7, min_child_samples=69, n_estimators=10000, num_leaves=103, reg_alpha=0.9868869366005173, reg_lambda=2.8167343078899725, scale_pos_weight=0.9487028632263126, subsample=0.7173952698872152, subsample_freq=1; total time=   3.4s
----------
iter: 2
n_candidates: 5
n_resources: 23184
Fitting 5 folds for each of 5 candidates, totalling 25 fits
[CV] END colsample_bytree=0.9977829850443283, learning_rate=0.045185050535469076, max_depth=6, min_child_samples=37, n_estimators=10000, num_leaves=156, reg_alpha=0.3253996981592677, reg_lambda=2.7394742153540723, scale_pos_weight=0.9487028632263126, subsample=0.8976682092226249, subsample_freq=1; total time=  11.0s
[CV] END colsample_bytree=0.9977829850443283, learning_rate=0.045185050535469076, max_depth=6, min_child_samples=37, n_estimators=10000, num_leaves=156, reg_alpha=0.3253996981592677, reg_lambda=2.7394742153540723, scale_pos_weight=0.9487028632263126, subsample=0.8976682092226249, subsample_freq=1; total time=  10.9s
[CV] END colsample_bytree=0.9977829850443283, learning_rate=0.045185050535469076, max_depth=6, min_child_samples=37, n_estimators=10000, num_leaves=156, reg_alpha=0.3253996981592677, reg_lambda=2.7394742153540723, scale_pos_weight=0.9487028632263126, subsample=0.8976682092226249, subsample_freq=1; total time=  10.4s
[CV] END colsample_bytree=0.9977829850443283, learning_rate=0.045185050535469076, max_depth=6, min_child_samples=37, n_estimators=10000, num_leaves=156, reg_alpha=0.3253996981592677, reg_lambda=2.7394742153540723, scale_pos_weight=0.9487028632263126, subsample=0.8976682092226249, subsample_freq=1; total time=  10.8s
[CV] END colsample_bytree=0.9977829850443283, learning_rate=0.045185050535469076, max_depth=6, min_child_samples=37, n_estimators=10000, num_leaves=156, reg_alpha=0.3253996981592677, reg_lambda=2.7394742153540723, scale_pos_weight=0.9487028632263126, subsample=0.8976682092226249, subsample_freq=1; total time=  10.5s
[CV] END colsample_bytree=0.941203782186944, learning_rate=0.06888977841391714, max_depth=7, min_child_samples=36, n_estimators=10000, num_leaves=229, reg_alpha=0.2684748568901568, reg_lambda=1.9558396228289472, scale_pos_weight=0.9487028632263126, subsample=0.82272050498334, subsample_freq=1; total time=  10.0s
[CV] END colsample_bytree=0.941203782186944, learning_rate=0.06888977841391714, max_depth=7, min_child_samples=36, n_estimators=10000, num_leaves=229, reg_alpha=0.2684748568901568, reg_lambda=1.9558396228289472, scale_pos_weight=0.9487028632263126, subsample=0.82272050498334, subsample_freq=1; total time=  10.2s
[CV] END colsample_bytree=0.941203782186944, learning_rate=0.06888977841391714, max_depth=7, min_child_samples=36, n_estimators=10000, num_leaves=229, reg_alpha=0.2684748568901568, reg_lambda=1.9558396228289472, scale_pos_weight=0.9487028632263126, subsample=0.82272050498334, subsample_freq=1; total time=  10.4s
[CV] END colsample_bytree=0.941203782186944, learning_rate=0.06888977841391714, max_depth=7, min_child_samples=36, n_estimators=10000, num_leaves=229, reg_alpha=0.2684748568901568, reg_lambda=1.9558396228289472, scale_pos_weight=0.9487028632263126, subsample=0.82272050498334, subsample_freq=1; total time=  10.0s
[CV] END colsample_bytree=0.941203782186944, learning_rate=0.06888977841391714, max_depth=7, min_child_samples=36, n_estimators=10000, num_leaves=229, reg_alpha=0.2684748568901568, reg_lambda=1.9558396228289472, scale_pos_weight=0.9487028632263126, subsample=0.82272050498334, subsample_freq=1; total time=  10.4s
[CV] END colsample_bytree=0.7257423924305306, learning_rate=0.11171413823294056, max_depth=8, min_child_samples=27, n_estimators=10000, num_leaves=245, reg_alpha=0.41038292303562973, reg_lambda=2.766653415629146, scale_pos_weight=0.9487028632263126, subsample=0.9771414282231924, subsample_freq=1; total time=   6.9s
[CV] END colsample_bytree=0.7257423924305306, learning_rate=0.11171413823294056, max_depth=8, min_child_samples=27, n_estimators=10000, num_leaves=245, reg_alpha=0.41038292303562973, reg_lambda=2.766653415629146, scale_pos_weight=0.9487028632263126, subsample=0.9771414282231924, subsample_freq=1; total time=   6.6s
[CV] END colsample_bytree=0.7257423924305306, learning_rate=0.11171413823294056, max_depth=8, min_child_samples=27, n_estimators=10000, num_leaves=245, reg_alpha=0.41038292303562973, reg_lambda=2.766653415629146, scale_pos_weight=0.9487028632263126, subsample=0.9771414282231924, subsample_freq=1; total time=   6.3s
[CV] END colsample_bytree=0.7257423924305306, learning_rate=0.11171413823294056, max_depth=8, min_child_samples=27, n_estimators=10000, num_leaves=245, reg_alpha=0.41038292303562973, reg_lambda=2.766653415629146, scale_pos_weight=0.9487028632263126, subsample=0.9771414282231924, subsample_freq=1; total time=   6.5s
[CV] END colsample_bytree=0.7257423924305306, learning_rate=0.11171413823294056, max_depth=8, min_child_samples=27, n_estimators=10000, num_leaves=245, reg_alpha=0.41038292303562973, reg_lambda=2.766653415629146, scale_pos_weight=0.9487028632263126, subsample=0.9771414282231924, subsample_freq=1; total time=   6.4s
[CV] END colsample_bytree=0.6888431241882921, learning_rate=0.033973073466736566, max_depth=6, min_child_samples=28, n_estimators=10000, num_leaves=221, reg_alpha=0.16829104217293056, reg_lambda=1.1562926587192108, scale_pos_weight=0.9487028632263126, subsample=0.881207583558071, subsample_freq=1; total time=  11.5s
[CV] END colsample_bytree=0.6888431241882921, learning_rate=0.033973073466736566, max_depth=6, min_child_samples=28, n_estimators=10000, num_leaves=221, reg_alpha=0.16829104217293056, reg_lambda=1.1562926587192108, scale_pos_weight=0.9487028632263126, subsample=0.881207583558071, subsample_freq=1; total time=  11.2s
[CV] END colsample_bytree=0.6888431241882921, learning_rate=0.033973073466736566, max_depth=6, min_child_samples=28, n_estimators=10000, num_leaves=221, reg_alpha=0.16829104217293056, reg_lambda=1.1562926587192108, scale_pos_weight=0.9487028632263126, subsample=0.881207583558071, subsample_freq=1; total time=  11.1s
[CV] END colsample_bytree=0.6888431241882921, learning_rate=0.033973073466736566, max_depth=6, min_child_samples=28, n_estimators=10000, num_leaves=221, reg_alpha=0.16829104217293056, reg_lambda=1.1562926587192108, scale_pos_weight=0.9487028632263126, subsample=0.881207583558071, subsample_freq=1; total time=  10.9s
[CV] END colsample_bytree=0.6888431241882921, learning_rate=0.033973073466736566, max_depth=6, min_child_samples=28, n_estimators=10000, num_leaves=221, reg_alpha=0.16829104217293056, reg_lambda=1.1562926587192108, scale_pos_weight=0.9487028632263126, subsample=0.881207583558071, subsample_freq=1; total time=  11.2s
[CV] END colsample_bytree=0.7312610669898928, learning_rate=0.04100832334554884, max_depth=8, min_child_samples=26, n_estimators=10000, num_leaves=72, reg_alpha=0.8604046183116753, reg_lambda=1.2507540815475922, scale_pos_weight=0.9487028632263126, subsample=0.9290402242638633, subsample_freq=1; total time=   9.9s
[CV] END colsample_bytree=0.7312610669898928, learning_rate=0.04100832334554884, max_depth=8, min_child_samples=26, n_estimators=10000, num_leaves=72, reg_alpha=0.8604046183116753, reg_lambda=1.2507540815475922, scale_pos_weight=0.9487028632263126, subsample=0.9290402242638633, subsample_freq=1; total time=   9.6s
[CV] END colsample_bytree=0.7312610669898928, learning_rate=0.04100832334554884, max_depth=8, min_child_samples=26, n_estimators=10000, num_leaves=72, reg_alpha=0.8604046183116753, reg_lambda=1.2507540815475922, scale_pos_weight=0.9487028632263126, subsample=0.9290402242638633, subsample_freq=1; total time=   9.3s
[CV] END colsample_bytree=0.7312610669898928, learning_rate=0.04100832334554884, max_depth=8, min_child_samples=26, n_estimators=10000, num_leaves=72, reg_alpha=0.8604046183116753, reg_lambda=1.2507540815475922, scale_pos_weight=0.9487028632263126, subsample=0.9290402242638633, subsample_freq=1; total time=   9.7s
[CV] END colsample_bytree=0.7312610669898928, learning_rate=0.04100832334554884, max_depth=8, min_child_samples=26, n_estimators=10000, num_leaves=72, reg_alpha=0.8604046183116753, reg_lambda=1.2507540815475922, scale_pos_weight=0.9487028632263126, subsample=0.9290402242638633, subsample_freq=1; total time=   9.3s
----------
iter: 3
n_candidates: 2
n_resources: 69552
Fitting 5 folds for each of 2 candidates, totalling 10 fits
[CV] END colsample_bytree=0.6888431241882921, learning_rate=0.033973073466736566, max_depth=6, min_child_samples=28, n_estimators=10000, num_leaves=221, reg_alpha=0.16829104217293056, reg_lambda=1.1562926587192108, scale_pos_weight=0.9487028632263126, subsample=0.881207583558071, subsample_freq=1; total time=  19.7s
[CV] END colsample_bytree=0.6888431241882921, learning_rate=0.033973073466736566, max_depth=6, min_child_samples=28, n_estimators=10000, num_leaves=221, reg_alpha=0.16829104217293056, reg_lambda=1.1562926587192108, scale_pos_weight=0.9487028632263126, subsample=0.881207583558071, subsample_freq=1; total time=  19.2s
[CV] END colsample_bytree=0.6888431241882921, learning_rate=0.033973073466736566, max_depth=6, min_child_samples=28, n_estimators=10000, num_leaves=221, reg_alpha=0.16829104217293056, reg_lambda=1.1562926587192108, scale_pos_weight=0.9487028632263126, subsample=0.881207583558071, subsample_freq=1; total time=  19.6s
[CV] END colsample_bytree=0.6888431241882921, learning_rate=0.033973073466736566, max_depth=6, min_child_samples=28, n_estimators=10000, num_leaves=221, reg_alpha=0.16829104217293056, reg_lambda=1.1562926587192108, scale_pos_weight=0.9487028632263126, subsample=0.881207583558071, subsample_freq=1; total time=  19.6s
[CV] END colsample_bytree=0.6888431241882921, learning_rate=0.033973073466736566, max_depth=6, min_child_samples=28, n_estimators=10000, num_leaves=221, reg_alpha=0.16829104217293056, reg_lambda=1.1562926587192108, scale_pos_weight=0.9487028632263126, subsample=0.881207583558071, subsample_freq=1; total time=  19.2s
[CV] END colsample_bytree=0.7312610669898928, learning_rate=0.04100832334554884, max_depth=8, min_child_samples=26, n_estimators=10000, num_leaves=72, reg_alpha=0.8604046183116753, reg_lambda=1.2507540815475922, scale_pos_weight=0.9487028632263126, subsample=0.9290402242638633, subsample_freq=1; total time=  23.5s
[CV] END colsample_bytree=0.7312610669898928, learning_rate=0.04100832334554884, max_depth=8, min_child_samples=26, n_estimators=10000, num_leaves=72, reg_alpha=0.8604046183116753, reg_lambda=1.2507540815475922, scale_pos_weight=0.9487028632263126, subsample=0.9290402242638633, subsample_freq=1; total time=  23.9s
[CV] END colsample_bytree=0.7312610669898928, learning_rate=0.04100832334554884, max_depth=8, min_child_samples=26, n_estimators=10000, num_leaves=72, reg_alpha=0.8604046183116753, reg_lambda=1.2507540815475922, scale_pos_weight=0.9487028632263126, subsample=0.9290402242638633, subsample_freq=1; total time=  23.3s
[CV] END colsample_bytree=0.7312610669898928, learning_rate=0.04100832334554884, max_depth=8, min_child_samples=26, n_estimators=10000, num_leaves=72, reg_alpha=0.8604046183116753, reg_lambda=1.2507540815475922, scale_pos_weight=0.9487028632263126, subsample=0.9290402242638633, subsample_freq=1; total time=  23.4s
[CV] END colsample_bytree=0.7312610669898928, learning_rate=0.04100832334554884, max_depth=8, min_child_samples=26, n_estimators=10000, num_leaves=72, reg_alpha=0.8604046183116753, reg_lambda=1.2507540815475922, scale_pos_weight=0.9487028632263126, subsample=0.9290402242638633, subsample_freq=1; total time=  22.6s

Best F1-macro (CV on train): 0.9455

======================================================================
Threshold tuning on validation set 
======================================================================
  Best F1-macro   threshold (val): 0.60  : f1_macro=0.9113  recall_anom=0.8881
  Best F1-anomaly threshold (val): 0.50
  Best Youden     threshold (val): 0.50
  Best recall≥90  threshold (val): 0.45

======================================================================
Evaluation on TEST  (threshold=0.60 from val)
======================================================================

BASELINE  (test, threshold=0.5)
======================================================================
              precision    recall  f1-score   support

        Good     0.8679    0.9007    0.8840      5728
         Bad     0.9103    0.8804    0.8951      6562

    accuracy                         0.8898     12290
   macro avg     0.8891    0.8905    0.8895     12290
weighted avg     0.8906    0.8898    0.8899     12290


OPTIMIZED  (test, threshold=0.60 tuned on val, scoring=f1_macro)
======================================================================
              precision    recall  f1-score   support

        Good     0.8620    0.9202    0.8901      5728
         Bad     0.9260    0.8714    0.8979      6562

    accuracy                         0.8941     12290
   macro avg     0.8940    0.8958    0.8940     12290
weighted avg     0.8962    0.8941    0.8943     12290


======================================================================
Saving artifacts
======================================================================
  - Model
  - Plot bundle
  - Test results parquet
  - Threshold info
  - Best params JSON
  - HP search CSV
  - Threshold CSV
  - Classification report
  - MLflow model log

######################################################################
#  OCEANO: Pacific
######################################################################
  Train : 204,308 profiles | 57.99% anomalous
  Val   : 56,640   profiles | 72.52% anomalous
  Test  : 36,629  profiles | 84.88% anomalous
  Features: 24  →  ['TEMP_max', 'TEMP_min', 'TEMP_mean', 'TEMP_std', 'TEMP_range', 'TEMP_max_grad', 'TEMP_mean_grad', 'TEMP_grad_std', 'PSAL_max', 'PSAL_min', 'PSAL_mean', 'PSAL_std', 'PSAL_range', 'PSAL_max_grad', 'PSAL_mean_grad', 'PSAL_grad_std', 'PRES_max', 'PRES_min', 'PRES_mean', 'PRES_std', 'PRES_range', 'PRES_max_grad', 'PRES_mean_grad', 'PRES_grad_std']
  Imbalance ratio (scale_pos_weight): 0.72

Using experiment 'LightGBM_Pacific_2021_2025_TemporalSplit' (id=59)

======================================================================
Baseline LightGBM (200 arboles, threshold por defecto 0.5)
======================================================================
  Baseline ROC-AUC (test) : 0.9436
  Baseline F1-macro (test): 0.8772

======================================================================
HalvingRandomSearchCV — scoring=f1_macro  (CV en train only)
======================================================================

Starting hyperparameter search...
n_iterations: 4
n_required_iterations: 4
n_possible_iterations: 4
min_resources_: 7566
max_resources_: 204308
aggressive_elimination: False
factor: 3
----------
iter: 0
n_candidates: 40
n_resources: 7566
Fitting 5 folds for each of 40 candidates, totalling 200 fits
[CV] END colsample_bytree=0.749816047538945, learning_rate=0.20014286128198325, max_depth=5, min_child_samples=76, n_estimators=10000, num_leaves=203, reg_alpha=0.596850157946487, reg_lambda=1.8374982585607733, scale_pos_weight=<scipy.stats._distn_infrastructure.rv_continuous_frozen object at 0x7efb9a026c50>, subsample=0.6232334448672797, subsample_freq=1; total time=   0.0s
[CV] END colsample_bytree=0.749816047538945, learning_rate=0.20014286128198325, max_depth=5, min_child_samples=76, n_estimators=10000, num_leaves=203, reg_alpha=0.596850157946487, reg_lambda=1.8374982585607733, scale_pos_weight=<scipy.stats._distn_infrastructure.rv_continuous_frozen object at 0x7efb9a026c50>, subsample=0.6232334448672797, subsample_freq=1; total time=   0.0s
[CV] END colsample_bytree=0.749816047538945, learning_rate=0.20014286128198325, max_depth=5, min_child_samples=76, n_estimators=10000, num_leaves=203, reg_alpha=0.596850157946487, reg_lambda=1.8374982585607733, scale_pos_weight=<scipy.stats._distn_infrastructure.rv_continuous_frozen object at 0x7efb9a026c50>, subsample=0.6232334448672797, subsample_freq=1; total time=   0.0s
[CV] END colsample_bytree=0.749816047538945, learning_rate=0.20014286128198325, max_depth=5, min_child_samples=76, n_estimators=10000, num_leaves=203, reg_alpha=0.596850157946487, reg_lambda=1.8374982585607733, scale_pos_weight=<scipy.stats._distn_infrastructure.rv_continuous_frozen object at 0x7efb9a026c50>, subsample=0.6232334448672797, subsample_freq=1; total time=   0.0s
[CV] END colsample_bytree=0.749816047538945, learning_rate=0.20014286128198325, max_depth=5, min_child_samples=76, n_estimators=10000, num_leaves=203, reg_alpha=0.596850157946487, reg_lambda=1.8374982585607733, scale_pos_weight=<scipy.stats._distn_infrastructure.rv_continuous_frozen object at 0x7efb9a026c50>, subsample=0.6232334448672797, subsample_freq=1; total time=   0.0s
[CV] END colsample_bytree=0.9464704583099741, learning_rate=0.13022300234864176, max_depth=5, min_child_samples=26, n_estimators=10000, num_leaves=67, reg_alpha=0.9699098521619943, reg_lambda=2.997327922401265, scale_pos_weight=0.7243218608105599, subsample=0.6003115063364057, subsample_freq=1; total time=   2.5s
[CV] END colsample_bytree=0.9464704583099741, learning_rate=0.13022300234864176, max_depth=5, min_child_samples=26, n_estimators=10000, num_leaves=67, reg_alpha=0.9699098521619943, reg_lambda=2.997327922401265, scale_pos_weight=0.7243218608105599, subsample=0.6003115063364057, subsample_freq=1; total time=   2.7s
[CV] END colsample_bytree=0.9464704583099741, learning_rate=0.13022300234864176, max_depth=5, min_child_samples=26, n_estimators=10000, num_leaves=67, reg_alpha=0.9699098521619943, reg_lambda=2.997327922401265, scale_pos_weight=0.7243218608105599, subsample=0.6003115063364057, subsample_freq=1; total time=   2.8s
[CV] END colsample_bytree=0.9464704583099741, learning_rate=0.13022300234864176, max_depth=5, min_child_samples=26, n_estimators=10000, num_leaves=67, reg_alpha=0.9699098521619943, reg_lambda=2.997327922401265, scale_pos_weight=0.7243218608105599, subsample=0.6003115063364057, subsample_freq=1; total time=   2.8s
[CV] END colsample_bytree=0.9464704583099741, learning_rate=0.13022300234864176, max_depth=5, min_child_samples=26, n_estimators=10000, num_leaves=67, reg_alpha=0.9699098521619943, reg_lambda=2.997327922401265, scale_pos_weight=0.7243218608105599, subsample=0.6003115063364057, subsample_freq=1; total time=   2.7s
[CV] END colsample_bytree=0.996884623716487, learning_rate=0.13349630192554332, max_depth=4, min_child_samples=26, n_estimators=10000, num_leaves=250, reg_alpha=0.023062425041415757, reg_lambda=2.0743239807751674, scale_pos_weight=<scipy.stats._distn_infrastructure.rv_continuous_frozen object at 0x7efb9a026c50>, subsample=0.6557975442608167, subsample_freq=1; total time=   0.0s
[CV] END colsample_bytree=0.996884623716487, learning_rate=0.13349630192554332, max_depth=4, min_child_samples=26, n_estimators=10000, num_leaves=250, reg_alpha=0.023062425041415757, reg_lambda=2.0743239807751674, scale_pos_weight=<scipy.stats._distn_infrastructure.rv_continuous_frozen object at 0x7efb9a026c50>, subsample=0.6557975442608167, subsample_freq=1; total time=   0.0s
[CV] END colsample_bytree=0.996884623716487, learning_rate=0.13349630192554332, max_depth=4, min_child_samples=26, n_estimators=10000, num_leaves=250, reg_alpha=0.023062425041415757, reg_lambda=2.0743239807751674, scale_pos_weight=<scipy.stats._distn_infrastructure.rv_continuous_frozen object at 0x7efb9a026c50>, subsample=0.6557975442608167, subsample_freq=1; total time=   0.0s
[CV] END colsample_bytree=0.996884623716487, learning_rate=0.13349630192554332, max_depth=4, min_child_samples=26, n_estimators=10000, num_leaves=250, reg_alpha=0.023062425041415757, reg_lambda=2.0743239807751674, scale_pos_weight=<scipy.stats._distn_infrastructure.rv_continuous_frozen object at 0x7efb9a026c50>, subsample=0.6557975442608167, subsample_freq=1; total time=   0.0s
[CV] END colsample_bytree=0.996884623716487, learning_rate=0.13349630192554332, max_depth=4, min_child_samples=26, n_estimators=10000, num_leaves=250, reg_alpha=0.023062425041415757, reg_lambda=2.0743239807751674, scale_pos_weight=<scipy.stats._distn_infrastructure.rv_continuous_frozen object at 0x7efb9a026c50>, subsample=0.6557975442608167, subsample_freq=1; total time=   0.0s
[CV] END colsample_bytree=0.7168578594140873, learning_rate=0.08327236865873834, max_depth=8, min_child_samples=66, n_estimators=10000, num_leaves=189, reg_alpha=0.6183860093330873, reg_lambda=1.6473859738014882, scale_pos_weight=0.7243218608105599, subsample=0.836965827544817, subsample_freq=1; total time=   2.9s
[CV] END colsample_bytree=0.7168578594140873, learning_rate=0.08327236865873834, max_depth=8, min_child_samples=66, n_estimators=10000, num_leaves=189, reg_alpha=0.6183860093330873, reg_lambda=1.6473859738014882, scale_pos_weight=0.7243218608105599, subsample=0.836965827544817, subsample_freq=1; total time=   3.0s
[CV] END colsample_bytree=0.7168578594140873, learning_rate=0.08327236865873834, max_depth=8, min_child_samples=66, n_estimators=10000, num_leaves=189, reg_alpha=0.6183860093330873, reg_lambda=1.6473859738014882, scale_pos_weight=0.7243218608105599, subsample=0.836965827544817, subsample_freq=1; total time=   3.1s
[CV] END colsample_bytree=0.7168578594140873, learning_rate=0.08327236865873834, max_depth=8, min_child_samples=66, n_estimators=10000, num_leaves=189, reg_alpha=0.6183860093330873, reg_lambda=1.6473859738014882, scale_pos_weight=0.7243218608105599, subsample=0.836965827544817, subsample_freq=1; total time=   3.0s
[CV] END colsample_bytree=0.7168578594140873, learning_rate=0.08327236865873834, max_depth=8, min_child_samples=66, n_estimators=10000, num_leaves=189, reg_alpha=0.6183860093330873, reg_lambda=1.6473859738014882, scale_pos_weight=0.7243218608105599, subsample=0.836965827544817, subsample_freq=1; total time=   3.0s
[CV] END colsample_bytree=0.6185801650879991, learning_rate=0.1315089703802877, max_depth=7, min_child_samples=77, n_estimators=10000, num_leaves=181, reg_alpha=0.013264961159866528, reg_lambda=3.3266052670545583, scale_pos_weight=0.7243218608105599, subsample=0.9233589392465844, subsample_freq=1; total time=   5.8s
[CV] END colsample_bytree=0.6185801650879991, learning_rate=0.1315089703802877, max_depth=7, min_child_samples=77, n_estimators=10000, num_leaves=181, reg_alpha=0.013264961159866528, reg_lambda=3.3266052670545583, scale_pos_weight=0.7243218608105599, subsample=0.9233589392465844, subsample_freq=1; total time=   5.8s
[CV] END colsample_bytree=0.6185801650879991, learning_rate=0.1315089703802877, max_depth=7, min_child_samples=77, n_estimators=10000, num_leaves=181, reg_alpha=0.013264961159866528, reg_lambda=3.3266052670545583, scale_pos_weight=0.7243218608105599, subsample=0.9233589392465844, subsample_freq=1; total time=   5.8s
[CV] END colsample_bytree=0.6185801650879991, learning_rate=0.1315089703802877, max_depth=7, min_child_samples=77, n_estimators=10000, num_leaves=181, reg_alpha=0.013264961159866528, reg_lambda=3.3266052670545583, scale_pos_weight=0.7243218608105599, subsample=0.9233589392465844, subsample_freq=1; total time=   5.9s
[CV] END colsample_bytree=0.6185801650879991, learning_rate=0.1315089703802877, max_depth=7, min_child_samples=77, n_estimators=10000, num_leaves=181, reg_alpha=0.013264961159866528, reg_lambda=3.3266052670545583, scale_pos_weight=0.7243218608105599, subsample=0.9233589392465844, subsample_freq=1; total time=   5.8s
[CV] END colsample_bytree=0.7218455076693483, learning_rate=0.02953442280127678, max_depth=6, min_child_samples=96, n_estimators=10000, num_leaves=125, reg_alpha=0.6832635188254582, reg_lambda=2.3299899733478626, scale_pos_weight=0.7243218608105599, subsample=0.6137554084460873, subsample_freq=1; total time=   4.4s
[CV] END colsample_bytree=0.7218455076693483, learning_rate=0.02953442280127678, max_depth=6, min_child_samples=96, n_estimators=10000, num_leaves=125, reg_alpha=0.6832635188254582, reg_lambda=2.3299899733478626, scale_pos_weight=0.7243218608105599, subsample=0.6137554084460873, subsample_freq=1; total time=   4.1s
[CV] END colsample_bytree=0.7218455076693483, learning_rate=0.02953442280127678, max_depth=6, min_child_samples=96, n_estimators=10000, num_leaves=125, reg_alpha=0.6832635188254582, reg_lambda=2.3299899733478626, scale_pos_weight=0.7243218608105599, subsample=0.6137554084460873, subsample_freq=1; total time=   4.1s
[CV] END colsample_bytree=0.7218455076693483, learning_rate=0.02953442280127678, max_depth=6, min_child_samples=96, n_estimators=10000, num_leaves=125, reg_alpha=0.6832635188254582, reg_lambda=2.3299899733478626, scale_pos_weight=0.7243218608105599, subsample=0.6137554084460873, subsample_freq=1; total time=   4.1s
[CV] END colsample_bytree=0.7218455076693483, learning_rate=0.02953442280127678, max_depth=6, min_child_samples=96, n_estimators=10000, num_leaves=125, reg_alpha=0.6832635188254582, reg_lambda=2.3299899733478626, scale_pos_weight=0.7243218608105599, subsample=0.6137554084460873, subsample_freq=1; total time=   4.1s
[CV] END colsample_bytree=0.9637281608315128, learning_rate=0.061755996320003385, max_depth=6, min_child_samples=6, n_estimators=10000, num_leaves=148, reg_alpha=0.20794166286818883, reg_lambda=2.2031009834599744, scale_pos_weight=<scipy.stats._distn_infrastructure.rv_continuous_frozen object at 0x7efb9a026c50>, subsample=0.9878338511058234, subsample_freq=1; total time=   0.0s
[CV] END colsample_bytree=0.9637281608315128, learning_rate=0.061755996320003385, max_depth=6, min_child_samples=6, n_estimators=10000, num_leaves=148, reg_alpha=0.20794166286818883, reg_lambda=2.2031009834599744, scale_pos_weight=<scipy.stats._distn_infrastructure.rv_continuous_frozen object at 0x7efb9a026c50>, subsample=0.9878338511058234, subsample_freq=1; total time=   0.0s
[CV] END colsample_bytree=0.9637281608315128, learning_rate=0.061755996320003385, max_depth=6, min_child_samples=6, n_estimators=10000, num_leaves=148, reg_alpha=0.20794166286818883, reg_lambda=2.2031009834599744, scale_pos_weight=<scipy.stats._distn_infrastructure.rv_continuous_frozen object at 0x7efb9a026c50>, subsample=0.9878338511058234, subsample_freq=1; total time=   0.0s
[CV] END colsample_bytree=0.9637281608315128, learning_rate=0.061755996320003385, max_depth=6, min_child_samples=6, n_estimators=10000, num_leaves=148, reg_alpha=0.20794166286818883, reg_lambda=2.2031009834599744, scale_pos_weight=<scipy.stats._distn_infrastructure.rv_continuous_frozen object at 0x7efb9a026c50>, subsample=0.9878338511058234, subsample_freq=1; total time=   0.0s
[CV] END colsample_bytree=0.9637281608315128, learning_rate=0.061755996320003385, max_depth=6, min_child_samples=6, n_estimators=10000, num_leaves=148, reg_alpha=0.20794166286818883, reg_lambda=2.2031009834599744, scale_pos_weight=<scipy.stats._distn_infrastructure.rv_continuous_frozen object at 0x7efb9a026c50>, subsample=0.9878338511058234, subsample_freq=1; total time=   0.0s
[CV] END colsample_bytree=0.9100531293444458, learning_rate=0.19789978831283783, max_depth=8, min_child_samples=18, n_estimators=10000, num_leaves=109, reg_alpha=0.9218742350231168, reg_lambda=0.7654775061557585, scale_pos_weight=<scipy.stats._distn_infrastructure.rv_continuous_frozen object at 0x7efb9a026c50>, subsample=0.8083337040103294, subsample_freq=1; total time=   0.0s
[CV] END colsample_bytree=0.9100531293444458, learning_rate=0.19789978831283783, max_depth=8, min_child_samples=18, n_estimators=10000, num_leaves=109, reg_alpha=0.9218742350231168, reg_lambda=0.7654775061557585, scale_pos_weight=<scipy.stats._distn_infrastructure.rv_continuous_frozen object at 0x7efb9a026c50>, subsample=0.8083337040103294, subsample_freq=1; total time=   0.0s
[CV] END colsample_bytree=0.9100531293444458, learning_rate=0.19789978831283783, max_depth=8, min_child_samples=18, n_estimators=10000, num_leaves=109, reg_alpha=0.9218742350231168, reg_lambda=0.7654775061557585, scale_pos_weight=<scipy.stats._distn_infrastructure.rv_continuous_frozen object at 0x7efb9a026c50>, subsample=0.8083337040103294, subsample_freq=1; total time=   0.0s
[CV] END colsample_bytree=0.9100531293444458, learning_rate=0.19789978831283783, max_depth=8, min_child_samples=18, n_estimators=10000, num_leaves=109, reg_alpha=0.9218742350231168, reg_lambda=0.7654775061557585, scale_pos_weight=<scipy.stats._distn_infrastructure.rv_continuous_frozen object at 0x7efb9a026c50>, subsample=0.8083337040103294, subsample_freq=1; total time=   0.0s
[CV] END colsample_bytree=0.9100531293444458, learning_rate=0.19789978831283783, max_depth=8, min_child_samples=18, n_estimators=10000, num_leaves=109, reg_alpha=0.9218742350231168, reg_lambda=0.7654775061557585, scale_pos_weight=<scipy.stats._distn_infrastructure.rv_continuous_frozen object at 0x7efb9a026c50>, subsample=0.8083337040103294, subsample_freq=1; total time=   0.0s
[CV] END colsample_bytree=0.9844688097397396, learning_rate=0.1789067697356303, max_depth=7, min_child_samples=86, n_estimators=10000, num_leaves=125, reg_alpha=0.8287375091519293, reg_lambda=1.5702599800807677, scale_pos_weight=0.7243218608105599, subsample=0.8428136990746738, subsample_freq=1; total time=   2.1s
[CV] END colsample_bytree=0.9844688097397396, learning_rate=0.1789067697356303, max_depth=7, min_child_samples=86, n_estimators=10000, num_leaves=125, reg_alpha=0.8287375091519293, reg_lambda=1.5702599800807677, scale_pos_weight=0.7243218608105599, subsample=0.8428136990746738, subsample_freq=1; total time=   2.0s
[CV] END colsample_bytree=0.9844688097397396, learning_rate=0.1789067697356303, max_depth=7, min_child_samples=86, n_estimators=10000, num_leaves=125, reg_alpha=0.8287375091519293, reg_lambda=1.5702599800807677, scale_pos_weight=0.7243218608105599, subsample=0.8428136990746738, subsample_freq=1; total time=   2.2s
[CV] END colsample_bytree=0.9844688097397396, learning_rate=0.1789067697356303, max_depth=7, min_child_samples=86, n_estimators=10000, num_leaves=125, reg_alpha=0.8287375091519293, reg_lambda=1.5702599800807677, scale_pos_weight=0.7243218608105599, subsample=0.8428136990746738, subsample_freq=1; total time=   2.2s
[CV] END colsample_bytree=0.9844688097397396, learning_rate=0.1789067697356303, max_depth=7, min_child_samples=86, n_estimators=10000, num_leaves=125, reg_alpha=0.8287375091519293, reg_lambda=1.5702599800807677, scale_pos_weight=0.7243218608105599, subsample=0.8428136990746738, subsample_freq=1; total time=   2.2s
[CV] END colsample_bytree=0.7103996728090174, learning_rate=0.06925470114081649, max_depth=7, min_child_samples=69, n_estimators=10000, num_leaves=103, reg_alpha=0.9868869366005173, reg_lambda=2.8167343078899725, scale_pos_weight=0.7243218608105599, subsample=0.7173952698872152, subsample_freq=1; total time=   3.2s
[CV] END colsample_bytree=0.7103996728090174, learning_rate=0.06925470114081649, max_depth=7, min_child_samples=69, n_estimators=10000, num_leaves=103, reg_alpha=0.9868869366005173, reg_lambda=2.8167343078899725, scale_pos_weight=0.7243218608105599, subsample=0.7173952698872152, subsample_freq=1; total time=   3.3s
[CV] END colsample_bytree=0.7103996728090174, learning_rate=0.06925470114081649, max_depth=7, min_child_samples=69, n_estimators=10000, num_leaves=103, reg_alpha=0.9868869366005173, reg_lambda=2.8167343078899725, scale_pos_weight=0.7243218608105599, subsample=0.7173952698872152, subsample_freq=1; total time=   3.4s
[CV] END colsample_bytree=0.7103996728090174, learning_rate=0.06925470114081649, max_depth=7, min_child_samples=69, n_estimators=10000, num_leaves=103, reg_alpha=0.9868869366005173, reg_lambda=2.8167343078899725, scale_pos_weight=0.7243218608105599, subsample=0.7173952698872152, subsample_freq=1; total time=   3.4s
[CV] END colsample_bytree=0.7103996728090174, learning_rate=0.06925470114081649, max_depth=7, min_child_samples=69, n_estimators=10000, num_leaves=103, reg_alpha=0.9868869366005173, reg_lambda=2.8167343078899725, scale_pos_weight=0.7243218608105599, subsample=0.7173952698872152, subsample_freq=1; total time=   3.4s
[CV] END colsample_bytree=0.6056319290860338, learning_rate=0.049768480817761036, max_depth=5, min_child_samples=39, n_estimators=10000, num_leaves=47, reg_alpha=0.6059599747810114, reg_lambda=3.278902635540047, scale_pos_weight=0.7243218608105599, subsample=0.6463476238100518, subsample_freq=1; total time=   4.0s
[CV] END colsample_bytree=0.6056319290860338, learning_rate=0.049768480817761036, max_depth=5, min_child_samples=39, n_estimators=10000, num_leaves=47, reg_alpha=0.6059599747810114, reg_lambda=3.278902635540047, scale_pos_weight=0.7243218608105599, subsample=0.6463476238100518, subsample_freq=1; total time=   4.0s
[CV] END colsample_bytree=0.6056319290860338, learning_rate=0.049768480817761036, max_depth=5, min_child_samples=39, n_estimators=10000, num_leaves=47, reg_alpha=0.6059599747810114, reg_lambda=3.278902635540047, scale_pos_weight=0.7243218608105599, subsample=0.6463476238100518, subsample_freq=1; total time=   4.0s
[CV] END colsample_bytree=0.6056319290860338, learning_rate=0.049768480817761036, max_depth=5, min_child_samples=39, n_estimators=10000, num_leaves=47, reg_alpha=0.6059599747810114, reg_lambda=3.278902635540047, scale_pos_weight=0.7243218608105599, subsample=0.6463476238100518, subsample_freq=1; total time=   4.0s
[CV] END colsample_bytree=0.6056319290860338, learning_rate=0.049768480817761036, max_depth=5, min_child_samples=39, n_estimators=10000, num_leaves=47, reg_alpha=0.6059599747810114, reg_lambda=3.278902635540047, scale_pos_weight=0.7243218608105599, subsample=0.6463476238100518, subsample_freq=1; total time=   3.9s
[CV] END colsample_bytree=0.9452413703502374, learning_rate=0.1346596253655116, max_depth=4, min_child_samples=37, n_estimators=10000, num_leaves=62, reg_alpha=0.37081825219826636, reg_lambda=2.5065237579908217, scale_pos_weight=<scipy.stats._distn_infrastructure.rv_continuous_frozen object at 0x7efb9a026c50>, subsample=0.8918424713352255, subsample_freq=1; total time=   0.0s
[CV] END colsample_bytree=0.9452413703502374, learning_rate=0.1346596253655116, max_depth=4, min_child_samples=37, n_estimators=10000, num_leaves=62, reg_alpha=0.37081825219826636, reg_lambda=2.5065237579908217, scale_pos_weight=<scipy.stats._distn_infrastructure.rv_continuous_frozen object at 0x7efb9a026c50>, subsample=0.8918424713352255, subsample_freq=1; total time=   0.0s
[CV] END colsample_bytree=0.9452413703502374, learning_rate=0.1346596253655116, max_depth=4, min_child_samples=37, n_estimators=10000, num_leaves=62, reg_alpha=0.37081825219826636, reg_lambda=2.5065237579908217, scale_pos_weight=<scipy.stats._distn_infrastructure.rv_continuous_frozen object at 0x7efb9a026c50>, subsample=0.8918424713352255, subsample_freq=1; total time=   0.0s
[CV] END colsample_bytree=0.9452413703502374, learning_rate=0.1346596253655116, max_depth=4, min_child_samples=37, n_estimators=10000, num_leaves=62, reg_alpha=0.37081825219826636, reg_lambda=2.5065237579908217, scale_pos_weight=<scipy.stats._distn_infrastructure.rv_continuous_frozen object at 0x7efb9a026c50>, subsample=0.8918424713352255, subsample_freq=1; total time=   0.0s
[CV] END colsample_bytree=0.9452413703502374, learning_rate=0.1346596253655116, max_depth=4, min_child_samples=37, n_estimators=10000, num_leaves=62, reg_alpha=0.37081825219826636, reg_lambda=2.5065237579908217, scale_pos_weight=<scipy.stats._distn_infrastructure.rv_continuous_frozen object at 0x7efb9a026c50>, subsample=0.8918424713352255, subsample_freq=1; total time=   0.0s
[CV] END colsample_bytree=0.8550229885420852, learning_rate=0.18744254851526532, max_depth=3, min_child_samples=51, n_estimators=10000, num_leaves=220, reg_alpha=0.8489138242660839, reg_lambda=2.6651885634946195, scale_pos_weight=<scipy.stats._distn_infrastructure.rv_continuous_frozen object at 0x7efb9a026c50>, subsample=0.9083868719818244, subsample_freq=1; total time=   0.0s
[CV] END colsample_bytree=0.8550229885420852, learning_rate=0.18744254851526532, max_depth=3, min_child_samples=51, n_estimators=10000, num_leaves=220, reg_alpha=0.8489138242660839, reg_lambda=2.6651885634946195, scale_pos_weight=<scipy.stats._distn_infrastructure.rv_continuous_frozen object at 0x7efb9a026c50>, subsample=0.9083868719818244, subsample_freq=1; total time=   0.0s
[CV] END colsample_bytree=0.8550229885420852, learning_rate=0.18744254851526532, max_depth=3, min_child_samples=51, n_estimators=10000, num_leaves=220, reg_alpha=0.8489138242660839, reg_lambda=2.6651885634946195, scale_pos_weight=<scipy.stats._distn_infrastructure.rv_continuous_frozen object at 0x7efb9a026c50>, subsample=0.9083868719818244, subsample_freq=1; total time=   0.0s
[CV] END colsample_bytree=0.8550229885420852, learning_rate=0.18744254851526532, max_depth=3, min_child_samples=51, n_estimators=10000, num_leaves=220, reg_alpha=0.8489138242660839, reg_lambda=2.6651885634946195, scale_pos_weight=<scipy.stats._distn_infrastructure.rv_continuous_frozen object at 0x7efb9a026c50>, subsample=0.9083868719818244, subsample_freq=1; total time=   0.0s
[CV] END colsample_bytree=0.8550229885420852, learning_rate=0.18744254851526532, max_depth=3, min_child_samples=51, n_estimators=10000, num_leaves=220, reg_alpha=0.8489138242660839, reg_lambda=2.6651885634946195, scale_pos_weight=<scipy.stats._distn_infrastructure.rv_continuous_frozen object at 0x7efb9a026c50>, subsample=0.9083868719818244, subsample_freq=1; total time=   0.0s
[CV] END colsample_bytree=0.7975182385457563, learning_rate=0.11454656587639882, max_depth=9, min_child_samples=94, n_estimators=10000, num_leaves=56, reg_alpha=0.4393365018657701, reg_lambda=1.1051576070061886, scale_pos_weight=0.7243218608105599, subsample=0.8545641645055122, subsample_freq=1; total time=   2.5s
[CV] END colsample_bytree=0.7975182385457563, learning_rate=0.11454656587639882, max_depth=9, min_child_samples=94, n_estimators=10000, num_leaves=56, reg_alpha=0.4393365018657701, reg_lambda=1.1051576070061886, scale_pos_weight=0.7243218608105599, subsample=0.8545641645055122, subsample_freq=1; total time=   2.6s
[CV] END colsample_bytree=0.7975182385457563, learning_rate=0.11454656587639882, max_depth=9, min_child_samples=94, n_estimators=10000, num_leaves=56, reg_alpha=0.4393365018657701, reg_lambda=1.1051576070061886, scale_pos_weight=0.7243218608105599, subsample=0.8545641645055122, subsample_freq=1; total time=   2.6s
[CV] END colsample_bytree=0.7975182385457563, learning_rate=0.11454656587639882, max_depth=9, min_child_samples=94, n_estimators=10000, num_leaves=56, reg_alpha=0.4393365018657701, reg_lambda=1.1051576070061886, scale_pos_weight=0.7243218608105599, subsample=0.8545641645055122, subsample_freq=1; total time=   2.6s
[CV] END colsample_bytree=0.7975182385457563, learning_rate=0.11454656587639882, max_depth=9, min_child_samples=94, n_estimators=10000, num_leaves=56, reg_alpha=0.4393365018657701, reg_lambda=1.1051576070061886, scale_pos_weight=0.7243218608105599, subsample=0.8545641645055122, subsample_freq=1; total time=   2.3s
[CV] END colsample_bytree=0.7257423924305306, learning_rate=0.11171413823294056, max_depth=8, min_child_samples=27, n_estimators=10000, num_leaves=245, reg_alpha=0.41038292303562973, reg_lambda=2.766653415629146, scale_pos_weight=0.7243218608105599, subsample=0.9771414282231924, subsample_freq=1; total time=   2.1s
[CV] END colsample_bytree=0.7257423924305306, learning_rate=0.11171413823294056, max_depth=8, min_child_samples=27, n_estimators=10000, num_leaves=245, reg_alpha=0.41038292303562973, reg_lambda=2.766653415629146, scale_pos_weight=0.7243218608105599, subsample=0.9771414282231924, subsample_freq=1; total time=   2.2s
[CV] END colsample_bytree=0.7257423924305306, learning_rate=0.11171413823294056, max_depth=8, min_child_samples=27, n_estimators=10000, num_leaves=245, reg_alpha=0.41038292303562973, reg_lambda=2.766653415629146, scale_pos_weight=0.7243218608105599, subsample=0.9771414282231924, subsample_freq=1; total time=   2.2s
[CV] END colsample_bytree=0.7257423924305306, learning_rate=0.11171413823294056, max_depth=8, min_child_samples=27, n_estimators=10000, num_leaves=245, reg_alpha=0.41038292303562973, reg_lambda=2.766653415629146, scale_pos_weight=0.7243218608105599, subsample=0.9771414282231924, subsample_freq=1; total time=   2.2s
[CV] END colsample_bytree=0.7257423924305306, learning_rate=0.11171413823294056, max_depth=8, min_child_samples=27, n_estimators=10000, num_leaves=245, reg_alpha=0.41038292303562973, reg_lambda=2.766653415629146, scale_pos_weight=0.7243218608105599, subsample=0.9771414282231924, subsample_freq=1; total time=   2.2s
[CV] END colsample_bytree=0.8395461865954144, learning_rate=0.14895698660794093, max_depth=6, min_child_samples=70, n_estimators=10000, num_leaves=184, reg_alpha=0.808120379564417, reg_lambda=2.4002112695312703, scale_pos_weight=0.7243218608105599, subsample=0.782613828193164, subsample_freq=1; total time=   2.2s
[CV] END colsample_bytree=0.8395461865954144, learning_rate=0.14895698660794093, max_depth=6, min_child_samples=70, n_estimators=10000, num_leaves=184, reg_alpha=0.808120379564417, reg_lambda=2.4002112695312703, scale_pos_weight=0.7243218608105599, subsample=0.782613828193164, subsample_freq=1; total time=   2.3s
[CV] END colsample_bytree=0.8395461865954144, learning_rate=0.14895698660794093, max_depth=6, min_child_samples=70, n_estimators=10000, num_leaves=184, reg_alpha=0.808120379564417, reg_lambda=2.4002112695312703, scale_pos_weight=0.7243218608105599, subsample=0.782613828193164, subsample_freq=1; total time=   2.3s
[CV] END colsample_bytree=0.8395461865954144, learning_rate=0.14895698660794093, max_depth=6, min_child_samples=70, n_estimators=10000, num_leaves=184, reg_alpha=0.808120379564417, reg_lambda=2.4002112695312703, scale_pos_weight=0.7243218608105599, subsample=0.782613828193164, subsample_freq=1; total time=   2.3s
[CV] END colsample_bytree=0.8395461865954144, learning_rate=0.14895698660794093, max_depth=6, min_child_samples=70, n_estimators=10000, num_leaves=184, reg_alpha=0.808120379564417, reg_lambda=2.4002112695312703, scale_pos_weight=0.7243218608105599, subsample=0.782613828193164, subsample_freq=1; total time=   2.4s
[CV] END colsample_bytree=0.6873761748867334, learning_rate=0.09330198957407325, max_depth=8, min_child_samples=79, n_estimators=10000, num_leaves=142, reg_alpha=0.8074401551640625, reg_lambda=3.1882738997704796, scale_pos_weight=<scipy.stats._distn_infrastructure.rv_continuous_frozen object at 0x7efb9a026c50>, subsample=0.9627313766183017, subsample_freq=1; total time=   0.0s
[CV] END colsample_bytree=0.6873761748867334, learning_rate=0.09330198957407325, max_depth=8, min_child_samples=79, n_estimators=10000, num_leaves=142, reg_alpha=0.8074401551640625, reg_lambda=3.1882738997704796, scale_pos_weight=<scipy.stats._distn_infrastructure.rv_continuous_frozen object at 0x7efb9a026c50>, subsample=0.9627313766183017, subsample_freq=1; total time=   0.0s
[CV] END colsample_bytree=0.6873761748867334, learning_rate=0.09330198957407325, max_depth=8, min_child_samples=79, n_estimators=10000, num_leaves=142, reg_alpha=0.8074401551640625, reg_lambda=3.1882738997704796, scale_pos_weight=<scipy.stats._distn_infrastructure.rv_continuous_frozen object at 0x7efb9a026c50>, subsample=0.9627313766183017, subsample_freq=1; total time=   0.0s
[CV] END colsample_bytree=0.6873761748867334, learning_rate=0.09330198957407325, max_depth=8, min_child_samples=79, n_estimators=10000, num_leaves=142, reg_alpha=0.8074401551640625, reg_lambda=3.1882738997704796, scale_pos_weight=<scipy.stats._distn_infrastructure.rv_continuous_frozen object at 0x7efb9a026c50>, subsample=0.9627313766183017, subsample_freq=1; total time=   0.0s
[CV] END colsample_bytree=0.6873761748867334, learning_rate=0.09330198957407325, max_depth=8, min_child_samples=79, n_estimators=10000, num_leaves=142, reg_alpha=0.8074401551640625, reg_lambda=3.1882738997704796, scale_pos_weight=<scipy.stats._distn_infrastructure.rv_continuous_frozen object at 0x7efb9a026c50>, subsample=0.9627313766183017, subsample_freq=1; total time=   0.0s
[CV] END colsample_bytree=0.7088528997538541, learning_rate=0.13953802410827248, max_depth=3, min_child_samples=81, n_estimators=10000, num_leaves=247, reg_alpha=0.30478125815802903, reg_lambda=0.9939675594288252, scale_pos_weight=<scipy.stats._distn_infrastructure.rv_continuous_frozen object at 0x7efb9a026c50>, subsample=0.7669644012595116, subsample_freq=1; total time=   0.0s
[CV] END colsample_bytree=0.7088528997538541, learning_rate=0.13953802410827248, max_depth=3, min_child_samples=81, n_estimators=10000, num_leaves=247, reg_alpha=0.30478125815802903, reg_lambda=0.9939675594288252, scale_pos_weight=<scipy.stats._distn_infrastructure.rv_continuous_frozen object at 0x7efb9a026c50>, subsample=0.7669644012595116, subsample_freq=1; total time=   0.0s
[CV] END colsample_bytree=0.7088528997538541, learning_rate=0.13953802410827248, max_depth=3, min_child_samples=81, n_estimators=10000, num_leaves=247, reg_alpha=0.30478125815802903, reg_lambda=0.9939675594288252, scale_pos_weight=<scipy.stats._distn_infrastructure.rv_continuous_frozen object at 0x7efb9a026c50>, subsample=0.7669644012595116, subsample_freq=1; total time=   0.0s
[CV] END colsample_bytree=0.7088528997538541, learning_rate=0.13953802410827248, max_depth=3, min_child_samples=81, n_estimators=10000, num_leaves=247, reg_alpha=0.30478125815802903, reg_lambda=0.9939675594288252, scale_pos_weight=<scipy.stats._distn_infrastructure.rv_continuous_frozen object at 0x7efb9a026c50>, subsample=0.7669644012595116, subsample_freq=1; total time=   0.0s
[CV] END colsample_bytree=0.7088528997538541, learning_rate=0.13953802410827248, max_depth=3, min_child_samples=81, n_estimators=10000, num_leaves=247, reg_alpha=0.30478125815802903, reg_lambda=0.9939675594288252, scale_pos_weight=<scipy.stats._distn_infrastructure.rv_continuous_frozen object at 0x7efb9a026c50>, subsample=0.7669644012595116, subsample_freq=1; total time=   0.0s
[CV] END colsample_bytree=0.6888431241882921, learning_rate=0.033973073466736566, max_depth=6, min_child_samples=28, n_estimators=10000, num_leaves=221, reg_alpha=0.16829104217293056, reg_lambda=1.1562926587192108, scale_pos_weight=0.7243218608105599, subsample=0.881207583558071, subsample_freq=1; total time=   5.0s
[CV] END colsample_bytree=0.6888431241882921, learning_rate=0.033973073466736566, max_depth=6, min_child_samples=28, n_estimators=10000, num_leaves=221, reg_alpha=0.16829104217293056, reg_lambda=1.1562926587192108, scale_pos_weight=0.7243218608105599, subsample=0.881207583558071, subsample_freq=1; total time=   5.0s
[CV] END colsample_bytree=0.6888431241882921, learning_rate=0.033973073466736566, max_depth=6, min_child_samples=28, n_estimators=10000, num_leaves=221, reg_alpha=0.16829104217293056, reg_lambda=1.1562926587192108, scale_pos_weight=0.7243218608105599, subsample=0.881207583558071, subsample_freq=1; total time=   5.1s
[CV] END colsample_bytree=0.6888431241882921, learning_rate=0.033973073466736566, max_depth=6, min_child_samples=28, n_estimators=10000, num_leaves=221, reg_alpha=0.16829104217293056, reg_lambda=1.1562926587192108, scale_pos_weight=0.7243218608105599, subsample=0.881207583558071, subsample_freq=1; total time=   5.1s
[CV] END colsample_bytree=0.6888431241882921, learning_rate=0.033973073466736566, max_depth=6, min_child_samples=28, n_estimators=10000, num_leaves=221, reg_alpha=0.16829104217293056, reg_lambda=1.1562926587192108, scale_pos_weight=0.7243218608105599, subsample=0.881207583558071, subsample_freq=1; total time=   5.0s
[CV] END colsample_bytree=0.7454518409517176, learning_rate=0.20435641654419215, max_depth=6, min_child_samples=16, n_estimators=10000, num_leaves=53, reg_alpha=0.49724850589238545, reg_lambda=1.402634929450309, scale_pos_weight=<scipy.stats._distn_infrastructure.rv_continuous_frozen object at 0x7efb9a026c50>, subsample=0.9990961940195767, subsample_freq=1; total time=   0.0s
[CV] END colsample_bytree=0.7454518409517176, learning_rate=0.20435641654419215, max_depth=6, min_child_samples=16, n_estimators=10000, num_leaves=53, reg_alpha=0.49724850589238545, reg_lambda=1.402634929450309, scale_pos_weight=<scipy.stats._distn_infrastructure.rv_continuous_frozen object at 0x7efb9a026c50>, subsample=0.9990961940195767, subsample_freq=1; total time=   0.0s
[CV] END colsample_bytree=0.7454518409517176, learning_rate=0.20435641654419215, max_depth=6, min_child_samples=16, n_estimators=10000, num_leaves=53, reg_alpha=0.49724850589238545, reg_lambda=1.402634929450309, scale_pos_weight=<scipy.stats._distn_infrastructure.rv_continuous_frozen object at 0x7efb9a026c50>, subsample=0.9990961940195767, subsample_freq=1; total time=   0.0s
[CV] END colsample_bytree=0.7454518409517176, learning_rate=0.20435641654419215, max_depth=6, min_child_samples=16, n_estimators=10000, num_leaves=53, reg_alpha=0.49724850589238545, reg_lambda=1.402634929450309, scale_pos_weight=<scipy.stats._distn_infrastructure.rv_continuous_frozen object at 0x7efb9a026c50>, subsample=0.9990961940195767, subsample_freq=1; total time=   0.0s
[CV] END colsample_bytree=0.7454518409517176, learning_rate=0.20435641654419215, max_depth=6, min_child_samples=16, n_estimators=10000, num_leaves=53, reg_alpha=0.49724850589238545, reg_lambda=1.402634929450309, scale_pos_weight=<scipy.stats._distn_infrastructure.rv_continuous_frozen object at 0x7efb9a026c50>, subsample=0.9990961940195767, subsample_freq=1; total time=   0.0s
[CV] END colsample_bytree=0.706712405710114, learning_rate=0.2053229911665306, max_depth=6, min_child_samples=58, n_estimators=10000, num_leaves=101, reg_alpha=0.27864646423661144, reg_lambda=3.224797657899961, scale_pos_weight=<scipy.stats._distn_infrastructure.rv_continuous_frozen object at 0x7efb9a026c50>, subsample=0.8722821806219068, subsample_freq=1; total time=   0.0s
[CV] END colsample_bytree=0.706712405710114, learning_rate=0.2053229911665306, max_depth=6, min_child_samples=58, n_estimators=10000, num_leaves=101, reg_alpha=0.27864646423661144, reg_lambda=3.224797657899961, scale_pos_weight=<scipy.stats._distn_infrastructure.rv_continuous_frozen object at 0x7efb9a026c50>, subsample=0.8722821806219068, subsample_freq=1; total time=   0.0s
[CV] END colsample_bytree=0.706712405710114, learning_rate=0.2053229911665306, max_depth=6, min_child_samples=58, n_estimators=10000, num_leaves=101, reg_alpha=0.27864646423661144, reg_lambda=3.224797657899961, scale_pos_weight=<scipy.stats._distn_infrastructure.rv_continuous_frozen object at 0x7efb9a026c50>, subsample=0.8722821806219068, subsample_freq=1; total time=   0.0s
[CV] END colsample_bytree=0.706712405710114, learning_rate=0.2053229911665306, max_depth=6, min_child_samples=58, n_estimators=10000, num_leaves=101, reg_alpha=0.27864646423661144, reg_lambda=3.224797657899961, scale_pos_weight=<scipy.stats._distn_infrastructure.rv_continuous_frozen object at 0x7efb9a026c50>, subsample=0.8722821806219068, subsample_freq=1; total time=   0.0s
[CV] END colsample_bytree=0.706712405710114, learning_rate=0.2053229911665306, max_depth=6, min_child_samples=58, n_estimators=10000, num_leaves=101, reg_alpha=0.27864646423661144, reg_lambda=3.224797657899961, scale_pos_weight=<scipy.stats._distn_infrastructure.rv_continuous_frozen object at 0x7efb9a026c50>, subsample=0.8722821806219068, subsample_freq=1; total time=   0.0s
[CV] END colsample_bytree=0.8123738333268545, learning_rate=0.09955663291461833, max_depth=8, min_child_samples=36, n_estimators=10000, num_leaves=82, reg_alpha=0.08085332633271525, reg_lambda=1.6089633681842135, scale_pos_weight=<scipy.stats._distn_infrastructure.rv_continuous_frozen object at 0x7efb9a026c50>, subsample=0.8912865394447438, subsample_freq=1; total time=   0.0s
[CV] END colsample_bytree=0.8123738333268545, learning_rate=0.09955663291461833, max_depth=8, min_child_samples=36, n_estimators=10000, num_leaves=82, reg_alpha=0.08085332633271525, reg_lambda=1.6089633681842135, scale_pos_weight=<scipy.stats._distn_infrastructure.rv_continuous_frozen object at 0x7efb9a026c50>, subsample=0.8912865394447438, subsample_freq=1; total time=   0.0s
[CV] END colsample_bytree=0.8123738333268545, learning_rate=0.09955663291461833, max_depth=8, min_child_samples=36, n_estimators=10000, num_leaves=82, reg_alpha=0.08085332633271525, reg_lambda=1.6089633681842135, scale_pos_weight=<scipy.stats._distn_infrastructure.rv_continuous_frozen object at 0x7efb9a026c50>, subsample=0.8912865394447438, subsample_freq=1; total time=   0.0s
[CV] END colsample_bytree=0.8123738333268545, learning_rate=0.09955663291461833, max_depth=8, min_child_samples=36, n_estimators=10000, num_leaves=82, reg_alpha=0.08085332633271525, reg_lambda=1.6089633681842135, scale_pos_weight=<scipy.stats._distn_infrastructure.rv_continuous_frozen object at 0x7efb9a026c50>, subsample=0.8912865394447438, subsample_freq=1; total time=   0.0s
[CV] END colsample_bytree=0.8123738333268545, learning_rate=0.09955663291461833, max_depth=8, min_child_samples=36, n_estimators=10000, num_leaves=82, reg_alpha=0.08085332633271525, reg_lambda=1.6089633681842135, scale_pos_weight=<scipy.stats._distn_infrastructure.rv_continuous_frozen object at 0x7efb9a026c50>, subsample=0.8912865394447438, subsample_freq=1; total time=   0.0s
[CV] END colsample_bytree=0.7471132530877013, learning_rate=0.13646116611871592, max_depth=8, min_child_samples=90, n_estimators=10000, num_leaves=153, reg_alpha=0.8164318732193839, reg_lambda=2.8950353749536535, scale_pos_weight=<scipy.stats._distn_infrastructure.rv_continuous_frozen object at 0x7efb9a026c50>, subsample=0.7283120259886944, subsample_freq=1; total time=   0.0s
[CV] END colsample_bytree=0.7471132530877013, learning_rate=0.13646116611871592, max_depth=8, min_child_samples=90, n_estimators=10000, num_leaves=153, reg_alpha=0.8164318732193839, reg_lambda=2.8950353749536535, scale_pos_weight=<scipy.stats._distn_infrastructure.rv_continuous_frozen object at 0x7efb9a026c50>, subsample=0.7283120259886944, subsample_freq=1; total time=   0.0s
[CV] END colsample_bytree=0.7471132530877013, learning_rate=0.13646116611871592, max_depth=8, min_child_samples=90, n_estimators=10000, num_leaves=153, reg_alpha=0.8164318732193839, reg_lambda=2.8950353749536535, scale_pos_weight=<scipy.stats._distn_infrastructure.rv_continuous_frozen object at 0x7efb9a026c50>, subsample=0.7283120259886944, subsample_freq=1; total time=   0.0s
[CV] END colsample_bytree=0.7471132530877013, learning_rate=0.13646116611871592, max_depth=8, min_child_samples=90, n_estimators=10000, num_leaves=153, reg_alpha=0.8164318732193839, reg_lambda=2.8950353749536535, scale_pos_weight=<scipy.stats._distn_infrastructure.rv_continuous_frozen object at 0x7efb9a026c50>, subsample=0.7283120259886944, subsample_freq=1; total time=   0.0s
[CV] END colsample_bytree=0.7471132530877013, learning_rate=0.13646116611871592, max_depth=8, min_child_samples=90, n_estimators=10000, num_leaves=153, reg_alpha=0.8164318732193839, reg_lambda=2.8950353749536535, scale_pos_weight=<scipy.stats._distn_infrastructure.rv_continuous_frozen object at 0x7efb9a026c50>, subsample=0.7283120259886944, subsample_freq=1; total time=   0.0s
[CV] END colsample_bytree=0.6746074041599417, learning_rate=0.018155028310952784, max_depth=6, min_child_samples=63, n_estimators=10000, num_leaves=178, reg_alpha=0.016587828927856152, reg_lambda=2.036279174897843, scale_pos_weight=<scipy.stats._distn_infrastructure.rv_continuous_frozen object at 0x7efb9a026c50>, subsample=0.7394663949166917, subsample_freq=1; total time=   0.0s
[CV] END colsample_bytree=0.6746074041599417, learning_rate=0.018155028310952784, max_depth=6, min_child_samples=63, n_estimators=10000, num_leaves=178, reg_alpha=0.016587828927856152, reg_lambda=2.036279174897843, scale_pos_weight=<scipy.stats._distn_infrastructure.rv_continuous_frozen object at 0x7efb9a026c50>, subsample=0.7394663949166917, subsample_freq=1; total time=   0.0s
[CV] END colsample_bytree=0.6746074041599417, learning_rate=0.018155028310952784, max_depth=6, min_child_samples=63, n_estimators=10000, num_leaves=178, reg_alpha=0.016587828927856152, reg_lambda=2.036279174897843, scale_pos_weight=<scipy.stats._distn_infrastructure.rv_continuous_frozen object at 0x7efb9a026c50>, subsample=0.7394663949166917, subsample_freq=1; total time=   0.0s
[CV] END colsample_bytree=0.6746074041599417, learning_rate=0.018155028310952784, max_depth=6, min_child_samples=63, n_estimators=10000, num_leaves=178, reg_alpha=0.016587828927856152, reg_lambda=2.036279174897843, scale_pos_weight=<scipy.stats._distn_infrastructure.rv_continuous_frozen object at 0x7efb9a026c50>, subsample=0.7394663949166917, subsample_freq=1; total time=   0.0s
[CV] END colsample_bytree=0.6746074041599417, learning_rate=0.018155028310952784, max_depth=6, min_child_samples=63, n_estimators=10000, num_leaves=178, reg_alpha=0.016587828927856152, reg_lambda=2.036279174897843, scale_pos_weight=<scipy.stats._distn_infrastructure.rv_continuous_frozen object at 0x7efb9a026c50>, subsample=0.7394663949166917, subsample_freq=1; total time=   0.0s
[CV] END colsample_bytree=0.6384706204365683, learning_rate=0.1981046528979208, max_depth=9, min_child_samples=86, n_estimators=10000, num_leaves=118, reg_alpha=0.13752094414599325, reg_lambda=1.5231990531507755, scale_pos_weight=<scipy.stats._distn_infrastructure.rv_continuous_frozen object at 0x7efb9a026c50>, subsample=0.6836286482950855, subsample_freq=1; total time=   0.0s
[CV] END colsample_bytree=0.6384706204365683, learning_rate=0.1981046528979208, max_depth=9, min_child_samples=86, n_estimators=10000, num_leaves=118, reg_alpha=0.13752094414599325, reg_lambda=1.5231990531507755, scale_pos_weight=<scipy.stats._distn_infrastructure.rv_continuous_frozen object at 0x7efb9a026c50>, subsample=0.6836286482950855, subsample_freq=1; total time=   0.0s
[CV] END colsample_bytree=0.6384706204365683, learning_rate=0.1981046528979208, max_depth=9, min_child_samples=86, n_estimators=10000, num_leaves=118, reg_alpha=0.13752094414599325, reg_lambda=1.5231990531507755, scale_pos_weight=<scipy.stats._distn_infrastructure.rv_continuous_frozen object at 0x7efb9a026c50>, subsample=0.6836286482950855, subsample_freq=1; total time=   0.0s
[CV] END colsample_bytree=0.6384706204365683, learning_rate=0.1981046528979208, max_depth=9, min_child_samples=86, n_estimators=10000, num_leaves=118, reg_alpha=0.13752094414599325, reg_lambda=1.5231990531507755, scale_pos_weight=<scipy.stats._distn_infrastructure.rv_continuous_frozen object at 0x7efb9a026c50>, subsample=0.6836286482950855, subsample_freq=1; total time=   0.0s
[CV] END colsample_bytree=0.6384706204365683, learning_rate=0.1981046528979208, max_depth=9, min_child_samples=86, n_estimators=10000, num_leaves=118, reg_alpha=0.13752094414599325, reg_lambda=1.5231990531507755, scale_pos_weight=<scipy.stats._distn_infrastructure.rv_continuous_frozen object at 0x7efb9a026c50>, subsample=0.6836286482950855, subsample_freq=1; total time=   0.0s
[CV] END colsample_bytree=0.8165791895310264, learning_rate=0.14915687986901646, max_depth=9, min_child_samples=20, n_estimators=10000, num_leaves=104, reg_alpha=0.9821683433294356, reg_lambda=2.049907673813043, scale_pos_weight=<scipy.stats._distn_infrastructure.rv_continuous_frozen object at 0x7efb9a026c50>, subsample=0.6967409163601807, subsample_freq=1; total time=   0.0s
[CV] END colsample_bytree=0.8165791895310264, learning_rate=0.14915687986901646, max_depth=9, min_child_samples=20, n_estimators=10000, num_leaves=104, reg_alpha=0.9821683433294356, reg_lambda=2.049907673813043, scale_pos_weight=<scipy.stats._distn_infrastructure.rv_continuous_frozen object at 0x7efb9a026c50>, subsample=0.6967409163601807, subsample_freq=1; total time=   0.0s
[CV] END colsample_bytree=0.8165791895310264, learning_rate=0.14915687986901646, max_depth=9, min_child_samples=20, n_estimators=10000, num_leaves=104, reg_alpha=0.9821683433294356, reg_lambda=2.049907673813043, scale_pos_weight=<scipy.stats._distn_infrastructure.rv_continuous_frozen object at 0x7efb9a026c50>, subsample=0.6967409163601807, subsample_freq=1; total time=   0.0s
[CV] END colsample_bytree=0.8165791895310264, learning_rate=0.14915687986901646, max_depth=9, min_child_samples=20, n_estimators=10000, num_leaves=104, reg_alpha=0.9821683433294356, reg_lambda=2.049907673813043, scale_pos_weight=<scipy.stats._distn_infrastructure.rv_continuous_frozen object at 0x7efb9a026c50>, subsample=0.6967409163601807, subsample_freq=1; total time=   0.0s
[CV] END colsample_bytree=0.8165791895310264, learning_rate=0.14915687986901646, max_depth=9, min_child_samples=20, n_estimators=10000, num_leaves=104, reg_alpha=0.9821683433294356, reg_lambda=2.049907673813043, scale_pos_weight=<scipy.stats._distn_infrastructure.rv_continuous_frozen object at 0x7efb9a026c50>, subsample=0.6967409163601807, subsample_freq=1; total time=   0.0s
[CV] END colsample_bytree=0.6372411071223597, learning_rate=0.18944315159066538, max_depth=7, min_child_samples=36, n_estimators=10000, num_leaves=23, reg_alpha=0.2788713525921819, reg_lambda=2.601073489918314, scale_pos_weight=0.7243218608105599, subsample=0.9588441039810308, subsample_freq=1; total time=   1.9s
[CV] END colsample_bytree=0.6372411071223597, learning_rate=0.18944315159066538, max_depth=7, min_child_samples=36, n_estimators=10000, num_leaves=23, reg_alpha=0.2788713525921819, reg_lambda=2.601073489918314, scale_pos_weight=0.7243218608105599, subsample=0.9588441039810308, subsample_freq=1; total time=   1.9s
[CV] END colsample_bytree=0.6372411071223597, learning_rate=0.18944315159066538, max_depth=7, min_child_samples=36, n_estimators=10000, num_leaves=23, reg_alpha=0.2788713525921819, reg_lambda=2.601073489918314, scale_pos_weight=0.7243218608105599, subsample=0.9588441039810308, subsample_freq=1; total time=   1.9s
[CV] END colsample_bytree=0.6372411071223597, learning_rate=0.18944315159066538, max_depth=7, min_child_samples=36, n_estimators=10000, num_leaves=23, reg_alpha=0.2788713525921819, reg_lambda=2.601073489918314, scale_pos_weight=0.7243218608105599, subsample=0.9588441039810308, subsample_freq=1; total time=   1.9s
[CV] END colsample_bytree=0.6372411071223597, learning_rate=0.18944315159066538, max_depth=7, min_child_samples=36, n_estimators=10000, num_leaves=23, reg_alpha=0.2788713525921819, reg_lambda=2.601073489918314, scale_pos_weight=0.7243218608105599, subsample=0.9588441039810308, subsample_freq=1; total time=   1.9s
[CV] END colsample_bytree=0.954834569706047, learning_rate=0.1659751091715248, max_depth=6, min_child_samples=79, n_estimators=10000, num_leaves=127, reg_alpha=0.16162871409461377, reg_lambda=3.195662565581238, scale_pos_weight=0.7243218608105599, subsample=0.8322746485745819, subsample_freq=1; total time=   3.1s
[CV] END colsample_bytree=0.954834569706047, learning_rate=0.1659751091715248, max_depth=6, min_child_samples=79, n_estimators=10000, num_leaves=127, reg_alpha=0.16162871409461377, reg_lambda=3.195662565581238, scale_pos_weight=0.7243218608105599, subsample=0.8322746485745819, subsample_freq=1; total time=   2.9s
[CV] END colsample_bytree=0.954834569706047, learning_rate=0.1659751091715248, max_depth=6, min_child_samples=79, n_estimators=10000, num_leaves=127, reg_alpha=0.16162871409461377, reg_lambda=3.195662565581238, scale_pos_weight=0.7243218608105599, subsample=0.8322746485745819, subsample_freq=1; total time=   2.9s
[CV] END colsample_bytree=0.954834569706047, learning_rate=0.1659751091715248, max_depth=6, min_child_samples=79, n_estimators=10000, num_leaves=127, reg_alpha=0.16162871409461377, reg_lambda=3.195662565581238, scale_pos_weight=0.7243218608105599, subsample=0.8322746485745819, subsample_freq=1; total time=   2.9s
[CV] END colsample_bytree=0.954834569706047, learning_rate=0.1659751091715248, max_depth=6, min_child_samples=79, n_estimators=10000, num_leaves=127, reg_alpha=0.16162871409461377, reg_lambda=3.195662565581238, scale_pos_weight=0.7243218608105599, subsample=0.8322746485745819, subsample_freq=1; total time=   3.1s
[CV] END colsample_bytree=0.7489131066246972, learning_rate=0.1980266884915557, max_depth=3, min_child_samples=97, n_estimators=10000, num_leaves=160, reg_alpha=0.16080805141749865, reg_lambda=2.1462013680997583, scale_pos_weight=0.7243218608105599, subsample=0.7793696571944989, subsample_freq=1; total time=   2.5s
[CV] END colsample_bytree=0.7489131066246972, learning_rate=0.1980266884915557, max_depth=3, min_child_samples=97, n_estimators=10000, num_leaves=160, reg_alpha=0.16080805141749865, reg_lambda=2.1462013680997583, scale_pos_weight=0.7243218608105599, subsample=0.7793696571944989, subsample_freq=1; total time=   2.6s
[CV] END colsample_bytree=0.7489131066246972, learning_rate=0.1980266884915557, max_depth=3, min_child_samples=97, n_estimators=10000, num_leaves=160, reg_alpha=0.16080805141749865, reg_lambda=2.1462013680997583, scale_pos_weight=0.7243218608105599, subsample=0.7793696571944989, subsample_freq=1; total time=   2.7s
[CV] END colsample_bytree=0.7489131066246972, learning_rate=0.1980266884915557, max_depth=3, min_child_samples=97, n_estimators=10000, num_leaves=160, reg_alpha=0.16080805141749865, reg_lambda=2.1462013680997583, scale_pos_weight=0.7243218608105599, subsample=0.7793696571944989, subsample_freq=1; total time=   2.7s
[CV] END colsample_bytree=0.7489131066246972, learning_rate=0.1980266884915557, max_depth=3, min_child_samples=97, n_estimators=10000, num_leaves=160, reg_alpha=0.16080805141749865, reg_lambda=2.1462013680997583, scale_pos_weight=0.7243218608105599, subsample=0.7793696571944989, subsample_freq=1; total time=   2.6s
[CV] END colsample_bytree=0.9977829850443283, learning_rate=0.045185050535469076, max_depth=6, min_child_samples=37, n_estimators=10000, num_leaves=156, reg_alpha=0.3253996981592677, reg_lambda=2.7394742153540723, scale_pos_weight=0.7243218608105599, subsample=0.8976682092226249, subsample_freq=1; total time=   4.5s
[CV] END colsample_bytree=0.9977829850443283, learning_rate=0.045185050535469076, max_depth=6, min_child_samples=37, n_estimators=10000, num_leaves=156, reg_alpha=0.3253996981592677, reg_lambda=2.7394742153540723, scale_pos_weight=0.7243218608105599, subsample=0.8976682092226249, subsample_freq=1; total time=   4.6s
[CV] END colsample_bytree=0.9977829850443283, learning_rate=0.045185050535469076, max_depth=6, min_child_samples=37, n_estimators=10000, num_leaves=156, reg_alpha=0.3253996981592677, reg_lambda=2.7394742153540723, scale_pos_weight=0.7243218608105599, subsample=0.8976682092226249, subsample_freq=1; total time=   4.7s
[CV] END colsample_bytree=0.9977829850443283, learning_rate=0.045185050535469076, max_depth=6, min_child_samples=37, n_estimators=10000, num_leaves=156, reg_alpha=0.3253996981592677, reg_lambda=2.7394742153540723, scale_pos_weight=0.7243218608105599, subsample=0.8976682092226249, subsample_freq=1; total time=   4.6s
[CV] END colsample_bytree=0.9977829850443283, learning_rate=0.045185050535469076, max_depth=6, min_child_samples=37, n_estimators=10000, num_leaves=156, reg_alpha=0.3253996981592677, reg_lambda=2.7394742153540723, scale_pos_weight=0.7243218608105599, subsample=0.8976682092226249, subsample_freq=1; total time=   4.6s
[CV] END colsample_bytree=0.8883759697008518, learning_rate=0.07161215837047784, max_depth=6, min_child_samples=63, n_estimators=10000, num_leaves=129, reg_alpha=0.6363326181858954, reg_lambda=1.2513854558167523, scale_pos_weight=0.7243218608105599, subsample=0.9892042219009782, subsample_freq=1; total time=   2.1s
[CV] END colsample_bytree=0.8883759697008518, learning_rate=0.07161215837047784, max_depth=6, min_child_samples=63, n_estimators=10000, num_leaves=129, reg_alpha=0.6363326181858954, reg_lambda=1.2513854558167523, scale_pos_weight=0.7243218608105599, subsample=0.9892042219009782, subsample_freq=1; total time=   2.1s
[CV] END colsample_bytree=0.8883759697008518, learning_rate=0.07161215837047784, max_depth=6, min_child_samples=63, n_estimators=10000, num_leaves=129, reg_alpha=0.6363326181858954, reg_lambda=1.2513854558167523, scale_pos_weight=0.7243218608105599, subsample=0.9892042219009782, subsample_freq=1; total time=   2.2s
[CV] END colsample_bytree=0.8883759697008518, learning_rate=0.07161215837047784, max_depth=6, min_child_samples=63, n_estimators=10000, num_leaves=129, reg_alpha=0.6363326181858954, reg_lambda=1.2513854558167523, scale_pos_weight=0.7243218608105599, subsample=0.9892042219009782, subsample_freq=1; total time=   2.1s
[CV] END colsample_bytree=0.8883759697008518, learning_rate=0.07161215837047784, max_depth=6, min_child_samples=63, n_estimators=10000, num_leaves=129, reg_alpha=0.6363326181858954, reg_lambda=1.2513854558167523, scale_pos_weight=0.7243218608105599, subsample=0.9892042219009782, subsample_freq=1; total time=   2.1s
[CV] END colsample_bytree=0.7572390898667042, learning_rate=0.1884093110354227, max_depth=5, min_child_samples=31, n_estimators=10000, num_leaves=240, reg_alpha=0.3500784076946757, reg_lambda=2.4353100860916945, scale_pos_weight=<scipy.stats._distn_infrastructure.rv_continuous_frozen object at 0x7efb9a026c50>, subsample=0.7970070775275455, subsample_freq=1; total time=   0.0s
[CV] END colsample_bytree=0.7572390898667042, learning_rate=0.1884093110354227, max_depth=5, min_child_samples=31, n_estimators=10000, num_leaves=240, reg_alpha=0.3500784076946757, reg_lambda=2.4353100860916945, scale_pos_weight=<scipy.stats._distn_infrastructure.rv_continuous_frozen object at 0x7efb9a026c50>, subsample=0.7970070775275455, subsample_freq=1; total time=   0.0s
[CV] END colsample_bytree=0.7572390898667042, learning_rate=0.1884093110354227, max_depth=5, min_child_samples=31, n_estimators=10000, num_leaves=240, reg_alpha=0.3500784076946757, reg_lambda=2.4353100860916945, scale_pos_weight=<scipy.stats._distn_infrastructure.rv_continuous_frozen object at 0x7efb9a026c50>, subsample=0.7970070775275455, subsample_freq=1; total time=   0.0s
[CV] END colsample_bytree=0.7572390898667042, learning_rate=0.1884093110354227, max_depth=5, min_child_samples=31, n_estimators=10000, num_leaves=240, reg_alpha=0.3500784076946757, reg_lambda=2.4353100860916945, scale_pos_weight=<scipy.stats._distn_infrastructure.rv_continuous_frozen object at 0x7efb9a026c50>, subsample=0.7970070775275455, subsample_freq=1; total time=   0.0s
[CV] END colsample_bytree=0.7572390898667042, learning_rate=0.1884093110354227, max_depth=5, min_child_samples=31, n_estimators=10000, num_leaves=240, reg_alpha=0.3500784076946757, reg_lambda=2.4353100860916945, scale_pos_weight=<scipy.stats._distn_infrastructure.rv_continuous_frozen object at 0x7efb9a026c50>, subsample=0.7970070775275455, subsample_freq=1; total time=   0.0s
[CV] END colsample_bytree=0.6780971951192178, learning_rate=0.15449042305230107, max_depth=5, min_child_samples=8, n_estimators=10000, num_leaves=49, reg_alpha=0.768554014306309, reg_lambda=0.6308113152633013, scale_pos_weight=0.7243218608105599, subsample=0.9761834337411657, subsample_freq=1; total time=   1.4s
[CV] END colsample_bytree=0.6780971951192178, learning_rate=0.15449042305230107, max_depth=5, min_child_samples=8, n_estimators=10000, num_leaves=49, reg_alpha=0.768554014306309, reg_lambda=0.6308113152633013, scale_pos_weight=0.7243218608105599, subsample=0.9761834337411657, subsample_freq=1; total time=   1.4s
[CV] END colsample_bytree=0.6780971951192178, learning_rate=0.15449042305230107, max_depth=5, min_child_samples=8, n_estimators=10000, num_leaves=49, reg_alpha=0.768554014306309, reg_lambda=0.6308113152633013, scale_pos_weight=0.7243218608105599, subsample=0.9761834337411657, subsample_freq=1; total time=   1.5s
[CV] END colsample_bytree=0.6780971951192178, learning_rate=0.15449042305230107, max_depth=5, min_child_samples=8, n_estimators=10000, num_leaves=49, reg_alpha=0.768554014306309, reg_lambda=0.6308113152633013, scale_pos_weight=0.7243218608105599, subsample=0.9761834337411657, subsample_freq=1; total time=   1.5s
[CV] END colsample_bytree=0.6780971951192178, learning_rate=0.15449042305230107, max_depth=5, min_child_samples=8, n_estimators=10000, num_leaves=49, reg_alpha=0.768554014306309, reg_lambda=0.6308113152633013, scale_pos_weight=0.7243218608105599, subsample=0.9761834337411657, subsample_freq=1; total time=   1.4s
[CV] END colsample_bytree=0.9815714308010349, learning_rate=0.19297287804408972, max_depth=5, min_child_samples=41, n_estimators=10000, num_leaves=38, reg_alpha=0.3307503046705137, reg_lambda=2.15829490050647, scale_pos_weight=<scipy.stats._distn_infrastructure.rv_continuous_frozen object at 0x7efb9a026c50>, subsample=0.9854479908357011, subsample_freq=1; total time=   0.0s
[CV] END colsample_bytree=0.9815714308010349, learning_rate=0.19297287804408972, max_depth=5, min_child_samples=41, n_estimators=10000, num_leaves=38, reg_alpha=0.3307503046705137, reg_lambda=2.15829490050647, scale_pos_weight=<scipy.stats._distn_infrastructure.rv_continuous_frozen object at 0x7efb9a026c50>, subsample=0.9854479908357011, subsample_freq=1; total time=   0.0s
[CV] END colsample_bytree=0.9815714308010349, learning_rate=0.19297287804408972, max_depth=5, min_child_samples=41, n_estimators=10000, num_leaves=38, reg_alpha=0.3307503046705137, reg_lambda=2.15829490050647, scale_pos_weight=<scipy.stats._distn_infrastructure.rv_continuous_frozen object at 0x7efb9a026c50>, subsample=0.9854479908357011, subsample_freq=1; total time=   0.0s
[CV] END colsample_bytree=0.9815714308010349, learning_rate=0.19297287804408972, max_depth=5, min_child_samples=41, n_estimators=10000, num_leaves=38, reg_alpha=0.3307503046705137, reg_lambda=2.15829490050647, scale_pos_weight=<scipy.stats._distn_infrastructure.rv_continuous_frozen object at 0x7efb9a026c50>, subsample=0.9854479908357011, subsample_freq=1; total time=   0.0s
[CV] END colsample_bytree=0.9815714308010349, learning_rate=0.19297287804408972, max_depth=5, min_child_samples=41, n_estimators=10000, num_leaves=38, reg_alpha=0.3307503046705137, reg_lambda=2.15829490050647, scale_pos_weight=<scipy.stats._distn_infrastructure.rv_continuous_frozen object at 0x7efb9a026c50>, subsample=0.9854479908357011, subsample_freq=1; total time=   0.0s
[CV] END colsample_bytree=0.941203782186944, learning_rate=0.06888977841391714, max_depth=7, min_child_samples=36, n_estimators=10000, num_leaves=229, reg_alpha=0.2684748568901568, reg_lambda=1.9558396228289472, scale_pos_weight=0.7243218608105599, subsample=0.82272050498334, subsample_freq=1; total time=   3.7s
[CV] END colsample_bytree=0.941203782186944, learning_rate=0.06888977841391714, max_depth=7, min_child_samples=36, n_estimators=10000, num_leaves=229, reg_alpha=0.2684748568901568, reg_lambda=1.9558396228289472, scale_pos_weight=0.7243218608105599, subsample=0.82272050498334, subsample_freq=1; total time=   3.7s
[CV] END colsample_bytree=0.941203782186944, learning_rate=0.06888977841391714, max_depth=7, min_child_samples=36, n_estimators=10000, num_leaves=229, reg_alpha=0.2684748568901568, reg_lambda=1.9558396228289472, scale_pos_weight=0.7243218608105599, subsample=0.82272050498334, subsample_freq=1; total time=   3.7s
[CV] END colsample_bytree=0.941203782186944, learning_rate=0.06888977841391714, max_depth=7, min_child_samples=36, n_estimators=10000, num_leaves=229, reg_alpha=0.2684748568901568, reg_lambda=1.9558396228289472, scale_pos_weight=0.7243218608105599, subsample=0.82272050498334, subsample_freq=1; total time=   3.6s
[CV] END colsample_bytree=0.941203782186944, learning_rate=0.06888977841391714, max_depth=7, min_child_samples=36, n_estimators=10000, num_leaves=229, reg_alpha=0.2684748568901568, reg_lambda=1.9558396228289472, scale_pos_weight=0.7243218608105599, subsample=0.82272050498334, subsample_freq=1; total time=   3.6s
[CV] END colsample_bytree=0.9744619096643123, learning_rate=0.14920595933499461, max_depth=8, min_child_samples=28, n_estimators=10000, num_leaves=128, reg_alpha=0.6150072266991697, reg_lambda=3.47016155031279, scale_pos_weight=0.7243218608105599, subsample=0.7016654596278955, subsample_freq=1; total time=   2.4s
[CV] END colsample_bytree=0.9744619096643123, learning_rate=0.14920595933499461, max_depth=8, min_child_samples=28, n_estimators=10000, num_leaves=128, reg_alpha=0.6150072266991697, reg_lambda=3.47016155031279, scale_pos_weight=0.7243218608105599, subsample=0.7016654596278955, subsample_freq=1; total time=   2.6s
[CV] END colsample_bytree=0.9744619096643123, learning_rate=0.14920595933499461, max_depth=8, min_child_samples=28, n_estimators=10000, num_leaves=128, reg_alpha=0.6150072266991697, reg_lambda=3.47016155031279, scale_pos_weight=0.7243218608105599, subsample=0.7016654596278955, subsample_freq=1; total time=   2.7s
[CV] END colsample_bytree=0.9744619096643123, learning_rate=0.14920595933499461, max_depth=8, min_child_samples=28, n_estimators=10000, num_leaves=128, reg_alpha=0.6150072266991697, reg_lambda=3.47016155031279, scale_pos_weight=0.7243218608105599, subsample=0.7016654596278955, subsample_freq=1; total time=   2.7s
[CV] END colsample_bytree=0.9744619096643123, learning_rate=0.14920595933499461, max_depth=8, min_child_samples=28, n_estimators=10000, num_leaves=128, reg_alpha=0.6150072266991697, reg_lambda=3.47016155031279, scale_pos_weight=0.7243218608105599, subsample=0.7016654596278955, subsample_freq=1; total time=   2.6s
[CV] END colsample_bytree=0.7181162353675755, learning_rate=0.0745101528477201, max_depth=3, min_child_samples=13, n_estimators=10000, num_leaves=57, reg_alpha=0.7089109969101186, reg_lambda=2.158459930723723, scale_pos_weight=0.7243218608105599, subsample=0.9237444621914055, subsample_freq=1; total time=   2.6s
[CV] END colsample_bytree=0.7181162353675755, learning_rate=0.0745101528477201, max_depth=3, min_child_samples=13, n_estimators=10000, num_leaves=57, reg_alpha=0.7089109969101186, reg_lambda=2.158459930723723, scale_pos_weight=0.7243218608105599, subsample=0.9237444621914055, subsample_freq=1; total time=   2.6s
[CV] END colsample_bytree=0.7181162353675755, learning_rate=0.0745101528477201, max_depth=3, min_child_samples=13, n_estimators=10000, num_leaves=57, reg_alpha=0.7089109969101186, reg_lambda=2.158459930723723, scale_pos_weight=0.7243218608105599, subsample=0.9237444621914055, subsample_freq=1; total time=   2.6s
[CV] END colsample_bytree=0.7181162353675755, learning_rate=0.0745101528477201, max_depth=3, min_child_samples=13, n_estimators=10000, num_leaves=57, reg_alpha=0.7089109969101186, reg_lambda=2.158459930723723, scale_pos_weight=0.7243218608105599, subsample=0.9237444621914055, subsample_freq=1; total time=   2.7s
[CV] END colsample_bytree=0.7181162353675755, learning_rate=0.0745101528477201, max_depth=3, min_child_samples=13, n_estimators=10000, num_leaves=57, reg_alpha=0.7089109969101186, reg_lambda=2.158459930723723, scale_pos_weight=0.7243218608105599, subsample=0.9237444621914055, subsample_freq=1; total time=   2.6s
[CV] END colsample_bytree=0.9240453578716723, learning_rate=0.18341446371602077, max_depth=7, min_child_samples=64, n_estimators=10000, num_leaves=149, reg_alpha=0.5015162946871996, reg_lambda=2.8948855369003255, scale_pos_weight=<scipy.stats._distn_infrastructure.rv_continuous_frozen object at 0x7efb9a026c50>, subsample=0.628376366799971, subsample_freq=1; total time=   0.0s
[CV] END colsample_bytree=0.9240453578716723, learning_rate=0.18341446371602077, max_depth=7, min_child_samples=64, n_estimators=10000, num_leaves=149, reg_alpha=0.5015162946871996, reg_lambda=2.8948855369003255, scale_pos_weight=<scipy.stats._distn_infrastructure.rv_continuous_frozen object at 0x7efb9a026c50>, subsample=0.628376366799971, subsample_freq=1; total time=   0.0s
[CV] END colsample_bytree=0.9240453578716723, learning_rate=0.18341446371602077, max_depth=7, min_child_samples=64, n_estimators=10000, num_leaves=149, reg_alpha=0.5015162946871996, reg_lambda=2.8948855369003255, scale_pos_weight=<scipy.stats._distn_infrastructure.rv_continuous_frozen object at 0x7efb9a026c50>, subsample=0.628376366799971, subsample_freq=1; total time=   0.0s
[CV] END colsample_bytree=0.9240453578716723, learning_rate=0.18341446371602077, max_depth=7, min_child_samples=64, n_estimators=10000, num_leaves=149, reg_alpha=0.5015162946871996, reg_lambda=2.8948855369003255, scale_pos_weight=<scipy.stats._distn_infrastructure.rv_continuous_frozen object at 0x7efb9a026c50>, subsample=0.628376366799971, subsample_freq=1; total time=   0.0s
[CV] END colsample_bytree=0.9240453578716723, learning_rate=0.18341446371602077, max_depth=7, min_child_samples=64, n_estimators=10000, num_leaves=149, reg_alpha=0.5015162946871996, reg_lambda=2.8948855369003255, scale_pos_weight=<scipy.stats._distn_infrastructure.rv_continuous_frozen object at 0x7efb9a026c50>, subsample=0.628376366799971, subsample_freq=1; total time=   0.0s
[CV] END colsample_bytree=0.7587135308855554, learning_rate=0.020153706207879388, max_depth=5, min_child_samples=91, n_estimators=10000, num_leaves=157, reg_alpha=0.375582952639944, reg_lambda=0.781945819522607, scale_pos_weight=<scipy.stats._distn_infrastructure.rv_continuous_frozen object at 0x7efb9a026c50>, subsample=0.8688104541180797, subsample_freq=1; total time=   0.0s
[CV] END colsample_bytree=0.7587135308855554, learning_rate=0.020153706207879388, max_depth=5, min_child_samples=91, n_estimators=10000, num_leaves=157, reg_alpha=0.375582952639944, reg_lambda=0.781945819522607, scale_pos_weight=<scipy.stats._distn_infrastructure.rv_continuous_frozen object at 0x7efb9a026c50>, subsample=0.8688104541180797, subsample_freq=1; total time=   0.0s
[CV] END colsample_bytree=0.7587135308855554, learning_rate=0.020153706207879388, max_depth=5, min_child_samples=91, n_estimators=10000, num_leaves=157, reg_alpha=0.375582952639944, reg_lambda=0.781945819522607, scale_pos_weight=<scipy.stats._distn_infrastructure.rv_continuous_frozen object at 0x7efb9a026c50>, subsample=0.8688104541180797, subsample_freq=1; total time=   0.0s
[CV] END colsample_bytree=0.7587135308855554, learning_rate=0.020153706207879388, max_depth=5, min_child_samples=91, n_estimators=10000, num_leaves=157, reg_alpha=0.375582952639944, reg_lambda=0.781945819522607, scale_pos_weight=<scipy.stats._distn_infrastructure.rv_continuous_frozen object at 0x7efb9a026c50>, subsample=0.8688104541180797, subsample_freq=1; total time=   0.0s
[CV] END colsample_bytree=0.7587135308855554, learning_rate=0.020153706207879388, max_depth=5, min_child_samples=91, n_estimators=10000, num_leaves=157, reg_alpha=0.375582952639944, reg_lambda=0.781945819522607, scale_pos_weight=<scipy.stats._distn_infrastructure.rv_continuous_frozen object at 0x7efb9a026c50>, subsample=0.8688104541180797, subsample_freq=1; total time=   0.0s
[CV] END colsample_bytree=0.7312610669898928, learning_rate=0.04100832334554884, max_depth=8, min_child_samples=26, n_estimators=10000, num_leaves=72, reg_alpha=0.8604046183116753, reg_lambda=1.2507540815475922, scale_pos_weight=0.7243218608105599, subsample=0.9290402242638633, subsample_freq=1; total time=   3.1s
[CV] END colsample_bytree=0.7312610669898928, learning_rate=0.04100832334554884, max_depth=8, min_child_samples=26, n_estimators=10000, num_leaves=72, reg_alpha=0.8604046183116753, reg_lambda=1.2507540815475922, scale_pos_weight=0.7243218608105599, subsample=0.9290402242638633, subsample_freq=1; total time=   3.1s
[CV] END colsample_bytree=0.7312610669898928, learning_rate=0.04100832334554884, max_depth=8, min_child_samples=26, n_estimators=10000, num_leaves=72, reg_alpha=0.8604046183116753, reg_lambda=1.2507540815475922, scale_pos_weight=0.7243218608105599, subsample=0.9290402242638633, subsample_freq=1; total time=   3.2s
[CV] END colsample_bytree=0.7312610669898928, learning_rate=0.04100832334554884, max_depth=8, min_child_samples=26, n_estimators=10000, num_leaves=72, reg_alpha=0.8604046183116753, reg_lambda=1.2507540815475922, scale_pos_weight=0.7243218608105599, subsample=0.9290402242638633, subsample_freq=1; total time=   3.2s
[CV] END colsample_bytree=0.7312610669898928, learning_rate=0.04100832334554884, max_depth=8, min_child_samples=26, n_estimators=10000, num_leaves=72, reg_alpha=0.8604046183116753, reg_lambda=1.2507540815475922, scale_pos_weight=0.7243218608105599, subsample=0.9290402242638633, subsample_freq=1; total time=   3.1s
----------
iter: 1
n_candidates: 14
n_resources: 22698
Fitting 5 folds for each of 14 candidates, totalling 70 fits
[CV] END colsample_bytree=0.7975182385457563, learning_rate=0.11454656587639882, max_depth=9, min_child_samples=94, n_estimators=10000, num_leaves=56, reg_alpha=0.4393365018657701, reg_lambda=1.1051576070061886, scale_pos_weight=0.7243218608105599, subsample=0.8545641645055122, subsample_freq=1; total time=   6.7s
[CV] END colsample_bytree=0.7975182385457563, learning_rate=0.11454656587639882, max_depth=9, min_child_samples=94, n_estimators=10000, num_leaves=56, reg_alpha=0.4393365018657701, reg_lambda=1.1051576070061886, scale_pos_weight=0.7243218608105599, subsample=0.8545641645055122, subsample_freq=1; total time=   6.8s
[CV] END colsample_bytree=0.7975182385457563, learning_rate=0.11454656587639882, max_depth=9, min_child_samples=94, n_estimators=10000, num_leaves=56, reg_alpha=0.4393365018657701, reg_lambda=1.1051576070061886, scale_pos_weight=0.7243218608105599, subsample=0.8545641645055122, subsample_freq=1; total time=   6.3s
[CV] END colsample_bytree=0.7975182385457563, learning_rate=0.11454656587639882, max_depth=9, min_child_samples=94, n_estimators=10000, num_leaves=56, reg_alpha=0.4393365018657701, reg_lambda=1.1051576070061886, scale_pos_weight=0.7243218608105599, subsample=0.8545641645055122, subsample_freq=1; total time=   6.7s
[CV] END colsample_bytree=0.7975182385457563, learning_rate=0.11454656587639882, max_depth=9, min_child_samples=94, n_estimators=10000, num_leaves=56, reg_alpha=0.4393365018657701, reg_lambda=1.1051576070061886, scale_pos_weight=0.7243218608105599, subsample=0.8545641645055122, subsample_freq=1; total time=   7.0s
[CV] END colsample_bytree=0.954834569706047, learning_rate=0.1659751091715248, max_depth=6, min_child_samples=79, n_estimators=10000, num_leaves=127, reg_alpha=0.16162871409461377, reg_lambda=3.195662565581238, scale_pos_weight=0.7243218608105599, subsample=0.8322746485745819, subsample_freq=1; total time=   8.0s
[CV] END colsample_bytree=0.954834569706047, learning_rate=0.1659751091715248, max_depth=6, min_child_samples=79, n_estimators=10000, num_leaves=127, reg_alpha=0.16162871409461377, reg_lambda=3.195662565581238, scale_pos_weight=0.7243218608105599, subsample=0.8322746485745819, subsample_freq=1; total time=   8.0s
[CV] END colsample_bytree=0.954834569706047, learning_rate=0.1659751091715248, max_depth=6, min_child_samples=79, n_estimators=10000, num_leaves=127, reg_alpha=0.16162871409461377, reg_lambda=3.195662565581238, scale_pos_weight=0.7243218608105599, subsample=0.8322746485745819, subsample_freq=1; total time=   7.8s
[CV] END colsample_bytree=0.954834569706047, learning_rate=0.1659751091715248, max_depth=6, min_child_samples=79, n_estimators=10000, num_leaves=127, reg_alpha=0.16162871409461377, reg_lambda=3.195662565581238, scale_pos_weight=0.7243218608105599, subsample=0.8322746485745819, subsample_freq=1; total time=   7.7s
[CV] END colsample_bytree=0.954834569706047, learning_rate=0.1659751091715248, max_depth=6, min_child_samples=79, n_estimators=10000, num_leaves=127, reg_alpha=0.16162871409461377, reg_lambda=3.195662565581238, scale_pos_weight=0.7243218608105599, subsample=0.8322746485745819, subsample_freq=1; total time=   7.3s
[CV] END colsample_bytree=0.7168578594140873, learning_rate=0.08327236865873834, max_depth=8, min_child_samples=66, n_estimators=10000, num_leaves=189, reg_alpha=0.6183860093330873, reg_lambda=1.6473859738014882, scale_pos_weight=0.7243218608105599, subsample=0.836965827544817, subsample_freq=1; total time=   7.5s
[CV] END colsample_bytree=0.7168578594140873, learning_rate=0.08327236865873834, max_depth=8, min_child_samples=66, n_estimators=10000, num_leaves=189, reg_alpha=0.6183860093330873, reg_lambda=1.6473859738014882, scale_pos_weight=0.7243218608105599, subsample=0.836965827544817, subsample_freq=1; total time=   7.7s
[CV] END colsample_bytree=0.7168578594140873, learning_rate=0.08327236865873834, max_depth=8, min_child_samples=66, n_estimators=10000, num_leaves=189, reg_alpha=0.6183860093330873, reg_lambda=1.6473859738014882, scale_pos_weight=0.7243218608105599, subsample=0.836965827544817, subsample_freq=1; total time=   7.4s
[CV] END colsample_bytree=0.7168578594140873, learning_rate=0.08327236865873834, max_depth=8, min_child_samples=66, n_estimators=10000, num_leaves=189, reg_alpha=0.6183860093330873, reg_lambda=1.6473859738014882, scale_pos_weight=0.7243218608105599, subsample=0.836965827544817, subsample_freq=1; total time=   7.7s
[CV] END colsample_bytree=0.7168578594140873, learning_rate=0.08327236865873834, max_depth=8, min_child_samples=66, n_estimators=10000, num_leaves=189, reg_alpha=0.6183860093330873, reg_lambda=1.6473859738014882, scale_pos_weight=0.7243218608105599, subsample=0.836965827544817, subsample_freq=1; total time=   7.1s
[CV] END colsample_bytree=0.6780971951192178, learning_rate=0.15449042305230107, max_depth=5, min_child_samples=8, n_estimators=10000, num_leaves=49, reg_alpha=0.768554014306309, reg_lambda=0.6308113152633013, scale_pos_weight=0.7243218608105599, subsample=0.9761834337411657, subsample_freq=1; total time=   4.3s
[CV] END colsample_bytree=0.6780971951192178, learning_rate=0.15449042305230107, max_depth=5, min_child_samples=8, n_estimators=10000, num_leaves=49, reg_alpha=0.768554014306309, reg_lambda=0.6308113152633013, scale_pos_weight=0.7243218608105599, subsample=0.9761834337411657, subsample_freq=1; total time=   4.8s
[CV] END colsample_bytree=0.6780971951192178, learning_rate=0.15449042305230107, max_depth=5, min_child_samples=8, n_estimators=10000, num_leaves=49, reg_alpha=0.768554014306309, reg_lambda=0.6308113152633013, scale_pos_weight=0.7243218608105599, subsample=0.9761834337411657, subsample_freq=1; total time=   4.9s
[CV] END colsample_bytree=0.6780971951192178, learning_rate=0.15449042305230107, max_depth=5, min_child_samples=8, n_estimators=10000, num_leaves=49, reg_alpha=0.768554014306309, reg_lambda=0.6308113152633013, scale_pos_weight=0.7243218608105599, subsample=0.9761834337411657, subsample_freq=1; total time=   4.4s
[CV] END colsample_bytree=0.6780971951192178, learning_rate=0.15449042305230107, max_depth=5, min_child_samples=8, n_estimators=10000, num_leaves=49, reg_alpha=0.768554014306309, reg_lambda=0.6308113152633013, scale_pos_weight=0.7243218608105599, subsample=0.9761834337411657, subsample_freq=1; total time=   4.9s
[CV] END colsample_bytree=0.9844688097397396, learning_rate=0.1789067697356303, max_depth=7, min_child_samples=86, n_estimators=10000, num_leaves=125, reg_alpha=0.8287375091519293, reg_lambda=1.5702599800807677, scale_pos_weight=0.7243218608105599, subsample=0.8428136990746738, subsample_freq=1; total time=   5.8s
[CV] END colsample_bytree=0.9844688097397396, learning_rate=0.1789067697356303, max_depth=7, min_child_samples=86, n_estimators=10000, num_leaves=125, reg_alpha=0.8287375091519293, reg_lambda=1.5702599800807677, scale_pos_weight=0.7243218608105599, subsample=0.8428136990746738, subsample_freq=1; total time=   6.0s
[CV] END colsample_bytree=0.9844688097397396, learning_rate=0.1789067697356303, max_depth=7, min_child_samples=86, n_estimators=10000, num_leaves=125, reg_alpha=0.8287375091519293, reg_lambda=1.5702599800807677, scale_pos_weight=0.7243218608105599, subsample=0.8428136990746738, subsample_freq=1; total time=   6.0s
[CV] END colsample_bytree=0.9844688097397396, learning_rate=0.1789067697356303, max_depth=7, min_child_samples=86, n_estimators=10000, num_leaves=125, reg_alpha=0.8287375091519293, reg_lambda=1.5702599800807677, scale_pos_weight=0.7243218608105599, subsample=0.8428136990746738, subsample_freq=1; total time=   6.0s
[CV] END colsample_bytree=0.9844688097397396, learning_rate=0.1789067697356303, max_depth=7, min_child_samples=86, n_estimators=10000, num_leaves=125, reg_alpha=0.8287375091519293, reg_lambda=1.5702599800807677, scale_pos_weight=0.7243218608105599, subsample=0.8428136990746738, subsample_freq=1; total time=   6.5s
[CV] END colsample_bytree=0.8883759697008518, learning_rate=0.07161215837047784, max_depth=6, min_child_samples=63, n_estimators=10000, num_leaves=129, reg_alpha=0.6363326181858954, reg_lambda=1.2513854558167523, scale_pos_weight=0.7243218608105599, subsample=0.9892042219009782, subsample_freq=1; total time=   6.2s
[CV] END colsample_bytree=0.8883759697008518, learning_rate=0.07161215837047784, max_depth=6, min_child_samples=63, n_estimators=10000, num_leaves=129, reg_alpha=0.6363326181858954, reg_lambda=1.2513854558167523, scale_pos_weight=0.7243218608105599, subsample=0.9892042219009782, subsample_freq=1; total time=   6.2s
[CV] END colsample_bytree=0.8883759697008518, learning_rate=0.07161215837047784, max_depth=6, min_child_samples=63, n_estimators=10000, num_leaves=129, reg_alpha=0.6363326181858954, reg_lambda=1.2513854558167523, scale_pos_weight=0.7243218608105599, subsample=0.9892042219009782, subsample_freq=1; total time=   5.9s
[CV] END colsample_bytree=0.8883759697008518, learning_rate=0.07161215837047784, max_depth=6, min_child_samples=63, n_estimators=10000, num_leaves=129, reg_alpha=0.6363326181858954, reg_lambda=1.2513854558167523, scale_pos_weight=0.7243218608105599, subsample=0.9892042219009782, subsample_freq=1; total time=   5.8s
[CV] END colsample_bytree=0.8883759697008518, learning_rate=0.07161215837047784, max_depth=6, min_child_samples=63, n_estimators=10000, num_leaves=129, reg_alpha=0.6363326181858954, reg_lambda=1.2513854558167523, scale_pos_weight=0.7243218608105599, subsample=0.9892042219009782, subsample_freq=1; total time=   6.4s
[CV] END colsample_bytree=0.9977829850443283, learning_rate=0.045185050535469076, max_depth=6, min_child_samples=37, n_estimators=10000, num_leaves=156, reg_alpha=0.3253996981592677, reg_lambda=2.7394742153540723, scale_pos_weight=0.7243218608105599, subsample=0.8976682092226249, subsample_freq=1; total time=  11.4s
[CV] END colsample_bytree=0.9977829850443283, learning_rate=0.045185050535469076, max_depth=6, min_child_samples=37, n_estimators=10000, num_leaves=156, reg_alpha=0.3253996981592677, reg_lambda=2.7394742153540723, scale_pos_weight=0.7243218608105599, subsample=0.8976682092226249, subsample_freq=1; total time=  10.9s
[CV] END colsample_bytree=0.9977829850443283, learning_rate=0.045185050535469076, max_depth=6, min_child_samples=37, n_estimators=10000, num_leaves=156, reg_alpha=0.3253996981592677, reg_lambda=2.7394742153540723, scale_pos_weight=0.7243218608105599, subsample=0.8976682092226249, subsample_freq=1; total time=  10.8s
[CV] END colsample_bytree=0.9977829850443283, learning_rate=0.045185050535469076, max_depth=6, min_child_samples=37, n_estimators=10000, num_leaves=156, reg_alpha=0.3253996981592677, reg_lambda=2.7394742153540723, scale_pos_weight=0.7243218608105599, subsample=0.8976682092226249, subsample_freq=1; total time=  10.7s
[CV] END colsample_bytree=0.9977829850443283, learning_rate=0.045185050535469076, max_depth=6, min_child_samples=37, n_estimators=10000, num_leaves=156, reg_alpha=0.3253996981592677, reg_lambda=2.7394742153540723, scale_pos_weight=0.7243218608105599, subsample=0.8976682092226249, subsample_freq=1; total time=  10.6s
[CV] END colsample_bytree=0.941203782186944, learning_rate=0.06888977841391714, max_depth=7, min_child_samples=36, n_estimators=10000, num_leaves=229, reg_alpha=0.2684748568901568, reg_lambda=1.9558396228289472, scale_pos_weight=0.7243218608105599, subsample=0.82272050498334, subsample_freq=1; total time=  10.8s
[CV] END colsample_bytree=0.941203782186944, learning_rate=0.06888977841391714, max_depth=7, min_child_samples=36, n_estimators=10000, num_leaves=229, reg_alpha=0.2684748568901568, reg_lambda=1.9558396228289472, scale_pos_weight=0.7243218608105599, subsample=0.82272050498334, subsample_freq=1; total time=  10.2s
[CV] END colsample_bytree=0.941203782186944, learning_rate=0.06888977841391714, max_depth=7, min_child_samples=36, n_estimators=10000, num_leaves=229, reg_alpha=0.2684748568901568, reg_lambda=1.9558396228289472, scale_pos_weight=0.7243218608105599, subsample=0.82272050498334, subsample_freq=1; total time=   9.7s
[CV] END colsample_bytree=0.941203782186944, learning_rate=0.06888977841391714, max_depth=7, min_child_samples=36, n_estimators=10000, num_leaves=229, reg_alpha=0.2684748568901568, reg_lambda=1.9558396228289472, scale_pos_weight=0.7243218608105599, subsample=0.82272050498334, subsample_freq=1; total time=   9.8s
[CV] END colsample_bytree=0.941203782186944, learning_rate=0.06888977841391714, max_depth=7, min_child_samples=36, n_estimators=10000, num_leaves=229, reg_alpha=0.2684748568901568, reg_lambda=1.9558396228289472, scale_pos_weight=0.7243218608105599, subsample=0.82272050498334, subsample_freq=1; total time=   9.8s
[CV] END colsample_bytree=0.6185801650879991, learning_rate=0.1315089703802877, max_depth=7, min_child_samples=77, n_estimators=10000, num_leaves=181, reg_alpha=0.013264961159866528, reg_lambda=3.3266052670545583, scale_pos_weight=0.7243218608105599, subsample=0.9233589392465844, subsample_freq=1; total time=  11.6s
[CV] END colsample_bytree=0.6185801650879991, learning_rate=0.1315089703802877, max_depth=7, min_child_samples=77, n_estimators=10000, num_leaves=181, reg_alpha=0.013264961159866528, reg_lambda=3.3266052670545583, scale_pos_weight=0.7243218608105599, subsample=0.9233589392465844, subsample_freq=1; total time=  12.1s
[CV] END colsample_bytree=0.6185801650879991, learning_rate=0.1315089703802877, max_depth=7, min_child_samples=77, n_estimators=10000, num_leaves=181, reg_alpha=0.013264961159866528, reg_lambda=3.3266052670545583, scale_pos_weight=0.7243218608105599, subsample=0.9233589392465844, subsample_freq=1; total time=  11.7s
[CV] END colsample_bytree=0.6185801650879991, learning_rate=0.1315089703802877, max_depth=7, min_child_samples=77, n_estimators=10000, num_leaves=181, reg_alpha=0.013264961159866528, reg_lambda=3.3266052670545583, scale_pos_weight=0.7243218608105599, subsample=0.9233589392465844, subsample_freq=1; total time=  11.7s
[CV] END colsample_bytree=0.6185801650879991, learning_rate=0.1315089703802877, max_depth=7, min_child_samples=77, n_estimators=10000, num_leaves=181, reg_alpha=0.013264961159866528, reg_lambda=3.3266052670545583, scale_pos_weight=0.7243218608105599, subsample=0.9233589392465844, subsample_freq=1; total time=  11.6s
[CV] END colsample_bytree=0.6372411071223597, learning_rate=0.18944315159066538, max_depth=7, min_child_samples=36, n_estimators=10000, num_leaves=23, reg_alpha=0.2788713525921819, reg_lambda=2.601073489918314, scale_pos_weight=0.7243218608105599, subsample=0.9588441039810308, subsample_freq=1; total time=   5.8s
[CV] END colsample_bytree=0.6372411071223597, learning_rate=0.18944315159066538, max_depth=7, min_child_samples=36, n_estimators=10000, num_leaves=23, reg_alpha=0.2788713525921819, reg_lambda=2.601073489918314, scale_pos_weight=0.7243218608105599, subsample=0.9588441039810308, subsample_freq=1; total time=   5.8s
[CV] END colsample_bytree=0.6372411071223597, learning_rate=0.18944315159066538, max_depth=7, min_child_samples=36, n_estimators=10000, num_leaves=23, reg_alpha=0.2788713525921819, reg_lambda=2.601073489918314, scale_pos_weight=0.7243218608105599, subsample=0.9588441039810308, subsample_freq=1; total time=   5.6s
[CV] END colsample_bytree=0.6372411071223597, learning_rate=0.18944315159066538, max_depth=7, min_child_samples=36, n_estimators=10000, num_leaves=23, reg_alpha=0.2788713525921819, reg_lambda=2.601073489918314, scale_pos_weight=0.7243218608105599, subsample=0.9588441039810308, subsample_freq=1; total time=   6.3s
[CV] END colsample_bytree=0.6372411071223597, learning_rate=0.18944315159066538, max_depth=7, min_child_samples=36, n_estimators=10000, num_leaves=23, reg_alpha=0.2788713525921819, reg_lambda=2.601073489918314, scale_pos_weight=0.7243218608105599, subsample=0.9588441039810308, subsample_freq=1; total time=   6.2s
[CV] END colsample_bytree=0.9744619096643123, learning_rate=0.14920595933499461, max_depth=8, min_child_samples=28, n_estimators=10000, num_leaves=128, reg_alpha=0.6150072266991697, reg_lambda=3.47016155031279, scale_pos_weight=0.7243218608105599, subsample=0.7016654596278955, subsample_freq=1; total time=   8.4s
[CV] END colsample_bytree=0.9744619096643123, learning_rate=0.14920595933499461, max_depth=8, min_child_samples=28, n_estimators=10000, num_leaves=128, reg_alpha=0.6150072266991697, reg_lambda=3.47016155031279, scale_pos_weight=0.7243218608105599, subsample=0.7016654596278955, subsample_freq=1; total time=   7.6s
[CV] END colsample_bytree=0.9744619096643123, learning_rate=0.14920595933499461, max_depth=8, min_child_samples=28, n_estimators=10000, num_leaves=128, reg_alpha=0.6150072266991697, reg_lambda=3.47016155031279, scale_pos_weight=0.7243218608105599, subsample=0.7016654596278955, subsample_freq=1; total time=   7.2s
[CV] END colsample_bytree=0.9744619096643123, learning_rate=0.14920595933499461, max_depth=8, min_child_samples=28, n_estimators=10000, num_leaves=128, reg_alpha=0.6150072266991697, reg_lambda=3.47016155031279, scale_pos_weight=0.7243218608105599, subsample=0.7016654596278955, subsample_freq=1; total time=   7.1s
[CV] END colsample_bytree=0.9744619096643123, learning_rate=0.14920595933499461, max_depth=8, min_child_samples=28, n_estimators=10000, num_leaves=128, reg_alpha=0.6150072266991697, reg_lambda=3.47016155031279, scale_pos_weight=0.7243218608105599, subsample=0.7016654596278955, subsample_freq=1; total time=   7.1s
[CV] END colsample_bytree=0.7312610669898928, learning_rate=0.04100832334554884, max_depth=8, min_child_samples=26, n_estimators=10000, num_leaves=72, reg_alpha=0.8604046183116753, reg_lambda=1.2507540815475922, scale_pos_weight=0.7243218608105599, subsample=0.9290402242638633, subsample_freq=1; total time=   9.2s
[CV] END colsample_bytree=0.7312610669898928, learning_rate=0.04100832334554884, max_depth=8, min_child_samples=26, n_estimators=10000, num_leaves=72, reg_alpha=0.8604046183116753, reg_lambda=1.2507540815475922, scale_pos_weight=0.7243218608105599, subsample=0.9290402242638633, subsample_freq=1; total time=   9.0s
[CV] END colsample_bytree=0.7312610669898928, learning_rate=0.04100832334554884, max_depth=8, min_child_samples=26, n_estimators=10000, num_leaves=72, reg_alpha=0.8604046183116753, reg_lambda=1.2507540815475922, scale_pos_weight=0.7243218608105599, subsample=0.9290402242638633, subsample_freq=1; total time=   8.9s
[CV] END colsample_bytree=0.7312610669898928, learning_rate=0.04100832334554884, max_depth=8, min_child_samples=26, n_estimators=10000, num_leaves=72, reg_alpha=0.8604046183116753, reg_lambda=1.2507540815475922, scale_pos_weight=0.7243218608105599, subsample=0.9290402242638633, subsample_freq=1; total time=   8.9s
[CV] END colsample_bytree=0.7312610669898928, learning_rate=0.04100832334554884, max_depth=8, min_child_samples=26, n_estimators=10000, num_leaves=72, reg_alpha=0.8604046183116753, reg_lambda=1.2507540815475922, scale_pos_weight=0.7243218608105599, subsample=0.9290402242638633, subsample_freq=1; total time=   9.0s
[CV] END colsample_bytree=0.7257423924305306, learning_rate=0.11171413823294056, max_depth=8, min_child_samples=27, n_estimators=10000, num_leaves=245, reg_alpha=0.41038292303562973, reg_lambda=2.766653415629146, scale_pos_weight=0.7243218608105599, subsample=0.9771414282231924, subsample_freq=1; total time=   6.1s
[CV] END colsample_bytree=0.7257423924305306, learning_rate=0.11171413823294056, max_depth=8, min_child_samples=27, n_estimators=10000, num_leaves=245, reg_alpha=0.41038292303562973, reg_lambda=2.766653415629146, scale_pos_weight=0.7243218608105599, subsample=0.9771414282231924, subsample_freq=1; total time=   6.3s
[CV] END colsample_bytree=0.7257423924305306, learning_rate=0.11171413823294056, max_depth=8, min_child_samples=27, n_estimators=10000, num_leaves=245, reg_alpha=0.41038292303562973, reg_lambda=2.766653415629146, scale_pos_weight=0.7243218608105599, subsample=0.9771414282231924, subsample_freq=1; total time=   6.5s
[CV] END colsample_bytree=0.7257423924305306, learning_rate=0.11171413823294056, max_depth=8, min_child_samples=27, n_estimators=10000, num_leaves=245, reg_alpha=0.41038292303562973, reg_lambda=2.766653415629146, scale_pos_weight=0.7243218608105599, subsample=0.9771414282231924, subsample_freq=1; total time=   6.2s
[CV] END colsample_bytree=0.7257423924305306, learning_rate=0.11171413823294056, max_depth=8, min_child_samples=27, n_estimators=10000, num_leaves=245, reg_alpha=0.41038292303562973, reg_lambda=2.766653415629146, scale_pos_weight=0.7243218608105599, subsample=0.9771414282231924, subsample_freq=1; total time=   6.1s
[CV] END colsample_bytree=0.6888431241882921, learning_rate=0.033973073466736566, max_depth=6, min_child_samples=28, n_estimators=10000, num_leaves=221, reg_alpha=0.16829104217293056, reg_lambda=1.1562926587192108, scale_pos_weight=0.7243218608105599, subsample=0.881207583558071, subsample_freq=1; total time=  10.8s
[CV] END colsample_bytree=0.6888431241882921, learning_rate=0.033973073466736566, max_depth=6, min_child_samples=28, n_estimators=10000, num_leaves=221, reg_alpha=0.16829104217293056, reg_lambda=1.1562926587192108, scale_pos_weight=0.7243218608105599, subsample=0.881207583558071, subsample_freq=1; total time=  11.1s
[CV] END colsample_bytree=0.6888431241882921, learning_rate=0.033973073466736566, max_depth=6, min_child_samples=28, n_estimators=10000, num_leaves=221, reg_alpha=0.16829104217293056, reg_lambda=1.1562926587192108, scale_pos_weight=0.7243218608105599, subsample=0.881207583558071, subsample_freq=1; total time=  11.4s
[CV] END colsample_bytree=0.6888431241882921, learning_rate=0.033973073466736566, max_depth=6, min_child_samples=28, n_estimators=10000, num_leaves=221, reg_alpha=0.16829104217293056, reg_lambda=1.1562926587192108, scale_pos_weight=0.7243218608105599, subsample=0.881207583558071, subsample_freq=1; total time=  10.8s
[CV] END colsample_bytree=0.6888431241882921, learning_rate=0.033973073466736566, max_depth=6, min_child_samples=28, n_estimators=10000, num_leaves=221, reg_alpha=0.16829104217293056, reg_lambda=1.1562926587192108, scale_pos_weight=0.7243218608105599, subsample=0.881207583558071, subsample_freq=1; total time=  10.5s
----------
iter: 2
n_candidates: 5
n_resources: 68094
Fitting 5 folds for each of 5 candidates, totalling 25 fits
[CV] END colsample_bytree=0.6185801650879991, learning_rate=0.1315089703802877, max_depth=7, min_child_samples=77, n_estimators=10000, num_leaves=181, reg_alpha=0.013264961159866528, reg_lambda=3.3266052670545583, scale_pos_weight=0.7243218608105599, subsample=0.9233589392465844, subsample_freq=1; total time=  23.6s
[CV] END colsample_bytree=0.6185801650879991, learning_rate=0.1315089703802877, max_depth=7, min_child_samples=77, n_estimators=10000, num_leaves=181, reg_alpha=0.013264961159866528, reg_lambda=3.3266052670545583, scale_pos_weight=0.7243218608105599, subsample=0.9233589392465844, subsample_freq=1; total time=  23.9s
[CV] END colsample_bytree=0.6185801650879991, learning_rate=0.1315089703802877, max_depth=7, min_child_samples=77, n_estimators=10000, num_leaves=181, reg_alpha=0.013264961159866528, reg_lambda=3.3266052670545583, scale_pos_weight=0.7243218608105599, subsample=0.9233589392465844, subsample_freq=1; total time=  24.0s
[CV] END colsample_bytree=0.6185801650879991, learning_rate=0.1315089703802877, max_depth=7, min_child_samples=77, n_estimators=10000, num_leaves=181, reg_alpha=0.013264961159866528, reg_lambda=3.3266052670545583, scale_pos_weight=0.7243218608105599, subsample=0.9233589392465844, subsample_freq=1; total time=  18.6s
[CV] END colsample_bytree=0.6185801650879991, learning_rate=0.1315089703802877, max_depth=7, min_child_samples=77, n_estimators=10000, num_leaves=181, reg_alpha=0.013264961159866528, reg_lambda=3.3266052670545583, scale_pos_weight=0.7243218608105599, subsample=0.9233589392465844, subsample_freq=1; total time=  22.4s
[CV] END colsample_bytree=0.941203782186944, learning_rate=0.06888977841391714, max_depth=7, min_child_samples=36, n_estimators=10000, num_leaves=229, reg_alpha=0.2684748568901568, reg_lambda=1.9558396228289472, scale_pos_weight=0.7243218608105599, subsample=0.82272050498334, subsample_freq=1; total time=  23.4s
[CV] END colsample_bytree=0.941203782186944, learning_rate=0.06888977841391714, max_depth=7, min_child_samples=36, n_estimators=10000, num_leaves=229, reg_alpha=0.2684748568901568, reg_lambda=1.9558396228289472, scale_pos_weight=0.7243218608105599, subsample=0.82272050498334, subsample_freq=1; total time=  21.5s
[CV] END colsample_bytree=0.941203782186944, learning_rate=0.06888977841391714, max_depth=7, min_child_samples=36, n_estimators=10000, num_leaves=229, reg_alpha=0.2684748568901568, reg_lambda=1.9558396228289472, scale_pos_weight=0.7243218608105599, subsample=0.82272050498334, subsample_freq=1; total time=  19.5s
[CV] END colsample_bytree=0.941203782186944, learning_rate=0.06888977841391714, max_depth=7, min_child_samples=36, n_estimators=10000, num_leaves=229, reg_alpha=0.2684748568901568, reg_lambda=1.9558396228289472, scale_pos_weight=0.7243218608105599, subsample=0.82272050498334, subsample_freq=1; total time=  19.3s
[CV] END colsample_bytree=0.941203782186944, learning_rate=0.06888977841391714, max_depth=7, min_child_samples=36, n_estimators=10000, num_leaves=229, reg_alpha=0.2684748568901568, reg_lambda=1.9558396228289472, scale_pos_weight=0.7243218608105599, subsample=0.82272050498334, subsample_freq=1; total time=  18.5s
[CV] END colsample_bytree=0.7257423924305306, learning_rate=0.11171413823294056, max_depth=8, min_child_samples=27, n_estimators=10000, num_leaves=245, reg_alpha=0.41038292303562973, reg_lambda=2.766653415629146, scale_pos_weight=0.7243218608105599, subsample=0.9771414282231924, subsample_freq=1; total time=  13.5s
[CV] END colsample_bytree=0.7257423924305306, learning_rate=0.11171413823294056, max_depth=8, min_child_samples=27, n_estimators=10000, num_leaves=245, reg_alpha=0.41038292303562973, reg_lambda=2.766653415629146, scale_pos_weight=0.7243218608105599, subsample=0.9771414282231924, subsample_freq=1; total time=  14.6s
[CV] END colsample_bytree=0.7257423924305306, learning_rate=0.11171413823294056, max_depth=8, min_child_samples=27, n_estimators=10000, num_leaves=245, reg_alpha=0.41038292303562973, reg_lambda=2.766653415629146, scale_pos_weight=0.7243218608105599, subsample=0.9771414282231924, subsample_freq=1; total time=  13.2s
[CV] END colsample_bytree=0.7257423924305306, learning_rate=0.11171413823294056, max_depth=8, min_child_samples=27, n_estimators=10000, num_leaves=245, reg_alpha=0.41038292303562973, reg_lambda=2.766653415629146, scale_pos_weight=0.7243218608105599, subsample=0.9771414282231924, subsample_freq=1; total time=  18.6s
[CV] END colsample_bytree=0.7257423924305306, learning_rate=0.11171413823294056, max_depth=8, min_child_samples=27, n_estimators=10000, num_leaves=245, reg_alpha=0.41038292303562973, reg_lambda=2.766653415629146, scale_pos_weight=0.7243218608105599, subsample=0.9771414282231924, subsample_freq=1; total time=  13.8s
[CV] END colsample_bytree=0.6888431241882921, learning_rate=0.033973073466736566, max_depth=6, min_child_samples=28, n_estimators=10000, num_leaves=221, reg_alpha=0.16829104217293056, reg_lambda=1.1562926587192108, scale_pos_weight=0.7243218608105599, subsample=0.881207583558071, subsample_freq=1; total time=  15.5s
[CV] END colsample_bytree=0.6888431241882921, learning_rate=0.033973073466736566, max_depth=6, min_child_samples=28, n_estimators=10000, num_leaves=221, reg_alpha=0.16829104217293056, reg_lambda=1.1562926587192108, scale_pos_weight=0.7243218608105599, subsample=0.881207583558071, subsample_freq=1; total time=  15.7s
[CV] END colsample_bytree=0.6888431241882921, learning_rate=0.033973073466736566, max_depth=6, min_child_samples=28, n_estimators=10000, num_leaves=221, reg_alpha=0.16829104217293056, reg_lambda=1.1562926587192108, scale_pos_weight=0.7243218608105599, subsample=0.881207583558071, subsample_freq=1; total time=  15.5s
[CV] END colsample_bytree=0.6888431241882921, learning_rate=0.033973073466736566, max_depth=6, min_child_samples=28, n_estimators=10000, num_leaves=221, reg_alpha=0.16829104217293056, reg_lambda=1.1562926587192108, scale_pos_weight=0.7243218608105599, subsample=0.881207583558071, subsample_freq=1; total time=  15.3s
[CV] END colsample_bytree=0.6888431241882921, learning_rate=0.033973073466736566, max_depth=6, min_child_samples=28, n_estimators=10000, num_leaves=221, reg_alpha=0.16829104217293056, reg_lambda=1.1562926587192108, scale_pos_weight=0.7243218608105599, subsample=0.881207583558071, subsample_freq=1; total time=  15.1s
[CV] END colsample_bytree=0.7312610669898928, learning_rate=0.04100832334554884, max_depth=8, min_child_samples=26, n_estimators=10000, num_leaves=72, reg_alpha=0.8604046183116753, reg_lambda=1.2507540815475922, scale_pos_weight=0.7243218608105599, subsample=0.9290402242638633, subsample_freq=1; total time=  18.9s
[CV] END colsample_bytree=0.7312610669898928, learning_rate=0.04100832334554884, max_depth=8, min_child_samples=26, n_estimators=10000, num_leaves=72, reg_alpha=0.8604046183116753, reg_lambda=1.2507540815475922, scale_pos_weight=0.7243218608105599, subsample=0.9290402242638633, subsample_freq=1; total time=  32.5s
[CV] END colsample_bytree=0.7312610669898928, learning_rate=0.04100832334554884, max_depth=8, min_child_samples=26, n_estimators=10000, num_leaves=72, reg_alpha=0.8604046183116753, reg_lambda=1.2507540815475922, scale_pos_weight=0.7243218608105599, subsample=0.9290402242638633, subsample_freq=1; total time=  30.5s
[CV] END colsample_bytree=0.7312610669898928, learning_rate=0.04100832334554884, max_depth=8, min_child_samples=26, n_estimators=10000, num_leaves=72, reg_alpha=0.8604046183116753, reg_lambda=1.2507540815475922, scale_pos_weight=0.7243218608105599, subsample=0.9290402242638633, subsample_freq=1; total time=  18.7s
[CV] END colsample_bytree=0.7312610669898928, learning_rate=0.04100832334554884, max_depth=8, min_child_samples=26, n_estimators=10000, num_leaves=72, reg_alpha=0.8604046183116753, reg_lambda=1.2507540815475922, scale_pos_weight=0.7243218608105599, subsample=0.9290402242638633, subsample_freq=1; total time=  18.2s
----------
iter: 3
n_candidates: 2
n_resources: 204282
Fitting 5 folds for each of 2 candidates, totalling 10 fits
[CV] END colsample_bytree=0.941203782186944, learning_rate=0.06888977841391714, max_depth=7, min_child_samples=36, n_estimators=10000, num_leaves=229, reg_alpha=0.2684748568901568, reg_lambda=1.9558396228289472, scale_pos_weight=0.7243218608105599, subsample=0.82272050498334, subsample_freq=1; total time=  51.5s
[CV] END colsample_bytree=0.941203782186944, learning_rate=0.06888977841391714, max_depth=7, min_child_samples=36, n_estimators=10000, num_leaves=229, reg_alpha=0.2684748568901568, reg_lambda=1.9558396228289472, scale_pos_weight=0.7243218608105599, subsample=0.82272050498334, subsample_freq=1; total time= 1.0min
[CV] END colsample_bytree=0.941203782186944, learning_rate=0.06888977841391714, max_depth=7, min_child_samples=36, n_estimators=10000, num_leaves=229, reg_alpha=0.2684748568901568, reg_lambda=1.9558396228289472, scale_pos_weight=0.7243218608105599, subsample=0.82272050498334, subsample_freq=1; total time=  57.3s
[CV] END colsample_bytree=0.941203782186944, learning_rate=0.06888977841391714, max_depth=7, min_child_samples=36, n_estimators=10000, num_leaves=229, reg_alpha=0.2684748568901568, reg_lambda=1.9558396228289472, scale_pos_weight=0.7243218608105599, subsample=0.82272050498334, subsample_freq=1; total time=  57.2s
[CV] END colsample_bytree=0.941203782186944, learning_rate=0.06888977841391714, max_depth=7, min_child_samples=36, n_estimators=10000, num_leaves=229, reg_alpha=0.2684748568901568, reg_lambda=1.9558396228289472, scale_pos_weight=0.7243218608105599, subsample=0.82272050498334, subsample_freq=1; total time=  57.4s
[CV] END colsample_bytree=0.7257423924305306, learning_rate=0.11171413823294056, max_depth=8, min_child_samples=27, n_estimators=10000, num_leaves=245, reg_alpha=0.41038292303562973, reg_lambda=2.766653415629146, scale_pos_weight=0.7243218608105599, subsample=0.9771414282231924, subsample_freq=1; total time=  56.3s
[CV] END colsample_bytree=0.7257423924305306, learning_rate=0.11171413823294056, max_depth=8, min_child_samples=27, n_estimators=10000, num_leaves=245, reg_alpha=0.41038292303562973, reg_lambda=2.766653415629146, scale_pos_weight=0.7243218608105599, subsample=0.9771414282231924, subsample_freq=1; total time=  57.1s
[CV] END colsample_bytree=0.7257423924305306, learning_rate=0.11171413823294056, max_depth=8, min_child_samples=27, n_estimators=10000, num_leaves=245, reg_alpha=0.41038292303562973, reg_lambda=2.766653415629146, scale_pos_weight=0.7243218608105599, subsample=0.9771414282231924, subsample_freq=1; total time=  56.9s
[CV] END colsample_bytree=0.7257423924305306, learning_rate=0.11171413823294056, max_depth=8, min_child_samples=27, n_estimators=10000, num_leaves=245, reg_alpha=0.41038292303562973, reg_lambda=2.766653415629146, scale_pos_weight=0.7243218608105599, subsample=0.9771414282231924, subsample_freq=1; total time=  57.2s
[CV] END colsample_bytree=0.7257423924305306, learning_rate=0.11171413823294056, max_depth=8, min_child_samples=27, n_estimators=10000, num_leaves=245, reg_alpha=0.41038292303562973, reg_lambda=2.766653415629146, scale_pos_weight=0.7243218608105599, subsample=0.9771414282231924, subsample_freq=1; total time=  56.8s

Best F1-macro (CV on train): 0.9507

======================================================================
Threshold tuning on validation set 
======================================================================
  Best F1-macro   threshold (val): 0.50  : f1_macro=0.9117  recall_anom=0.9519
  Best F1-anomaly threshold (val): 0.30
  Best Youden     threshold (val): 0.75
  Best recall≥90  threshold (val): 0.90

======================================================================
Evaluation on TEST  (threshold=0.50 from val)
======================================================================

BASELINE  (test, threshold=0.5)
======================================================================
              precision    recall  f1-score   support

        Good     0.7920    0.7909    0.7914      5537
         Bad     0.9628    0.9630    0.9629     31092

    accuracy                         0.9370     36629
   macro avg     0.8774    0.8769    0.8772     36629
weighted avg     0.9370    0.9370    0.9370     36629


OPTIMIZED  (test, threshold=0.50 tuned on val, scoring=f1_macro)
======================================================================
              precision    recall  f1-score   support

        Good     0.8164    0.7558    0.7850      5537
         Bad     0.9571    0.9697    0.9634     31092

    accuracy                         0.9374     36629
   macro avg     0.8868    0.8628    0.8742     36629
weighted avg     0.9358    0.9374    0.9364     36629


======================================================================
Saving artifacts
======================================================================
  - Model
  - Plot bundle
  - Test results parquet
  - Threshold info
  - Best params JSON
  - HP search CSV
  - Threshold CSV
  - Classification report
  - MLflow model log
# Train completed for 3 oceans (Atlantic, Indian, Pacific)
Results saved in 
Done c:
