
######################################################################
#  OCEANO: Atlantic
######################################################################
  Train : 139,114 profiles | 24.73% anomalous
  Val   : 46,113   profiles | 32.04% anomalous
  Test  : 43,650  profiles | 32.49% anomalous
  Features: 24  →  ['TEMP_max', 'TEMP_min', 'TEMP_mean', 'TEMP_std', 'TEMP_range', 'TEMP_max_grad', 'TEMP_mean_grad', 'TEMP_grad_std', 'PSAL_max', 'PSAL_min', 'PSAL_mean', 'PSAL_std', 'PSAL_range', 'PSAL_max_grad', 'PSAL_mean_grad', 'PSAL_grad_std', 'PRES_max', 'PRES_min', 'PRES_mean', 'PRES_std', 'PRES_range', 'PRES_max_grad', 'PRES_mean_grad', 'PRES_grad_std']
  Imbalance ratio (scale_pos_weight): 3.04

Using experiment 'LightGBM_Atlantic_2018_2022_TemporalSplit' (id=43)

======================================================================
Baseline LightGBM (200 arboles, threshold por defecto 0.5)
======================================================================
  Baseline ROC-AUC (test) : 0.8763
  Baseline F1-macro (test): 0.8049

======================================================================
HalvingRandomSearchCV — scoring=f1_macro  (CV en train only)
======================================================================

Starting hyperparameter search...
n_iterations: 4
n_required_iterations: 4
n_possible_iterations: 4
min_resources_: 5152
max_resources_: 139114
aggressive_elimination: False
factor: 3
----------
iter: 0
n_candidates: 40
n_resources: 5152
Fitting 5 folds for each of 40 candidates, totalling 200 fits
[CV] END colsample_bytree=0.749816047538945, learning_rate=0.20014286128198325, max_depth=5, min_child_samples=76, n_estimators=10000, num_leaves=203, reg_alpha=0.596850157946487, reg_lambda=1.8374982585607733, scale_pos_weight=<scipy.stats._distn_infrastructure.rv_continuous_frozen object at 0x7f11d9658590>, subsample=0.6232334448672797, subsample_freq=1; total time=   0.0s
[CV] END colsample_bytree=0.749816047538945, learning_rate=0.20014286128198325, max_depth=5, min_child_samples=76, n_estimators=10000, num_leaves=203, reg_alpha=0.596850157946487, reg_lambda=1.8374982585607733, scale_pos_weight=<scipy.stats._distn_infrastructure.rv_continuous_frozen object at 0x7f11d9658590>, subsample=0.6232334448672797, subsample_freq=1; total time=   0.0s
[CV] END colsample_bytree=0.749816047538945, learning_rate=0.20014286128198325, max_depth=5, min_child_samples=76, n_estimators=10000, num_leaves=203, reg_alpha=0.596850157946487, reg_lambda=1.8374982585607733, scale_pos_weight=<scipy.stats._distn_infrastructure.rv_continuous_frozen object at 0x7f11d9658590>, subsample=0.6232334448672797, subsample_freq=1; total time=   0.0s
[CV] END colsample_bytree=0.749816047538945, learning_rate=0.20014286128198325, max_depth=5, min_child_samples=76, n_estimators=10000, num_leaves=203, reg_alpha=0.596850157946487, reg_lambda=1.8374982585607733, scale_pos_weight=<scipy.stats._distn_infrastructure.rv_continuous_frozen object at 0x7f11d9658590>, subsample=0.6232334448672797, subsample_freq=1; total time=   0.0s
[CV] END colsample_bytree=0.749816047538945, learning_rate=0.20014286128198325, max_depth=5, min_child_samples=76, n_estimators=10000, num_leaves=203, reg_alpha=0.596850157946487, reg_lambda=1.8374982585607733, scale_pos_weight=<scipy.stats._distn_infrastructure.rv_continuous_frozen object at 0x7f11d9658590>, subsample=0.6232334448672797, subsample_freq=1; total time=   0.0s
[CV] END colsample_bytree=0.9464704583099741, learning_rate=0.13022300234864176, max_depth=5, min_child_samples=26, n_estimators=10000, num_leaves=67, reg_alpha=0.9699098521619943, reg_lambda=2.997327922401265, scale_pos_weight=3.0431888859825036, subsample=0.6003115063364057, subsample_freq=1; total time=   2.2s
[CV] END colsample_bytree=0.9464704583099741, learning_rate=0.13022300234864176, max_depth=5, min_child_samples=26, n_estimators=10000, num_leaves=67, reg_alpha=0.9699098521619943, reg_lambda=2.997327922401265, scale_pos_weight=3.0431888859825036, subsample=0.6003115063364057, subsample_freq=1; total time=   2.2s
[CV] END colsample_bytree=0.9464704583099741, learning_rate=0.13022300234864176, max_depth=5, min_child_samples=26, n_estimators=10000, num_leaves=67, reg_alpha=0.9699098521619943, reg_lambda=2.997327922401265, scale_pos_weight=3.0431888859825036, subsample=0.6003115063364057, subsample_freq=1; total time=   2.2s
[CV] END colsample_bytree=0.9464704583099741, learning_rate=0.13022300234864176, max_depth=5, min_child_samples=26, n_estimators=10000, num_leaves=67, reg_alpha=0.9699098521619943, reg_lambda=2.997327922401265, scale_pos_weight=3.0431888859825036, subsample=0.6003115063364057, subsample_freq=1; total time=   2.2s
[CV] END colsample_bytree=0.9464704583099741, learning_rate=0.13022300234864176, max_depth=5, min_child_samples=26, n_estimators=10000, num_leaves=67, reg_alpha=0.9699098521619943, reg_lambda=2.997327922401265, scale_pos_weight=3.0431888859825036, subsample=0.6003115063364057, subsample_freq=1; total time=   2.2s
[CV] END colsample_bytree=0.996884623716487, learning_rate=0.13349630192554332, max_depth=4, min_child_samples=26, n_estimators=10000, num_leaves=250, reg_alpha=0.023062425041415757, reg_lambda=2.0743239807751674, scale_pos_weight=<scipy.stats._distn_infrastructure.rv_continuous_frozen object at 0x7f11d9658590>, subsample=0.6557975442608167, subsample_freq=1; total time=   0.0s
[CV] END colsample_bytree=0.996884623716487, learning_rate=0.13349630192554332, max_depth=4, min_child_samples=26, n_estimators=10000, num_leaves=250, reg_alpha=0.023062425041415757, reg_lambda=2.0743239807751674, scale_pos_weight=<scipy.stats._distn_infrastructure.rv_continuous_frozen object at 0x7f11d9658590>, subsample=0.6557975442608167, subsample_freq=1; total time=   0.0s
[CV] END colsample_bytree=0.996884623716487, learning_rate=0.13349630192554332, max_depth=4, min_child_samples=26, n_estimators=10000, num_leaves=250, reg_alpha=0.023062425041415757, reg_lambda=2.0743239807751674, scale_pos_weight=<scipy.stats._distn_infrastructure.rv_continuous_frozen object at 0x7f11d9658590>, subsample=0.6557975442608167, subsample_freq=1; total time=   0.0s
[CV] END colsample_bytree=0.996884623716487, learning_rate=0.13349630192554332, max_depth=4, min_child_samples=26, n_estimators=10000, num_leaves=250, reg_alpha=0.023062425041415757, reg_lambda=2.0743239807751674, scale_pos_weight=<scipy.stats._distn_infrastructure.rv_continuous_frozen object at 0x7f11d9658590>, subsample=0.6557975442608167, subsample_freq=1; total time=   0.0s
[CV] END colsample_bytree=0.996884623716487, learning_rate=0.13349630192554332, max_depth=4, min_child_samples=26, n_estimators=10000, num_leaves=250, reg_alpha=0.023062425041415757, reg_lambda=2.0743239807751674, scale_pos_weight=<scipy.stats._distn_infrastructure.rv_continuous_frozen object at 0x7f11d9658590>, subsample=0.6557975442608167, subsample_freq=1; total time=   0.0s
[CV] END colsample_bytree=0.7168578594140873, learning_rate=0.08327236865873834, max_depth=8, min_child_samples=66, n_estimators=10000, num_leaves=189, reg_alpha=0.6183860093330873, reg_lambda=1.6473859738014882, scale_pos_weight=3.0431888859825036, subsample=0.836965827544817, subsample_freq=1; total time=   2.4s
[CV] END colsample_bytree=0.7168578594140873, learning_rate=0.08327236865873834, max_depth=8, min_child_samples=66, n_estimators=10000, num_leaves=189, reg_alpha=0.6183860093330873, reg_lambda=1.6473859738014882, scale_pos_weight=3.0431888859825036, subsample=0.836965827544817, subsample_freq=1; total time=   2.5s
[CV] END colsample_bytree=0.7168578594140873, learning_rate=0.08327236865873834, max_depth=8, min_child_samples=66, n_estimators=10000, num_leaves=189, reg_alpha=0.6183860093330873, reg_lambda=1.6473859738014882, scale_pos_weight=3.0431888859825036, subsample=0.836965827544817, subsample_freq=1; total time=   2.5s
[CV] END colsample_bytree=0.7168578594140873, learning_rate=0.08327236865873834, max_depth=8, min_child_samples=66, n_estimators=10000, num_leaves=189, reg_alpha=0.6183860093330873, reg_lambda=1.6473859738014882, scale_pos_weight=3.0431888859825036, subsample=0.836965827544817, subsample_freq=1; total time=   2.4s
[CV] END colsample_bytree=0.7168578594140873, learning_rate=0.08327236865873834, max_depth=8, min_child_samples=66, n_estimators=10000, num_leaves=189, reg_alpha=0.6183860093330873, reg_lambda=1.6473859738014882, scale_pos_weight=3.0431888859825036, subsample=0.836965827544817, subsample_freq=1; total time=   2.5s
[CV] END colsample_bytree=0.6185801650879991, learning_rate=0.1315089703802877, max_depth=7, min_child_samples=77, n_estimators=10000, num_leaves=181, reg_alpha=0.013264961159866528, reg_lambda=3.3266052670545583, scale_pos_weight=3.0431888859825036, subsample=0.9233589392465844, subsample_freq=1; total time=   4.4s
[CV] END colsample_bytree=0.6185801650879991, learning_rate=0.1315089703802877, max_depth=7, min_child_samples=77, n_estimators=10000, num_leaves=181, reg_alpha=0.013264961159866528, reg_lambda=3.3266052670545583, scale_pos_weight=3.0431888859825036, subsample=0.9233589392465844, subsample_freq=1; total time=   4.3s
[CV] END colsample_bytree=0.6185801650879991, learning_rate=0.1315089703802877, max_depth=7, min_child_samples=77, n_estimators=10000, num_leaves=181, reg_alpha=0.013264961159866528, reg_lambda=3.3266052670545583, scale_pos_weight=3.0431888859825036, subsample=0.9233589392465844, subsample_freq=1; total time=   4.4s
[CV] END colsample_bytree=0.6185801650879991, learning_rate=0.1315089703802877, max_depth=7, min_child_samples=77, n_estimators=10000, num_leaves=181, reg_alpha=0.013264961159866528, reg_lambda=3.3266052670545583, scale_pos_weight=3.0431888859825036, subsample=0.9233589392465844, subsample_freq=1; total time=   4.3s
[CV] END colsample_bytree=0.6185801650879991, learning_rate=0.1315089703802877, max_depth=7, min_child_samples=77, n_estimators=10000, num_leaves=181, reg_alpha=0.013264961159866528, reg_lambda=3.3266052670545583, scale_pos_weight=3.0431888859825036, subsample=0.9233589392465844, subsample_freq=1; total time=   4.4s
[CV] END colsample_bytree=0.7218455076693483, learning_rate=0.02953442280127678, max_depth=6, min_child_samples=96, n_estimators=10000, num_leaves=125, reg_alpha=0.6832635188254582, reg_lambda=2.3299899733478626, scale_pos_weight=3.0431888859825036, subsample=0.6137554084460873, subsample_freq=1; total time=   3.4s
[CV] END colsample_bytree=0.7218455076693483, learning_rate=0.02953442280127678, max_depth=6, min_child_samples=96, n_estimators=10000, num_leaves=125, reg_alpha=0.6832635188254582, reg_lambda=2.3299899733478626, scale_pos_weight=3.0431888859825036, subsample=0.6137554084460873, subsample_freq=1; total time=   3.4s
[CV] END colsample_bytree=0.7218455076693483, learning_rate=0.02953442280127678, max_depth=6, min_child_samples=96, n_estimators=10000, num_leaves=125, reg_alpha=0.6832635188254582, reg_lambda=2.3299899733478626, scale_pos_weight=3.0431888859825036, subsample=0.6137554084460873, subsample_freq=1; total time=   3.4s
[CV] END colsample_bytree=0.7218455076693483, learning_rate=0.02953442280127678, max_depth=6, min_child_samples=96, n_estimators=10000, num_leaves=125, reg_alpha=0.6832635188254582, reg_lambda=2.3299899733478626, scale_pos_weight=3.0431888859825036, subsample=0.6137554084460873, subsample_freq=1; total time=   3.4s
[CV] END colsample_bytree=0.7218455076693483, learning_rate=0.02953442280127678, max_depth=6, min_child_samples=96, n_estimators=10000, num_leaves=125, reg_alpha=0.6832635188254582, reg_lambda=2.3299899733478626, scale_pos_weight=3.0431888859825036, subsample=0.6137554084460873, subsample_freq=1; total time=   3.5s
[CV] END colsample_bytree=0.9637281608315128, learning_rate=0.061755996320003385, max_depth=6, min_child_samples=6, n_estimators=10000, num_leaves=148, reg_alpha=0.20794166286818883, reg_lambda=2.2031009834599744, scale_pos_weight=<scipy.stats._distn_infrastructure.rv_continuous_frozen object at 0x7f11d9658590>, subsample=0.9878338511058234, subsample_freq=1; total time=   0.0s
[CV] END colsample_bytree=0.9637281608315128, learning_rate=0.061755996320003385, max_depth=6, min_child_samples=6, n_estimators=10000, num_leaves=148, reg_alpha=0.20794166286818883, reg_lambda=2.2031009834599744, scale_pos_weight=<scipy.stats._distn_infrastructure.rv_continuous_frozen object at 0x7f11d9658590>, subsample=0.9878338511058234, subsample_freq=1; total time=   0.0s
[CV] END colsample_bytree=0.9637281608315128, learning_rate=0.061755996320003385, max_depth=6, min_child_samples=6, n_estimators=10000, num_leaves=148, reg_alpha=0.20794166286818883, reg_lambda=2.2031009834599744, scale_pos_weight=<scipy.stats._distn_infrastructure.rv_continuous_frozen object at 0x7f11d9658590>, subsample=0.9878338511058234, subsample_freq=1; total time=   0.0s
[CV] END colsample_bytree=0.9637281608315128, learning_rate=0.061755996320003385, max_depth=6, min_child_samples=6, n_estimators=10000, num_leaves=148, reg_alpha=0.20794166286818883, reg_lambda=2.2031009834599744, scale_pos_weight=<scipy.stats._distn_infrastructure.rv_continuous_frozen object at 0x7f11d9658590>, subsample=0.9878338511058234, subsample_freq=1; total time=   0.0s
[CV] END colsample_bytree=0.9637281608315128, learning_rate=0.061755996320003385, max_depth=6, min_child_samples=6, n_estimators=10000, num_leaves=148, reg_alpha=0.20794166286818883, reg_lambda=2.2031009834599744, scale_pos_weight=<scipy.stats._distn_infrastructure.rv_continuous_frozen object at 0x7f11d9658590>, subsample=0.9878338511058234, subsample_freq=1; total time=   0.0s
[CV] END colsample_bytree=0.9100531293444458, learning_rate=0.19789978831283783, max_depth=8, min_child_samples=18, n_estimators=10000, num_leaves=109, reg_alpha=0.9218742350231168, reg_lambda=0.7654775061557585, scale_pos_weight=<scipy.stats._distn_infrastructure.rv_continuous_frozen object at 0x7f11d9658590>, subsample=0.8083337040103294, subsample_freq=1; total time=   0.0s
[CV] END colsample_bytree=0.9100531293444458, learning_rate=0.19789978831283783, max_depth=8, min_child_samples=18, n_estimators=10000, num_leaves=109, reg_alpha=0.9218742350231168, reg_lambda=0.7654775061557585, scale_pos_weight=<scipy.stats._distn_infrastructure.rv_continuous_frozen object at 0x7f11d9658590>, subsample=0.8083337040103294, subsample_freq=1; total time=   0.0s
[CV] END colsample_bytree=0.9100531293444458, learning_rate=0.19789978831283783, max_depth=8, min_child_samples=18, n_estimators=10000, num_leaves=109, reg_alpha=0.9218742350231168, reg_lambda=0.7654775061557585, scale_pos_weight=<scipy.stats._distn_infrastructure.rv_continuous_frozen object at 0x7f11d9658590>, subsample=0.8083337040103294, subsample_freq=1; total time=   0.0s
[CV] END colsample_bytree=0.9100531293444458, learning_rate=0.19789978831283783, max_depth=8, min_child_samples=18, n_estimators=10000, num_leaves=109, reg_alpha=0.9218742350231168, reg_lambda=0.7654775061557585, scale_pos_weight=<scipy.stats._distn_infrastructure.rv_continuous_frozen object at 0x7f11d9658590>, subsample=0.8083337040103294, subsample_freq=1; total time=   0.0s
[CV] END colsample_bytree=0.9100531293444458, learning_rate=0.19789978831283783, max_depth=8, min_child_samples=18, n_estimators=10000, num_leaves=109, reg_alpha=0.9218742350231168, reg_lambda=0.7654775061557585, scale_pos_weight=<scipy.stats._distn_infrastructure.rv_continuous_frozen object at 0x7f11d9658590>, subsample=0.8083337040103294, subsample_freq=1; total time=   0.0s
[CV] END colsample_bytree=0.9844688097397396, learning_rate=0.1789067697356303, max_depth=7, min_child_samples=86, n_estimators=10000, num_leaves=125, reg_alpha=0.8287375091519293, reg_lambda=1.5702599800807677, scale_pos_weight=3.0431888859825036, subsample=0.8428136990746738, subsample_freq=1; total time=   1.7s
[CV] END colsample_bytree=0.9844688097397396, learning_rate=0.1789067697356303, max_depth=7, min_child_samples=86, n_estimators=10000, num_leaves=125, reg_alpha=0.8287375091519293, reg_lambda=1.5702599800807677, scale_pos_weight=3.0431888859825036, subsample=0.8428136990746738, subsample_freq=1; total time=   1.7s
[CV] END colsample_bytree=0.9844688097397396, learning_rate=0.1789067697356303, max_depth=7, min_child_samples=86, n_estimators=10000, num_leaves=125, reg_alpha=0.8287375091519293, reg_lambda=1.5702599800807677, scale_pos_weight=3.0431888859825036, subsample=0.8428136990746738, subsample_freq=1; total time=   1.7s
[CV] END colsample_bytree=0.9844688097397396, learning_rate=0.1789067697356303, max_depth=7, min_child_samples=86, n_estimators=10000, num_leaves=125, reg_alpha=0.8287375091519293, reg_lambda=1.5702599800807677, scale_pos_weight=3.0431888859825036, subsample=0.8428136990746738, subsample_freq=1; total time=   1.7s
[CV] END colsample_bytree=0.9844688097397396, learning_rate=0.1789067697356303, max_depth=7, min_child_samples=86, n_estimators=10000, num_leaves=125, reg_alpha=0.8287375091519293, reg_lambda=1.5702599800807677, scale_pos_weight=3.0431888859825036, subsample=0.8428136990746738, subsample_freq=1; total time=   1.7s
[CV] END colsample_bytree=0.7103996728090174, learning_rate=0.06925470114081649, max_depth=7, min_child_samples=69, n_estimators=10000, num_leaves=103, reg_alpha=0.9868869366005173, reg_lambda=2.8167343078899725, scale_pos_weight=3.0431888859825036, subsample=0.7173952698872152, subsample_freq=1; total time=   2.8s
[CV] END colsample_bytree=0.7103996728090174, learning_rate=0.06925470114081649, max_depth=7, min_child_samples=69, n_estimators=10000, num_leaves=103, reg_alpha=0.9868869366005173, reg_lambda=2.8167343078899725, scale_pos_weight=3.0431888859825036, subsample=0.7173952698872152, subsample_freq=1; total time=   2.8s
[CV] END colsample_bytree=0.7103996728090174, learning_rate=0.06925470114081649, max_depth=7, min_child_samples=69, n_estimators=10000, num_leaves=103, reg_alpha=0.9868869366005173, reg_lambda=2.8167343078899725, scale_pos_weight=3.0431888859825036, subsample=0.7173952698872152, subsample_freq=1; total time=   2.8s
[CV] END colsample_bytree=0.7103996728090174, learning_rate=0.06925470114081649, max_depth=7, min_child_samples=69, n_estimators=10000, num_leaves=103, reg_alpha=0.9868869366005173, reg_lambda=2.8167343078899725, scale_pos_weight=3.0431888859825036, subsample=0.7173952698872152, subsample_freq=1; total time=   2.8s
[CV] END colsample_bytree=0.7103996728090174, learning_rate=0.06925470114081649, max_depth=7, min_child_samples=69, n_estimators=10000, num_leaves=103, reg_alpha=0.9868869366005173, reg_lambda=2.8167343078899725, scale_pos_weight=3.0431888859825036, subsample=0.7173952698872152, subsample_freq=1; total time=   2.8s
[CV] END colsample_bytree=0.6056319290860338, learning_rate=0.049768480817761036, max_depth=5, min_child_samples=39, n_estimators=10000, num_leaves=47, reg_alpha=0.6059599747810114, reg_lambda=3.278902635540047, scale_pos_weight=3.0431888859825036, subsample=0.6463476238100518, subsample_freq=1; total time=   3.3s
[CV] END colsample_bytree=0.6056319290860338, learning_rate=0.049768480817761036, max_depth=5, min_child_samples=39, n_estimators=10000, num_leaves=47, reg_alpha=0.6059599747810114, reg_lambda=3.278902635540047, scale_pos_weight=3.0431888859825036, subsample=0.6463476238100518, subsample_freq=1; total time=   3.2s
[CV] END colsample_bytree=0.6056319290860338, learning_rate=0.049768480817761036, max_depth=5, min_child_samples=39, n_estimators=10000, num_leaves=47, reg_alpha=0.6059599747810114, reg_lambda=3.278902635540047, scale_pos_weight=3.0431888859825036, subsample=0.6463476238100518, subsample_freq=1; total time=   3.3s
[CV] END colsample_bytree=0.6056319290860338, learning_rate=0.049768480817761036, max_depth=5, min_child_samples=39, n_estimators=10000, num_leaves=47, reg_alpha=0.6059599747810114, reg_lambda=3.278902635540047, scale_pos_weight=3.0431888859825036, subsample=0.6463476238100518, subsample_freq=1; total time=   3.2s
[CV] END colsample_bytree=0.6056319290860338, learning_rate=0.049768480817761036, max_depth=5, min_child_samples=39, n_estimators=10000, num_leaves=47, reg_alpha=0.6059599747810114, reg_lambda=3.278902635540047, scale_pos_weight=3.0431888859825036, subsample=0.6463476238100518, subsample_freq=1; total time=   3.3s
[CV] END colsample_bytree=0.9452413703502374, learning_rate=0.1346596253655116, max_depth=4, min_child_samples=37, n_estimators=10000, num_leaves=62, reg_alpha=0.37081825219826636, reg_lambda=2.5065237579908217, scale_pos_weight=<scipy.stats._distn_infrastructure.rv_continuous_frozen object at 0x7f11d9658590>, subsample=0.8918424713352255, subsample_freq=1; total time=   0.0s
[CV] END colsample_bytree=0.9452413703502374, learning_rate=0.1346596253655116, max_depth=4, min_child_samples=37, n_estimators=10000, num_leaves=62, reg_alpha=0.37081825219826636, reg_lambda=2.5065237579908217, scale_pos_weight=<scipy.stats._distn_infrastructure.rv_continuous_frozen object at 0x7f11d9658590>, subsample=0.8918424713352255, subsample_freq=1; total time=   0.0s
[CV] END colsample_bytree=0.9452413703502374, learning_rate=0.1346596253655116, max_depth=4, min_child_samples=37, n_estimators=10000, num_leaves=62, reg_alpha=0.37081825219826636, reg_lambda=2.5065237579908217, scale_pos_weight=<scipy.stats._distn_infrastructure.rv_continuous_frozen object at 0x7f11d9658590>, subsample=0.8918424713352255, subsample_freq=1; total time=   0.0s
[CV] END colsample_bytree=0.9452413703502374, learning_rate=0.1346596253655116, max_depth=4, min_child_samples=37, n_estimators=10000, num_leaves=62, reg_alpha=0.37081825219826636, reg_lambda=2.5065237579908217, scale_pos_weight=<scipy.stats._distn_infrastructure.rv_continuous_frozen object at 0x7f11d9658590>, subsample=0.8918424713352255, subsample_freq=1; total time=   0.0s
[CV] END colsample_bytree=0.9452413703502374, learning_rate=0.1346596253655116, max_depth=4, min_child_samples=37, n_estimators=10000, num_leaves=62, reg_alpha=0.37081825219826636, reg_lambda=2.5065237579908217, scale_pos_weight=<scipy.stats._distn_infrastructure.rv_continuous_frozen object at 0x7f11d9658590>, subsample=0.8918424713352255, subsample_freq=1; total time=   0.0s
[CV] END colsample_bytree=0.8550229885420852, learning_rate=0.18744254851526532, max_depth=3, min_child_samples=51, n_estimators=10000, num_leaves=220, reg_alpha=0.8489138242660839, reg_lambda=2.6651885634946195, scale_pos_weight=<scipy.stats._distn_infrastructure.rv_continuous_frozen object at 0x7f11d9658590>, subsample=0.9083868719818244, subsample_freq=1; total time=   0.0s
[CV] END colsample_bytree=0.8550229885420852, learning_rate=0.18744254851526532, max_depth=3, min_child_samples=51, n_estimators=10000, num_leaves=220, reg_alpha=0.8489138242660839, reg_lambda=2.6651885634946195, scale_pos_weight=<scipy.stats._distn_infrastructure.rv_continuous_frozen object at 0x7f11d9658590>, subsample=0.9083868719818244, subsample_freq=1; total time=   0.0s
[CV] END colsample_bytree=0.8550229885420852, learning_rate=0.18744254851526532, max_depth=3, min_child_samples=51, n_estimators=10000, num_leaves=220, reg_alpha=0.8489138242660839, reg_lambda=2.6651885634946195, scale_pos_weight=<scipy.stats._distn_infrastructure.rv_continuous_frozen object at 0x7f11d9658590>, subsample=0.9083868719818244, subsample_freq=1; total time=   0.0s
[CV] END colsample_bytree=0.8550229885420852, learning_rate=0.18744254851526532, max_depth=3, min_child_samples=51, n_estimators=10000, num_leaves=220, reg_alpha=0.8489138242660839, reg_lambda=2.6651885634946195, scale_pos_weight=<scipy.stats._distn_infrastructure.rv_continuous_frozen object at 0x7f11d9658590>, subsample=0.9083868719818244, subsample_freq=1; total time=   0.0s
[CV] END colsample_bytree=0.8550229885420852, learning_rate=0.18744254851526532, max_depth=3, min_child_samples=51, n_estimators=10000, num_leaves=220, reg_alpha=0.8489138242660839, reg_lambda=2.6651885634946195, scale_pos_weight=<scipy.stats._distn_infrastructure.rv_continuous_frozen object at 0x7f11d9658590>, subsample=0.9083868719818244, subsample_freq=1; total time=   0.0s
[CV] END colsample_bytree=0.7975182385457563, learning_rate=0.11454656587639882, max_depth=9, min_child_samples=94, n_estimators=10000, num_leaves=56, reg_alpha=0.4393365018657701, reg_lambda=1.1051576070061886, scale_pos_weight=3.0431888859825036, subsample=0.8545641645055122, subsample_freq=1; total time=   2.1s
[CV] END colsample_bytree=0.7975182385457563, learning_rate=0.11454656587639882, max_depth=9, min_child_samples=94, n_estimators=10000, num_leaves=56, reg_alpha=0.4393365018657701, reg_lambda=1.1051576070061886, scale_pos_weight=3.0431888859825036, subsample=0.8545641645055122, subsample_freq=1; total time=   2.1s
[CV] END colsample_bytree=0.7975182385457563, learning_rate=0.11454656587639882, max_depth=9, min_child_samples=94, n_estimators=10000, num_leaves=56, reg_alpha=0.4393365018657701, reg_lambda=1.1051576070061886, scale_pos_weight=3.0431888859825036, subsample=0.8545641645055122, subsample_freq=1; total time=   2.2s
[CV] END colsample_bytree=0.7975182385457563, learning_rate=0.11454656587639882, max_depth=9, min_child_samples=94, n_estimators=10000, num_leaves=56, reg_alpha=0.4393365018657701, reg_lambda=1.1051576070061886, scale_pos_weight=3.0431888859825036, subsample=0.8545641645055122, subsample_freq=1; total time=   2.1s
[CV] END colsample_bytree=0.7975182385457563, learning_rate=0.11454656587639882, max_depth=9, min_child_samples=94, n_estimators=10000, num_leaves=56, reg_alpha=0.4393365018657701, reg_lambda=1.1051576070061886, scale_pos_weight=3.0431888859825036, subsample=0.8545641645055122, subsample_freq=1; total time=   2.2s
[CV] END colsample_bytree=0.7257423924305306, learning_rate=0.11171413823294056, max_depth=8, min_child_samples=27, n_estimators=10000, num_leaves=245, reg_alpha=0.41038292303562973, reg_lambda=2.766653415629146, scale_pos_weight=3.0431888859825036, subsample=0.9771414282231924, subsample_freq=1; total time=   1.8s
[CV] END colsample_bytree=0.7257423924305306, learning_rate=0.11171413823294056, max_depth=8, min_child_samples=27, n_estimators=10000, num_leaves=245, reg_alpha=0.41038292303562973, reg_lambda=2.766653415629146, scale_pos_weight=3.0431888859825036, subsample=0.9771414282231924, subsample_freq=1; total time=   1.8s
[CV] END colsample_bytree=0.7257423924305306, learning_rate=0.11171413823294056, max_depth=8, min_child_samples=27, n_estimators=10000, num_leaves=245, reg_alpha=0.41038292303562973, reg_lambda=2.766653415629146, scale_pos_weight=3.0431888859825036, subsample=0.9771414282231924, subsample_freq=1; total time=   1.8s
[CV] END colsample_bytree=0.7257423924305306, learning_rate=0.11171413823294056, max_depth=8, min_child_samples=27, n_estimators=10000, num_leaves=245, reg_alpha=0.41038292303562973, reg_lambda=2.766653415629146, scale_pos_weight=3.0431888859825036, subsample=0.9771414282231924, subsample_freq=1; total time=   1.8s
[CV] END colsample_bytree=0.7257423924305306, learning_rate=0.11171413823294056, max_depth=8, min_child_samples=27, n_estimators=10000, num_leaves=245, reg_alpha=0.41038292303562973, reg_lambda=2.766653415629146, scale_pos_weight=3.0431888859825036, subsample=0.9771414282231924, subsample_freq=1; total time=   1.8s
[CV] END colsample_bytree=0.8395461865954144, learning_rate=0.14895698660794093, max_depth=6, min_child_samples=70, n_estimators=10000, num_leaves=184, reg_alpha=0.808120379564417, reg_lambda=2.4002112695312703, scale_pos_weight=3.0431888859825036, subsample=0.782613828193164, subsample_freq=1; total time=   2.0s
[CV] END colsample_bytree=0.8395461865954144, learning_rate=0.14895698660794093, max_depth=6, min_child_samples=70, n_estimators=10000, num_leaves=184, reg_alpha=0.808120379564417, reg_lambda=2.4002112695312703, scale_pos_weight=3.0431888859825036, subsample=0.782613828193164, subsample_freq=1; total time=   1.9s
[CV] END colsample_bytree=0.8395461865954144, learning_rate=0.14895698660794093, max_depth=6, min_child_samples=70, n_estimators=10000, num_leaves=184, reg_alpha=0.808120379564417, reg_lambda=2.4002112695312703, scale_pos_weight=3.0431888859825036, subsample=0.782613828193164, subsample_freq=1; total time=   2.0s
[CV] END colsample_bytree=0.8395461865954144, learning_rate=0.14895698660794093, max_depth=6, min_child_samples=70, n_estimators=10000, num_leaves=184, reg_alpha=0.808120379564417, reg_lambda=2.4002112695312703, scale_pos_weight=3.0431888859825036, subsample=0.782613828193164, subsample_freq=1; total time=   2.0s
[CV] END colsample_bytree=0.8395461865954144, learning_rate=0.14895698660794093, max_depth=6, min_child_samples=70, n_estimators=10000, num_leaves=184, reg_alpha=0.808120379564417, reg_lambda=2.4002112695312703, scale_pos_weight=3.0431888859825036, subsample=0.782613828193164, subsample_freq=1; total time=   2.0s
[CV] END colsample_bytree=0.6873761748867334, learning_rate=0.09330198957407325, max_depth=8, min_child_samples=79, n_estimators=10000, num_leaves=142, reg_alpha=0.8074401551640625, reg_lambda=3.1882738997704796, scale_pos_weight=<scipy.stats._distn_infrastructure.rv_continuous_frozen object at 0x7f11d9658590>, subsample=0.9627313766183017, subsample_freq=1; total time=   0.0s
[CV] END colsample_bytree=0.6873761748867334, learning_rate=0.09330198957407325, max_depth=8, min_child_samples=79, n_estimators=10000, num_leaves=142, reg_alpha=0.8074401551640625, reg_lambda=3.1882738997704796, scale_pos_weight=<scipy.stats._distn_infrastructure.rv_continuous_frozen object at 0x7f11d9658590>, subsample=0.9627313766183017, subsample_freq=1; total time=   0.0s
[CV] END colsample_bytree=0.6873761748867334, learning_rate=0.09330198957407325, max_depth=8, min_child_samples=79, n_estimators=10000, num_leaves=142, reg_alpha=0.8074401551640625, reg_lambda=3.1882738997704796, scale_pos_weight=<scipy.stats._distn_infrastructure.rv_continuous_frozen object at 0x7f11d9658590>, subsample=0.9627313766183017, subsample_freq=1; total time=   0.0s
[CV] END colsample_bytree=0.6873761748867334, learning_rate=0.09330198957407325, max_depth=8, min_child_samples=79, n_estimators=10000, num_leaves=142, reg_alpha=0.8074401551640625, reg_lambda=3.1882738997704796, scale_pos_weight=<scipy.stats._distn_infrastructure.rv_continuous_frozen object at 0x7f11d9658590>, subsample=0.9627313766183017, subsample_freq=1; total time=   0.0s
[CV] END colsample_bytree=0.6873761748867334, learning_rate=0.09330198957407325, max_depth=8, min_child_samples=79, n_estimators=10000, num_leaves=142, reg_alpha=0.8074401551640625, reg_lambda=3.1882738997704796, scale_pos_weight=<scipy.stats._distn_infrastructure.rv_continuous_frozen object at 0x7f11d9658590>, subsample=0.9627313766183017, subsample_freq=1; total time=   0.0s
[CV] END colsample_bytree=0.7088528997538541, learning_rate=0.13953802410827248, max_depth=3, min_child_samples=81, n_estimators=10000, num_leaves=247, reg_alpha=0.30478125815802903, reg_lambda=0.9939675594288252, scale_pos_weight=<scipy.stats._distn_infrastructure.rv_continuous_frozen object at 0x7f11d9658590>, subsample=0.7669644012595116, subsample_freq=1; total time=   0.0s
[CV] END colsample_bytree=0.7088528997538541, learning_rate=0.13953802410827248, max_depth=3, min_child_samples=81, n_estimators=10000, num_leaves=247, reg_alpha=0.30478125815802903, reg_lambda=0.9939675594288252, scale_pos_weight=<scipy.stats._distn_infrastructure.rv_continuous_frozen object at 0x7f11d9658590>, subsample=0.7669644012595116, subsample_freq=1; total time=   0.0s
[CV] END colsample_bytree=0.7088528997538541, learning_rate=0.13953802410827248, max_depth=3, min_child_samples=81, n_estimators=10000, num_leaves=247, reg_alpha=0.30478125815802903, reg_lambda=0.9939675594288252, scale_pos_weight=<scipy.stats._distn_infrastructure.rv_continuous_frozen object at 0x7f11d9658590>, subsample=0.7669644012595116, subsample_freq=1; total time=   0.0s
[CV] END colsample_bytree=0.7088528997538541, learning_rate=0.13953802410827248, max_depth=3, min_child_samples=81, n_estimators=10000, num_leaves=247, reg_alpha=0.30478125815802903, reg_lambda=0.9939675594288252, scale_pos_weight=<scipy.stats._distn_infrastructure.rv_continuous_frozen object at 0x7f11d9658590>, subsample=0.7669644012595116, subsample_freq=1; total time=   0.0s
[CV] END colsample_bytree=0.7088528997538541, learning_rate=0.13953802410827248, max_depth=3, min_child_samples=81, n_estimators=10000, num_leaves=247, reg_alpha=0.30478125815802903, reg_lambda=0.9939675594288252, scale_pos_weight=<scipy.stats._distn_infrastructure.rv_continuous_frozen object at 0x7f11d9658590>, subsample=0.7669644012595116, subsample_freq=1; total time=   0.0s
[CV] END colsample_bytree=0.6888431241882921, learning_rate=0.033973073466736566, max_depth=6, min_child_samples=28, n_estimators=10000, num_leaves=221, reg_alpha=0.16829104217293056, reg_lambda=1.1562926587192108, scale_pos_weight=3.0431888859825036, subsample=0.881207583558071, subsample_freq=1; total time=   4.2s
[CV] END colsample_bytree=0.6888431241882921, learning_rate=0.033973073466736566, max_depth=6, min_child_samples=28, n_estimators=10000, num_leaves=221, reg_alpha=0.16829104217293056, reg_lambda=1.1562926587192108, scale_pos_weight=3.0431888859825036, subsample=0.881207583558071, subsample_freq=1; total time=   4.3s
[CV] END colsample_bytree=0.6888431241882921, learning_rate=0.033973073466736566, max_depth=6, min_child_samples=28, n_estimators=10000, num_leaves=221, reg_alpha=0.16829104217293056, reg_lambda=1.1562926587192108, scale_pos_weight=3.0431888859825036, subsample=0.881207583558071, subsample_freq=1; total time=   4.3s
[CV] END colsample_bytree=0.6888431241882921, learning_rate=0.033973073466736566, max_depth=6, min_child_samples=28, n_estimators=10000, num_leaves=221, reg_alpha=0.16829104217293056, reg_lambda=1.1562926587192108, scale_pos_weight=3.0431888859825036, subsample=0.881207583558071, subsample_freq=1; total time=   4.3s
[CV] END colsample_bytree=0.6888431241882921, learning_rate=0.033973073466736566, max_depth=6, min_child_samples=28, n_estimators=10000, num_leaves=221, reg_alpha=0.16829104217293056, reg_lambda=1.1562926587192108, scale_pos_weight=3.0431888859825036, subsample=0.881207583558071, subsample_freq=1; total time=   4.4s
[CV] END colsample_bytree=0.7454518409517176, learning_rate=0.20435641654419215, max_depth=6, min_child_samples=16, n_estimators=10000, num_leaves=53, reg_alpha=0.49724850589238545, reg_lambda=1.402634929450309, scale_pos_weight=<scipy.stats._distn_infrastructure.rv_continuous_frozen object at 0x7f11d9658590>, subsample=0.9990961940195767, subsample_freq=1; total time=   0.0s
[CV] END colsample_bytree=0.7454518409517176, learning_rate=0.20435641654419215, max_depth=6, min_child_samples=16, n_estimators=10000, num_leaves=53, reg_alpha=0.49724850589238545, reg_lambda=1.402634929450309, scale_pos_weight=<scipy.stats._distn_infrastructure.rv_continuous_frozen object at 0x7f11d9658590>, subsample=0.9990961940195767, subsample_freq=1; total time=   0.0s
[CV] END colsample_bytree=0.7454518409517176, learning_rate=0.20435641654419215, max_depth=6, min_child_samples=16, n_estimators=10000, num_leaves=53, reg_alpha=0.49724850589238545, reg_lambda=1.402634929450309, scale_pos_weight=<scipy.stats._distn_infrastructure.rv_continuous_frozen object at 0x7f11d9658590>, subsample=0.9990961940195767, subsample_freq=1; total time=   0.0s
[CV] END colsample_bytree=0.7454518409517176, learning_rate=0.20435641654419215, max_depth=6, min_child_samples=16, n_estimators=10000, num_leaves=53, reg_alpha=0.49724850589238545, reg_lambda=1.402634929450309, scale_pos_weight=<scipy.stats._distn_infrastructure.rv_continuous_frozen object at 0x7f11d9658590>, subsample=0.9990961940195767, subsample_freq=1; total time=   0.0s
[CV] END colsample_bytree=0.7454518409517176, learning_rate=0.20435641654419215, max_depth=6, min_child_samples=16, n_estimators=10000, num_leaves=53, reg_alpha=0.49724850589238545, reg_lambda=1.402634929450309, scale_pos_weight=<scipy.stats._distn_infrastructure.rv_continuous_frozen object at 0x7f11d9658590>, subsample=0.9990961940195767, subsample_freq=1; total time=   0.0s
[CV] END colsample_bytree=0.706712405710114, learning_rate=0.2053229911665306, max_depth=6, min_child_samples=58, n_estimators=10000, num_leaves=101, reg_alpha=0.27864646423661144, reg_lambda=3.224797657899961, scale_pos_weight=<scipy.stats._distn_infrastructure.rv_continuous_frozen object at 0x7f11d9658590>, subsample=0.8722821806219068, subsample_freq=1; total time=   0.0s
[CV] END colsample_bytree=0.706712405710114, learning_rate=0.2053229911665306, max_depth=6, min_child_samples=58, n_estimators=10000, num_leaves=101, reg_alpha=0.27864646423661144, reg_lambda=3.224797657899961, scale_pos_weight=<scipy.stats._distn_infrastructure.rv_continuous_frozen object at 0x7f11d9658590>, subsample=0.8722821806219068, subsample_freq=1; total time=   0.0s
[CV] END colsample_bytree=0.706712405710114, learning_rate=0.2053229911665306, max_depth=6, min_child_samples=58, n_estimators=10000, num_leaves=101, reg_alpha=0.27864646423661144, reg_lambda=3.224797657899961, scale_pos_weight=<scipy.stats._distn_infrastructure.rv_continuous_frozen object at 0x7f11d9658590>, subsample=0.8722821806219068, subsample_freq=1; total time=   0.0s
[CV] END colsample_bytree=0.706712405710114, learning_rate=0.2053229911665306, max_depth=6, min_child_samples=58, n_estimators=10000, num_leaves=101, reg_alpha=0.27864646423661144, reg_lambda=3.224797657899961, scale_pos_weight=<scipy.stats._distn_infrastructure.rv_continuous_frozen object at 0x7f11d9658590>, subsample=0.8722821806219068, subsample_freq=1; total time=   0.0s
[CV] END colsample_bytree=0.706712405710114, learning_rate=0.2053229911665306, max_depth=6, min_child_samples=58, n_estimators=10000, num_leaves=101, reg_alpha=0.27864646423661144, reg_lambda=3.224797657899961, scale_pos_weight=<scipy.stats._distn_infrastructure.rv_continuous_frozen object at 0x7f11d9658590>, subsample=0.8722821806219068, subsample_freq=1; total time=   0.0s
[CV] END colsample_bytree=0.8123738333268545, learning_rate=0.09955663291461833, max_depth=8, min_child_samples=36, n_estimators=10000, num_leaves=82, reg_alpha=0.08085332633271525, reg_lambda=1.6089633681842135, scale_pos_weight=<scipy.stats._distn_infrastructure.rv_continuous_frozen object at 0x7f11d9658590>, subsample=0.8912865394447438, subsample_freq=1; total time=   0.0s
[CV] END colsample_bytree=0.8123738333268545, learning_rate=0.09955663291461833, max_depth=8, min_child_samples=36, n_estimators=10000, num_leaves=82, reg_alpha=0.08085332633271525, reg_lambda=1.6089633681842135, scale_pos_weight=<scipy.stats._distn_infrastructure.rv_continuous_frozen object at 0x7f11d9658590>, subsample=0.8912865394447438, subsample_freq=1; total time=   0.0s
[CV] END colsample_bytree=0.8123738333268545, learning_rate=0.09955663291461833, max_depth=8, min_child_samples=36, n_estimators=10000, num_leaves=82, reg_alpha=0.08085332633271525, reg_lambda=1.6089633681842135, scale_pos_weight=<scipy.stats._distn_infrastructure.rv_continuous_frozen object at 0x7f11d9658590>, subsample=0.8912865394447438, subsample_freq=1; total time=   0.0s
[CV] END colsample_bytree=0.8123738333268545, learning_rate=0.09955663291461833, max_depth=8, min_child_samples=36, n_estimators=10000, num_leaves=82, reg_alpha=0.08085332633271525, reg_lambda=1.6089633681842135, scale_pos_weight=<scipy.stats._distn_infrastructure.rv_continuous_frozen object at 0x7f11d9658590>, subsample=0.8912865394447438, subsample_freq=1; total time=   0.0s
[CV] END colsample_bytree=0.8123738333268545, learning_rate=0.09955663291461833, max_depth=8, min_child_samples=36, n_estimators=10000, num_leaves=82, reg_alpha=0.08085332633271525, reg_lambda=1.6089633681842135, scale_pos_weight=<scipy.stats._distn_infrastructure.rv_continuous_frozen object at 0x7f11d9658590>, subsample=0.8912865394447438, subsample_freq=1; total time=   0.0s
[CV] END colsample_bytree=0.7471132530877013, learning_rate=0.13646116611871592, max_depth=8, min_child_samples=90, n_estimators=10000, num_leaves=153, reg_alpha=0.8164318732193839, reg_lambda=2.8950353749536535, scale_pos_weight=<scipy.stats._distn_infrastructure.rv_continuous_frozen object at 0x7f11d9658590>, subsample=0.7283120259886944, subsample_freq=1; total time=   0.0s
[CV] END colsample_bytree=0.7471132530877013, learning_rate=0.13646116611871592, max_depth=8, min_child_samples=90, n_estimators=10000, num_leaves=153, reg_alpha=0.8164318732193839, reg_lambda=2.8950353749536535, scale_pos_weight=<scipy.stats._distn_infrastructure.rv_continuous_frozen object at 0x7f11d9658590>, subsample=0.7283120259886944, subsample_freq=1; total time=   0.0s
[CV] END colsample_bytree=0.7471132530877013, learning_rate=0.13646116611871592, max_depth=8, min_child_samples=90, n_estimators=10000, num_leaves=153, reg_alpha=0.8164318732193839, reg_lambda=2.8950353749536535, scale_pos_weight=<scipy.stats._distn_infrastructure.rv_continuous_frozen object at 0x7f11d9658590>, subsample=0.7283120259886944, subsample_freq=1; total time=   0.0s
[CV] END colsample_bytree=0.7471132530877013, learning_rate=0.13646116611871592, max_depth=8, min_child_samples=90, n_estimators=10000, num_leaves=153, reg_alpha=0.8164318732193839, reg_lambda=2.8950353749536535, scale_pos_weight=<scipy.stats._distn_infrastructure.rv_continuous_frozen object at 0x7f11d9658590>, subsample=0.7283120259886944, subsample_freq=1; total time=   0.0s
[CV] END colsample_bytree=0.7471132530877013, learning_rate=0.13646116611871592, max_depth=8, min_child_samples=90, n_estimators=10000, num_leaves=153, reg_alpha=0.8164318732193839, reg_lambda=2.8950353749536535, scale_pos_weight=<scipy.stats._distn_infrastructure.rv_continuous_frozen object at 0x7f11d9658590>, subsample=0.7283120259886944, subsample_freq=1; total time=   0.0s
[CV] END colsample_bytree=0.6746074041599417, learning_rate=0.018155028310952784, max_depth=6, min_child_samples=63, n_estimators=10000, num_leaves=178, reg_alpha=0.016587828927856152, reg_lambda=2.036279174897843, scale_pos_weight=<scipy.stats._distn_infrastructure.rv_continuous_frozen object at 0x7f11d9658590>, subsample=0.7394663949166917, subsample_freq=1; total time=   0.0s
[CV] END colsample_bytree=0.6746074041599417, learning_rate=0.018155028310952784, max_depth=6, min_child_samples=63, n_estimators=10000, num_leaves=178, reg_alpha=0.016587828927856152, reg_lambda=2.036279174897843, scale_pos_weight=<scipy.stats._distn_infrastructure.rv_continuous_frozen object at 0x7f11d9658590>, subsample=0.7394663949166917, subsample_freq=1; total time=   0.0s
[CV] END colsample_bytree=0.6746074041599417, learning_rate=0.018155028310952784, max_depth=6, min_child_samples=63, n_estimators=10000, num_leaves=178, reg_alpha=0.016587828927856152, reg_lambda=2.036279174897843, scale_pos_weight=<scipy.stats._distn_infrastructure.rv_continuous_frozen object at 0x7f11d9658590>, subsample=0.7394663949166917, subsample_freq=1; total time=   0.0s
[CV] END colsample_bytree=0.6746074041599417, learning_rate=0.018155028310952784, max_depth=6, min_child_samples=63, n_estimators=10000, num_leaves=178, reg_alpha=0.016587828927856152, reg_lambda=2.036279174897843, scale_pos_weight=<scipy.stats._distn_infrastructure.rv_continuous_frozen object at 0x7f11d9658590>, subsample=0.7394663949166917, subsample_freq=1; total time=   0.0s
[CV] END colsample_bytree=0.6746074041599417, learning_rate=0.018155028310952784, max_depth=6, min_child_samples=63, n_estimators=10000, num_leaves=178, reg_alpha=0.016587828927856152, reg_lambda=2.036279174897843, scale_pos_weight=<scipy.stats._distn_infrastructure.rv_continuous_frozen object at 0x7f11d9658590>, subsample=0.7394663949166917, subsample_freq=1; total time=   0.0s
[CV] END colsample_bytree=0.6384706204365683, learning_rate=0.1981046528979208, max_depth=9, min_child_samples=86, n_estimators=10000, num_leaves=118, reg_alpha=0.13752094414599325, reg_lambda=1.5231990531507755, scale_pos_weight=<scipy.stats._distn_infrastructure.rv_continuous_frozen object at 0x7f11d9658590>, subsample=0.6836286482950855, subsample_freq=1; total time=   0.0s
[CV] END colsample_bytree=0.6384706204365683, learning_rate=0.1981046528979208, max_depth=9, min_child_samples=86, n_estimators=10000, num_leaves=118, reg_alpha=0.13752094414599325, reg_lambda=1.5231990531507755, scale_pos_weight=<scipy.stats._distn_infrastructure.rv_continuous_frozen object at 0x7f11d9658590>, subsample=0.6836286482950855, subsample_freq=1; total time=   0.0s
[CV] END colsample_bytree=0.6384706204365683, learning_rate=0.1981046528979208, max_depth=9, min_child_samples=86, n_estimators=10000, num_leaves=118, reg_alpha=0.13752094414599325, reg_lambda=1.5231990531507755, scale_pos_weight=<scipy.stats._distn_infrastructure.rv_continuous_frozen object at 0x7f11d9658590>, subsample=0.6836286482950855, subsample_freq=1; total time=   0.0s
[CV] END colsample_bytree=0.6384706204365683, learning_rate=0.1981046528979208, max_depth=9, min_child_samples=86, n_estimators=10000, num_leaves=118, reg_alpha=0.13752094414599325, reg_lambda=1.5231990531507755, scale_pos_weight=<scipy.stats._distn_infrastructure.rv_continuous_frozen object at 0x7f11d9658590>, subsample=0.6836286482950855, subsample_freq=1; total time=   0.0s
[CV] END colsample_bytree=0.6384706204365683, learning_rate=0.1981046528979208, max_depth=9, min_child_samples=86, n_estimators=10000, num_leaves=118, reg_alpha=0.13752094414599325, reg_lambda=1.5231990531507755, scale_pos_weight=<scipy.stats._distn_infrastructure.rv_continuous_frozen object at 0x7f11d9658590>, subsample=0.6836286482950855, subsample_freq=1; total time=   0.0s
[CV] END colsample_bytree=0.8165791895310264, learning_rate=0.14915687986901646, max_depth=9, min_child_samples=20, n_estimators=10000, num_leaves=104, reg_alpha=0.9821683433294356, reg_lambda=2.049907673813043, scale_pos_weight=<scipy.stats._distn_infrastructure.rv_continuous_frozen object at 0x7f11d9658590>, subsample=0.6967409163601807, subsample_freq=1; total time=   0.0s
[CV] END colsample_bytree=0.8165791895310264, learning_rate=0.14915687986901646, max_depth=9, min_child_samples=20, n_estimators=10000, num_leaves=104, reg_alpha=0.9821683433294356, reg_lambda=2.049907673813043, scale_pos_weight=<scipy.stats._distn_infrastructure.rv_continuous_frozen object at 0x7f11d9658590>, subsample=0.6967409163601807, subsample_freq=1; total time=   0.0s
[CV] END colsample_bytree=0.8165791895310264, learning_rate=0.14915687986901646, max_depth=9, min_child_samples=20, n_estimators=10000, num_leaves=104, reg_alpha=0.9821683433294356, reg_lambda=2.049907673813043, scale_pos_weight=<scipy.stats._distn_infrastructure.rv_continuous_frozen object at 0x7f11d9658590>, subsample=0.6967409163601807, subsample_freq=1; total time=   0.0s
[CV] END colsample_bytree=0.8165791895310264, learning_rate=0.14915687986901646, max_depth=9, min_child_samples=20, n_estimators=10000, num_leaves=104, reg_alpha=0.9821683433294356, reg_lambda=2.049907673813043, scale_pos_weight=<scipy.stats._distn_infrastructure.rv_continuous_frozen object at 0x7f11d9658590>, subsample=0.6967409163601807, subsample_freq=1; total time=   0.0s
[CV] END colsample_bytree=0.8165791895310264, learning_rate=0.14915687986901646, max_depth=9, min_child_samples=20, n_estimators=10000, num_leaves=104, reg_alpha=0.9821683433294356, reg_lambda=2.049907673813043, scale_pos_weight=<scipy.stats._distn_infrastructure.rv_continuous_frozen object at 0x7f11d9658590>, subsample=0.6967409163601807, subsample_freq=1; total time=   0.0s
[CV] END colsample_bytree=0.6372411071223597, learning_rate=0.18944315159066538, max_depth=7, min_child_samples=36, n_estimators=10000, num_leaves=23, reg_alpha=0.2788713525921819, reg_lambda=2.601073489918314, scale_pos_weight=3.0431888859825036, subsample=0.9588441039810308, subsample_freq=1; total time=   1.6s
[CV] END colsample_bytree=0.6372411071223597, learning_rate=0.18944315159066538, max_depth=7, min_child_samples=36, n_estimators=10000, num_leaves=23, reg_alpha=0.2788713525921819, reg_lambda=2.601073489918314, scale_pos_weight=3.0431888859825036, subsample=0.9588441039810308, subsample_freq=1; total time=   1.6s
[CV] END colsample_bytree=0.6372411071223597, learning_rate=0.18944315159066538, max_depth=7, min_child_samples=36, n_estimators=10000, num_leaves=23, reg_alpha=0.2788713525921819, reg_lambda=2.601073489918314, scale_pos_weight=3.0431888859825036, subsample=0.9588441039810308, subsample_freq=1; total time=   1.6s
[CV] END colsample_bytree=0.6372411071223597, learning_rate=0.18944315159066538, max_depth=7, min_child_samples=36, n_estimators=10000, num_leaves=23, reg_alpha=0.2788713525921819, reg_lambda=2.601073489918314, scale_pos_weight=3.0431888859825036, subsample=0.9588441039810308, subsample_freq=1; total time=   1.6s
[CV] END colsample_bytree=0.6372411071223597, learning_rate=0.18944315159066538, max_depth=7, min_child_samples=36, n_estimators=10000, num_leaves=23, reg_alpha=0.2788713525921819, reg_lambda=2.601073489918314, scale_pos_weight=3.0431888859825036, subsample=0.9588441039810308, subsample_freq=1; total time=   1.6s
[CV] END colsample_bytree=0.954834569706047, learning_rate=0.1659751091715248, max_depth=6, min_child_samples=79, n_estimators=10000, num_leaves=127, reg_alpha=0.16162871409461377, reg_lambda=3.195662565581238, scale_pos_weight=3.0431888859825036, subsample=0.8322746485745819, subsample_freq=1; total time=   2.6s
[CV] END colsample_bytree=0.954834569706047, learning_rate=0.1659751091715248, max_depth=6, min_child_samples=79, n_estimators=10000, num_leaves=127, reg_alpha=0.16162871409461377, reg_lambda=3.195662565581238, scale_pos_weight=3.0431888859825036, subsample=0.8322746485745819, subsample_freq=1; total time=   2.6s
[CV] END colsample_bytree=0.954834569706047, learning_rate=0.1659751091715248, max_depth=6, min_child_samples=79, n_estimators=10000, num_leaves=127, reg_alpha=0.16162871409461377, reg_lambda=3.195662565581238, scale_pos_weight=3.0431888859825036, subsample=0.8322746485745819, subsample_freq=1; total time=   2.6s
[CV] END colsample_bytree=0.954834569706047, learning_rate=0.1659751091715248, max_depth=6, min_child_samples=79, n_estimators=10000, num_leaves=127, reg_alpha=0.16162871409461377, reg_lambda=3.195662565581238, scale_pos_weight=3.0431888859825036, subsample=0.8322746485745819, subsample_freq=1; total time=   2.6s
[CV] END colsample_bytree=0.954834569706047, learning_rate=0.1659751091715248, max_depth=6, min_child_samples=79, n_estimators=10000, num_leaves=127, reg_alpha=0.16162871409461377, reg_lambda=3.195662565581238, scale_pos_weight=3.0431888859825036, subsample=0.8322746485745819, subsample_freq=1; total time=   2.7s
[CV] END colsample_bytree=0.7489131066246972, learning_rate=0.1980266884915557, max_depth=3, min_child_samples=97, n_estimators=10000, num_leaves=160, reg_alpha=0.16080805141749865, reg_lambda=2.1462013680997583, scale_pos_weight=3.0431888859825036, subsample=0.7793696571944989, subsample_freq=1; total time=   2.1s
[CV] END colsample_bytree=0.7489131066246972, learning_rate=0.1980266884915557, max_depth=3, min_child_samples=97, n_estimators=10000, num_leaves=160, reg_alpha=0.16080805141749865, reg_lambda=2.1462013680997583, scale_pos_weight=3.0431888859825036, subsample=0.7793696571944989, subsample_freq=1; total time=   2.2s
[CV] END colsample_bytree=0.7489131066246972, learning_rate=0.1980266884915557, max_depth=3, min_child_samples=97, n_estimators=10000, num_leaves=160, reg_alpha=0.16080805141749865, reg_lambda=2.1462013680997583, scale_pos_weight=3.0431888859825036, subsample=0.7793696571944989, subsample_freq=1; total time=   2.1s
[CV] END colsample_bytree=0.7489131066246972, learning_rate=0.1980266884915557, max_depth=3, min_child_samples=97, n_estimators=10000, num_leaves=160, reg_alpha=0.16080805141749865, reg_lambda=2.1462013680997583, scale_pos_weight=3.0431888859825036, subsample=0.7793696571944989, subsample_freq=1; total time=   2.1s
[CV] END colsample_bytree=0.7489131066246972, learning_rate=0.1980266884915557, max_depth=3, min_child_samples=97, n_estimators=10000, num_leaves=160, reg_alpha=0.16080805141749865, reg_lambda=2.1462013680997583, scale_pos_weight=3.0431888859825036, subsample=0.7793696571944989, subsample_freq=1; total time=   2.1s
[CV] END colsample_bytree=0.9977829850443283, learning_rate=0.045185050535469076, max_depth=6, min_child_samples=37, n_estimators=10000, num_leaves=156, reg_alpha=0.3253996981592677, reg_lambda=2.7394742153540723, scale_pos_weight=3.0431888859825036, subsample=0.8976682092226249, subsample_freq=1; total time=   3.9s
[CV] END colsample_bytree=0.9977829850443283, learning_rate=0.045185050535469076, max_depth=6, min_child_samples=37, n_estimators=10000, num_leaves=156, reg_alpha=0.3253996981592677, reg_lambda=2.7394742153540723, scale_pos_weight=3.0431888859825036, subsample=0.8976682092226249, subsample_freq=1; total time=   3.8s
[CV] END colsample_bytree=0.9977829850443283, learning_rate=0.045185050535469076, max_depth=6, min_child_samples=37, n_estimators=10000, num_leaves=156, reg_alpha=0.3253996981592677, reg_lambda=2.7394742153540723, scale_pos_weight=3.0431888859825036, subsample=0.8976682092226249, subsample_freq=1; total time=   4.0s
[CV] END colsample_bytree=0.9977829850443283, learning_rate=0.045185050535469076, max_depth=6, min_child_samples=37, n_estimators=10000, num_leaves=156, reg_alpha=0.3253996981592677, reg_lambda=2.7394742153540723, scale_pos_weight=3.0431888859825036, subsample=0.8976682092226249, subsample_freq=1; total time=   3.6s
[CV] END colsample_bytree=0.9977829850443283, learning_rate=0.045185050535469076, max_depth=6, min_child_samples=37, n_estimators=10000, num_leaves=156, reg_alpha=0.3253996981592677, reg_lambda=2.7394742153540723, scale_pos_weight=3.0431888859825036, subsample=0.8976682092226249, subsample_freq=1; total time=   3.7s
[CV] END colsample_bytree=0.8883759697008518, learning_rate=0.07161215837047784, max_depth=6, min_child_samples=63, n_estimators=10000, num_leaves=129, reg_alpha=0.6363326181858954, reg_lambda=1.2513854558167523, scale_pos_weight=3.0431888859825036, subsample=0.9892042219009782, subsample_freq=1; total time=   1.7s
[CV] END colsample_bytree=0.8883759697008518, learning_rate=0.07161215837047784, max_depth=6, min_child_samples=63, n_estimators=10000, num_leaves=129, reg_alpha=0.6363326181858954, reg_lambda=1.2513854558167523, scale_pos_weight=3.0431888859825036, subsample=0.9892042219009782, subsample_freq=1; total time=   1.7s
[CV] END colsample_bytree=0.8883759697008518, learning_rate=0.07161215837047784, max_depth=6, min_child_samples=63, n_estimators=10000, num_leaves=129, reg_alpha=0.6363326181858954, reg_lambda=1.2513854558167523, scale_pos_weight=3.0431888859825036, subsample=0.9892042219009782, subsample_freq=1; total time=   1.7s
[CV] END colsample_bytree=0.8883759697008518, learning_rate=0.07161215837047784, max_depth=6, min_child_samples=63, n_estimators=10000, num_leaves=129, reg_alpha=0.6363326181858954, reg_lambda=1.2513854558167523, scale_pos_weight=3.0431888859825036, subsample=0.9892042219009782, subsample_freq=1; total time=   1.7s
[CV] END colsample_bytree=0.8883759697008518, learning_rate=0.07161215837047784, max_depth=6, min_child_samples=63, n_estimators=10000, num_leaves=129, reg_alpha=0.6363326181858954, reg_lambda=1.2513854558167523, scale_pos_weight=3.0431888859825036, subsample=0.9892042219009782, subsample_freq=1; total time=   1.7s
[CV] END colsample_bytree=0.7572390898667042, learning_rate=0.1884093110354227, max_depth=5, min_child_samples=31, n_estimators=10000, num_leaves=240, reg_alpha=0.3500784076946757, reg_lambda=2.4353100860916945, scale_pos_weight=<scipy.stats._distn_infrastructure.rv_continuous_frozen object at 0x7f11d9658590>, subsample=0.7970070775275455, subsample_freq=1; total time=   0.0s
[CV] END colsample_bytree=0.7572390898667042, learning_rate=0.1884093110354227, max_depth=5, min_child_samples=31, n_estimators=10000, num_leaves=240, reg_alpha=0.3500784076946757, reg_lambda=2.4353100860916945, scale_pos_weight=<scipy.stats._distn_infrastructure.rv_continuous_frozen object at 0x7f11d9658590>, subsample=0.7970070775275455, subsample_freq=1; total time=   0.0s
[CV] END colsample_bytree=0.7572390898667042, learning_rate=0.1884093110354227, max_depth=5, min_child_samples=31, n_estimators=10000, num_leaves=240, reg_alpha=0.3500784076946757, reg_lambda=2.4353100860916945, scale_pos_weight=<scipy.stats._distn_infrastructure.rv_continuous_frozen object at 0x7f11d9658590>, subsample=0.7970070775275455, subsample_freq=1; total time=   0.0s
[CV] END colsample_bytree=0.7572390898667042, learning_rate=0.1884093110354227, max_depth=5, min_child_samples=31, n_estimators=10000, num_leaves=240, reg_alpha=0.3500784076946757, reg_lambda=2.4353100860916945, scale_pos_weight=<scipy.stats._distn_infrastructure.rv_continuous_frozen object at 0x7f11d9658590>, subsample=0.7970070775275455, subsample_freq=1; total time=   0.0s
[CV] END colsample_bytree=0.7572390898667042, learning_rate=0.1884093110354227, max_depth=5, min_child_samples=31, n_estimators=10000, num_leaves=240, reg_alpha=0.3500784076946757, reg_lambda=2.4353100860916945, scale_pos_weight=<scipy.stats._distn_infrastructure.rv_continuous_frozen object at 0x7f11d9658590>, subsample=0.7970070775275455, subsample_freq=1; total time=   0.0s
[CV] END colsample_bytree=0.6780971951192178, learning_rate=0.15449042305230107, max_depth=5, min_child_samples=8, n_estimators=10000, num_leaves=49, reg_alpha=0.768554014306309, reg_lambda=0.6308113152633013, scale_pos_weight=3.0431888859825036, subsample=0.9761834337411657, subsample_freq=1; total time=   1.1s
[CV] END colsample_bytree=0.6780971951192178, learning_rate=0.15449042305230107, max_depth=5, min_child_samples=8, n_estimators=10000, num_leaves=49, reg_alpha=0.768554014306309, reg_lambda=0.6308113152633013, scale_pos_weight=3.0431888859825036, subsample=0.9761834337411657, subsample_freq=1; total time=   1.1s
[CV] END colsample_bytree=0.6780971951192178, learning_rate=0.15449042305230107, max_depth=5, min_child_samples=8, n_estimators=10000, num_leaves=49, reg_alpha=0.768554014306309, reg_lambda=0.6308113152633013, scale_pos_weight=3.0431888859825036, subsample=0.9761834337411657, subsample_freq=1; total time=   1.1s
[CV] END colsample_bytree=0.6780971951192178, learning_rate=0.15449042305230107, max_depth=5, min_child_samples=8, n_estimators=10000, num_leaves=49, reg_alpha=0.768554014306309, reg_lambda=0.6308113152633013, scale_pos_weight=3.0431888859825036, subsample=0.9761834337411657, subsample_freq=1; total time=   1.1s
[CV] END colsample_bytree=0.6780971951192178, learning_rate=0.15449042305230107, max_depth=5, min_child_samples=8, n_estimators=10000, num_leaves=49, reg_alpha=0.768554014306309, reg_lambda=0.6308113152633013, scale_pos_weight=3.0431888859825036, subsample=0.9761834337411657, subsample_freq=1; total time=   1.1s
[CV] END colsample_bytree=0.9815714308010349, learning_rate=0.19297287804408972, max_depth=5, min_child_samples=41, n_estimators=10000, num_leaves=38, reg_alpha=0.3307503046705137, reg_lambda=2.15829490050647, scale_pos_weight=<scipy.stats._distn_infrastructure.rv_continuous_frozen object at 0x7f11d9658590>, subsample=0.9854479908357011, subsample_freq=1; total time=   0.0s
[CV] END colsample_bytree=0.9815714308010349, learning_rate=0.19297287804408972, max_depth=5, min_child_samples=41, n_estimators=10000, num_leaves=38, reg_alpha=0.3307503046705137, reg_lambda=2.15829490050647, scale_pos_weight=<scipy.stats._distn_infrastructure.rv_continuous_frozen object at 0x7f11d9658590>, subsample=0.9854479908357011, subsample_freq=1; total time=   0.0s
[CV] END colsample_bytree=0.9815714308010349, learning_rate=0.19297287804408972, max_depth=5, min_child_samples=41, n_estimators=10000, num_leaves=38, reg_alpha=0.3307503046705137, reg_lambda=2.15829490050647, scale_pos_weight=<scipy.stats._distn_infrastructure.rv_continuous_frozen object at 0x7f11d9658590>, subsample=0.9854479908357011, subsample_freq=1; total time=   0.0s
[CV] END colsample_bytree=0.9815714308010349, learning_rate=0.19297287804408972, max_depth=5, min_child_samples=41, n_estimators=10000, num_leaves=38, reg_alpha=0.3307503046705137, reg_lambda=2.15829490050647, scale_pos_weight=<scipy.stats._distn_infrastructure.rv_continuous_frozen object at 0x7f11d9658590>, subsample=0.9854479908357011, subsample_freq=1; total time=   0.0s
[CV] END colsample_bytree=0.9815714308010349, learning_rate=0.19297287804408972, max_depth=5, min_child_samples=41, n_estimators=10000, num_leaves=38, reg_alpha=0.3307503046705137, reg_lambda=2.15829490050647, scale_pos_weight=<scipy.stats._distn_infrastructure.rv_continuous_frozen object at 0x7f11d9658590>, subsample=0.9854479908357011, subsample_freq=1; total time=   0.0s
[CV] END colsample_bytree=0.941203782186944, learning_rate=0.06888977841391714, max_depth=7, min_child_samples=36, n_estimators=10000, num_leaves=229, reg_alpha=0.2684748568901568, reg_lambda=1.9558396228289472, scale_pos_weight=3.0431888859825036, subsample=0.82272050498334, subsample_freq=1; total time=   3.1s
[CV] END colsample_bytree=0.941203782186944, learning_rate=0.06888977841391714, max_depth=7, min_child_samples=36, n_estimators=10000, num_leaves=229, reg_alpha=0.2684748568901568, reg_lambda=1.9558396228289472, scale_pos_weight=3.0431888859825036, subsample=0.82272050498334, subsample_freq=1; total time=   3.0s
[CV] END colsample_bytree=0.941203782186944, learning_rate=0.06888977841391714, max_depth=7, min_child_samples=36, n_estimators=10000, num_leaves=229, reg_alpha=0.2684748568901568, reg_lambda=1.9558396228289472, scale_pos_weight=3.0431888859825036, subsample=0.82272050498334, subsample_freq=1; total time=   3.1s
[CV] END colsample_bytree=0.941203782186944, learning_rate=0.06888977841391714, max_depth=7, min_child_samples=36, n_estimators=10000, num_leaves=229, reg_alpha=0.2684748568901568, reg_lambda=1.9558396228289472, scale_pos_weight=3.0431888859825036, subsample=0.82272050498334, subsample_freq=1; total time=   3.5s
[CV] END colsample_bytree=0.941203782186944, learning_rate=0.06888977841391714, max_depth=7, min_child_samples=36, n_estimators=10000, num_leaves=229, reg_alpha=0.2684748568901568, reg_lambda=1.9558396228289472, scale_pos_weight=3.0431888859825036, subsample=0.82272050498334, subsample_freq=1; total time=   3.2s
[CV] END colsample_bytree=0.9744619096643123, learning_rate=0.14920595933499461, max_depth=8, min_child_samples=28, n_estimators=10000, num_leaves=128, reg_alpha=0.6150072266991697, reg_lambda=3.47016155031279, scale_pos_weight=3.0431888859825036, subsample=0.7016654596278955, subsample_freq=1; total time=   2.2s
[CV] END colsample_bytree=0.9744619096643123, learning_rate=0.14920595933499461, max_depth=8, min_child_samples=28, n_estimators=10000, num_leaves=128, reg_alpha=0.6150072266991697, reg_lambda=3.47016155031279, scale_pos_weight=3.0431888859825036, subsample=0.7016654596278955, subsample_freq=1; total time=   2.2s
[CV] END colsample_bytree=0.9744619096643123, learning_rate=0.14920595933499461, max_depth=8, min_child_samples=28, n_estimators=10000, num_leaves=128, reg_alpha=0.6150072266991697, reg_lambda=3.47016155031279, scale_pos_weight=3.0431888859825036, subsample=0.7016654596278955, subsample_freq=1; total time=   2.2s
[CV] END colsample_bytree=0.9744619096643123, learning_rate=0.14920595933499461, max_depth=8, min_child_samples=28, n_estimators=10000, num_leaves=128, reg_alpha=0.6150072266991697, reg_lambda=3.47016155031279, scale_pos_weight=3.0431888859825036, subsample=0.7016654596278955, subsample_freq=1; total time=   2.2s
[CV] END colsample_bytree=0.9744619096643123, learning_rate=0.14920595933499461, max_depth=8, min_child_samples=28, n_estimators=10000, num_leaves=128, reg_alpha=0.6150072266991697, reg_lambda=3.47016155031279, scale_pos_weight=3.0431888859825036, subsample=0.7016654596278955, subsample_freq=1; total time=   2.2s
[CV] END colsample_bytree=0.7181162353675755, learning_rate=0.0745101528477201, max_depth=3, min_child_samples=13, n_estimators=10000, num_leaves=57, reg_alpha=0.7089109969101186, reg_lambda=2.158459930723723, scale_pos_weight=3.0431888859825036, subsample=0.9237444621914055, subsample_freq=1; total time=   2.1s
[CV] END colsample_bytree=0.7181162353675755, learning_rate=0.0745101528477201, max_depth=3, min_child_samples=13, n_estimators=10000, num_leaves=57, reg_alpha=0.7089109969101186, reg_lambda=2.158459930723723, scale_pos_weight=3.0431888859825036, subsample=0.9237444621914055, subsample_freq=1; total time=   2.1s
[CV] END colsample_bytree=0.7181162353675755, learning_rate=0.0745101528477201, max_depth=3, min_child_samples=13, n_estimators=10000, num_leaves=57, reg_alpha=0.7089109969101186, reg_lambda=2.158459930723723, scale_pos_weight=3.0431888859825036, subsample=0.9237444621914055, subsample_freq=1; total time=   2.1s
[CV] END colsample_bytree=0.7181162353675755, learning_rate=0.0745101528477201, max_depth=3, min_child_samples=13, n_estimators=10000, num_leaves=57, reg_alpha=0.7089109969101186, reg_lambda=2.158459930723723, scale_pos_weight=3.0431888859825036, subsample=0.9237444621914055, subsample_freq=1; total time=   2.2s
[CV] END colsample_bytree=0.7181162353675755, learning_rate=0.0745101528477201, max_depth=3, min_child_samples=13, n_estimators=10000, num_leaves=57, reg_alpha=0.7089109969101186, reg_lambda=2.158459930723723, scale_pos_weight=3.0431888859825036, subsample=0.9237444621914055, subsample_freq=1; total time=   2.2s
[CV] END colsample_bytree=0.9240453578716723, learning_rate=0.18341446371602077, max_depth=7, min_child_samples=64, n_estimators=10000, num_leaves=149, reg_alpha=0.5015162946871996, reg_lambda=2.8948855369003255, scale_pos_weight=<scipy.stats._distn_infrastructure.rv_continuous_frozen object at 0x7f11d9658590>, subsample=0.628376366799971, subsample_freq=1; total time=   0.0s
[CV] END colsample_bytree=0.9240453578716723, learning_rate=0.18341446371602077, max_depth=7, min_child_samples=64, n_estimators=10000, num_leaves=149, reg_alpha=0.5015162946871996, reg_lambda=2.8948855369003255, scale_pos_weight=<scipy.stats._distn_infrastructure.rv_continuous_frozen object at 0x7f11d9658590>, subsample=0.628376366799971, subsample_freq=1; total time=   0.0s
[CV] END colsample_bytree=0.9240453578716723, learning_rate=0.18341446371602077, max_depth=7, min_child_samples=64, n_estimators=10000, num_leaves=149, reg_alpha=0.5015162946871996, reg_lambda=2.8948855369003255, scale_pos_weight=<scipy.stats._distn_infrastructure.rv_continuous_frozen object at 0x7f11d9658590>, subsample=0.628376366799971, subsample_freq=1; total time=   0.0s
[CV] END colsample_bytree=0.9240453578716723, learning_rate=0.18341446371602077, max_depth=7, min_child_samples=64, n_estimators=10000, num_leaves=149, reg_alpha=0.5015162946871996, reg_lambda=2.8948855369003255, scale_pos_weight=<scipy.stats._distn_infrastructure.rv_continuous_frozen object at 0x7f11d9658590>, subsample=0.628376366799971, subsample_freq=1; total time=   0.0s
[CV] END colsample_bytree=0.9240453578716723, learning_rate=0.18341446371602077, max_depth=7, min_child_samples=64, n_estimators=10000, num_leaves=149, reg_alpha=0.5015162946871996, reg_lambda=2.8948855369003255, scale_pos_weight=<scipy.stats._distn_infrastructure.rv_continuous_frozen object at 0x7f11d9658590>, subsample=0.628376366799971, subsample_freq=1; total time=   0.0s
[CV] END colsample_bytree=0.7587135308855554, learning_rate=0.020153706207879388, max_depth=5, min_child_samples=91, n_estimators=10000, num_leaves=157, reg_alpha=0.375582952639944, reg_lambda=0.781945819522607, scale_pos_weight=<scipy.stats._distn_infrastructure.rv_continuous_frozen object at 0x7f11d9658590>, subsample=0.8688104541180797, subsample_freq=1; total time=   0.0s
[CV] END colsample_bytree=0.7587135308855554, learning_rate=0.020153706207879388, max_depth=5, min_child_samples=91, n_estimators=10000, num_leaves=157, reg_alpha=0.375582952639944, reg_lambda=0.781945819522607, scale_pos_weight=<scipy.stats._distn_infrastructure.rv_continuous_frozen object at 0x7f11d9658590>, subsample=0.8688104541180797, subsample_freq=1; total time=   0.0s
[CV] END colsample_bytree=0.7587135308855554, learning_rate=0.020153706207879388, max_depth=5, min_child_samples=91, n_estimators=10000, num_leaves=157, reg_alpha=0.375582952639944, reg_lambda=0.781945819522607, scale_pos_weight=<scipy.stats._distn_infrastructure.rv_continuous_frozen object at 0x7f11d9658590>, subsample=0.8688104541180797, subsample_freq=1; total time=   0.0s
[CV] END colsample_bytree=0.7587135308855554, learning_rate=0.020153706207879388, max_depth=5, min_child_samples=91, n_estimators=10000, num_leaves=157, reg_alpha=0.375582952639944, reg_lambda=0.781945819522607, scale_pos_weight=<scipy.stats._distn_infrastructure.rv_continuous_frozen object at 0x7f11d9658590>, subsample=0.8688104541180797, subsample_freq=1; total time=   0.0s
[CV] END colsample_bytree=0.7587135308855554, learning_rate=0.020153706207879388, max_depth=5, min_child_samples=91, n_estimators=10000, num_leaves=157, reg_alpha=0.375582952639944, reg_lambda=0.781945819522607, scale_pos_weight=<scipy.stats._distn_infrastructure.rv_continuous_frozen object at 0x7f11d9658590>, subsample=0.8688104541180797, subsample_freq=1; total time=   0.0s
[CV] END colsample_bytree=0.7312610669898928, learning_rate=0.04100832334554884, max_depth=8, min_child_samples=26, n_estimators=10000, num_leaves=72, reg_alpha=0.8604046183116753, reg_lambda=1.2507540815475922, scale_pos_weight=3.0431888859825036, subsample=0.9290402242638633, subsample_freq=1; total time=   2.8s
[CV] END colsample_bytree=0.7312610669898928, learning_rate=0.04100832334554884, max_depth=8, min_child_samples=26, n_estimators=10000, num_leaves=72, reg_alpha=0.8604046183116753, reg_lambda=1.2507540815475922, scale_pos_weight=3.0431888859825036, subsample=0.9290402242638633, subsample_freq=1; total time=   2.8s
[CV] END colsample_bytree=0.7312610669898928, learning_rate=0.04100832334554884, max_depth=8, min_child_samples=26, n_estimators=10000, num_leaves=72, reg_alpha=0.8604046183116753, reg_lambda=1.2507540815475922, scale_pos_weight=3.0431888859825036, subsample=0.9290402242638633, subsample_freq=1; total time=   2.8s
[CV] END colsample_bytree=0.7312610669898928, learning_rate=0.04100832334554884, max_depth=8, min_child_samples=26, n_estimators=10000, num_leaves=72, reg_alpha=0.8604046183116753, reg_lambda=1.2507540815475922, scale_pos_weight=3.0431888859825036, subsample=0.9290402242638633, subsample_freq=1; total time=   2.8s
[CV] END colsample_bytree=0.7312610669898928, learning_rate=0.04100832334554884, max_depth=8, min_child_samples=26, n_estimators=10000, num_leaves=72, reg_alpha=0.8604046183116753, reg_lambda=1.2507540815475922, scale_pos_weight=3.0431888859825036, subsample=0.9290402242638633, subsample_freq=1; total time=   2.9s
----------
iter: 1
n_candidates: 14
n_resources: 15456
Fitting 5 folds for each of 14 candidates, totalling 70 fits
[CV] END colsample_bytree=0.954834569706047, learning_rate=0.1659751091715248, max_depth=6, min_child_samples=79, n_estimators=10000, num_leaves=127, reg_alpha=0.16162871409461377, reg_lambda=3.195662565581238, scale_pos_weight=3.0431888859825036, subsample=0.8322746485745819, subsample_freq=1; total time=   6.1s
[CV] END colsample_bytree=0.954834569706047, learning_rate=0.1659751091715248, max_depth=6, min_child_samples=79, n_estimators=10000, num_leaves=127, reg_alpha=0.16162871409461377, reg_lambda=3.195662565581238, scale_pos_weight=3.0431888859825036, subsample=0.8322746485745819, subsample_freq=1; total time=   6.5s
[CV] END colsample_bytree=0.954834569706047, learning_rate=0.1659751091715248, max_depth=6, min_child_samples=79, n_estimators=10000, num_leaves=127, reg_alpha=0.16162871409461377, reg_lambda=3.195662565581238, scale_pos_weight=3.0431888859825036, subsample=0.8322746485745819, subsample_freq=1; total time=   6.2s
[CV] END colsample_bytree=0.954834569706047, learning_rate=0.1659751091715248, max_depth=6, min_child_samples=79, n_estimators=10000, num_leaves=127, reg_alpha=0.16162871409461377, reg_lambda=3.195662565581238, scale_pos_weight=3.0431888859825036, subsample=0.8322746485745819, subsample_freq=1; total time=   6.1s
[CV] END colsample_bytree=0.954834569706047, learning_rate=0.1659751091715248, max_depth=6, min_child_samples=79, n_estimators=10000, num_leaves=127, reg_alpha=0.16162871409461377, reg_lambda=3.195662565581238, scale_pos_weight=3.0431888859825036, subsample=0.8322746485745819, subsample_freq=1; total time=   6.2s
[CV] END colsample_bytree=0.6185801650879991, learning_rate=0.1315089703802877, max_depth=7, min_child_samples=77, n_estimators=10000, num_leaves=181, reg_alpha=0.013264961159866528, reg_lambda=3.3266052670545583, scale_pos_weight=3.0431888859825036, subsample=0.9233589392465844, subsample_freq=1; total time=   9.5s
[CV] END colsample_bytree=0.6185801650879991, learning_rate=0.1315089703802877, max_depth=7, min_child_samples=77, n_estimators=10000, num_leaves=181, reg_alpha=0.013264961159866528, reg_lambda=3.3266052670545583, scale_pos_weight=3.0431888859825036, subsample=0.9233589392465844, subsample_freq=1; total time=   9.2s
[CV] END colsample_bytree=0.6185801650879991, learning_rate=0.1315089703802877, max_depth=7, min_child_samples=77, n_estimators=10000, num_leaves=181, reg_alpha=0.013264961159866528, reg_lambda=3.3266052670545583, scale_pos_weight=3.0431888859825036, subsample=0.9233589392465844, subsample_freq=1; total time=   9.1s
[CV] END colsample_bytree=0.6185801650879991, learning_rate=0.1315089703802877, max_depth=7, min_child_samples=77, n_estimators=10000, num_leaves=181, reg_alpha=0.013264961159866528, reg_lambda=3.3266052670545583, scale_pos_weight=3.0431888859825036, subsample=0.9233589392465844, subsample_freq=1; total time=   9.6s
[CV] END colsample_bytree=0.6185801650879991, learning_rate=0.1315089703802877, max_depth=7, min_child_samples=77, n_estimators=10000, num_leaves=181, reg_alpha=0.013264961159866528, reg_lambda=3.3266052670545583, scale_pos_weight=3.0431888859825036, subsample=0.9233589392465844, subsample_freq=1; total time=   9.6s
[CV] END colsample_bytree=0.7218455076693483, learning_rate=0.02953442280127678, max_depth=6, min_child_samples=96, n_estimators=10000, num_leaves=125, reg_alpha=0.6832635188254582, reg_lambda=2.3299899733478626, scale_pos_weight=3.0431888859825036, subsample=0.6137554084460873, subsample_freq=1; total time=   7.7s
[CV] END colsample_bytree=0.7218455076693483, learning_rate=0.02953442280127678, max_depth=6, min_child_samples=96, n_estimators=10000, num_leaves=125, reg_alpha=0.6832635188254582, reg_lambda=2.3299899733478626, scale_pos_weight=3.0431888859825036, subsample=0.6137554084460873, subsample_freq=1; total time=   7.2s
[CV] END colsample_bytree=0.7218455076693483, learning_rate=0.02953442280127678, max_depth=6, min_child_samples=96, n_estimators=10000, num_leaves=125, reg_alpha=0.6832635188254582, reg_lambda=2.3299899733478626, scale_pos_weight=3.0431888859825036, subsample=0.6137554084460873, subsample_freq=1; total time=   7.0s
[CV] END colsample_bytree=0.7218455076693483, learning_rate=0.02953442280127678, max_depth=6, min_child_samples=96, n_estimators=10000, num_leaves=125, reg_alpha=0.6832635188254582, reg_lambda=2.3299899733478626, scale_pos_weight=3.0431888859825036, subsample=0.6137554084460873, subsample_freq=1; total time=   7.7s
[CV] END colsample_bytree=0.7218455076693483, learning_rate=0.02953442280127678, max_depth=6, min_child_samples=96, n_estimators=10000, num_leaves=125, reg_alpha=0.6832635188254582, reg_lambda=2.3299899733478626, scale_pos_weight=3.0431888859825036, subsample=0.6137554084460873, subsample_freq=1; total time=   7.1s
[CV] END colsample_bytree=0.7168578594140873, learning_rate=0.08327236865873834, max_depth=8, min_child_samples=66, n_estimators=10000, num_leaves=189, reg_alpha=0.6183860093330873, reg_lambda=1.6473859738014882, scale_pos_weight=3.0431888859825036, subsample=0.836965827544817, subsample_freq=1; total time=   6.1s
[CV] END colsample_bytree=0.7168578594140873, learning_rate=0.08327236865873834, max_depth=8, min_child_samples=66, n_estimators=10000, num_leaves=189, reg_alpha=0.6183860093330873, reg_lambda=1.6473859738014882, scale_pos_weight=3.0431888859825036, subsample=0.836965827544817, subsample_freq=1; total time=   6.1s
[CV] END colsample_bytree=0.7168578594140873, learning_rate=0.08327236865873834, max_depth=8, min_child_samples=66, n_estimators=10000, num_leaves=189, reg_alpha=0.6183860093330873, reg_lambda=1.6473859738014882, scale_pos_weight=3.0431888859825036, subsample=0.836965827544817, subsample_freq=1; total time=   6.6s
[CV] END colsample_bytree=0.7168578594140873, learning_rate=0.08327236865873834, max_depth=8, min_child_samples=66, n_estimators=10000, num_leaves=189, reg_alpha=0.6183860093330873, reg_lambda=1.6473859738014882, scale_pos_weight=3.0431888859825036, subsample=0.836965827544817, subsample_freq=1; total time=   6.1s
[CV] END colsample_bytree=0.7168578594140873, learning_rate=0.08327236865873834, max_depth=8, min_child_samples=66, n_estimators=10000, num_leaves=189, reg_alpha=0.6183860093330873, reg_lambda=1.6473859738014882, scale_pos_weight=3.0431888859825036, subsample=0.836965827544817, subsample_freq=1; total time=   6.1s
[CV] END colsample_bytree=0.7103996728090174, learning_rate=0.06925470114081649, max_depth=7, min_child_samples=69, n_estimators=10000, num_leaves=103, reg_alpha=0.9868869366005173, reg_lambda=2.8167343078899725, scale_pos_weight=3.0431888859825036, subsample=0.7173952698872152, subsample_freq=1; total time=   7.1s
[CV] END colsample_bytree=0.7103996728090174, learning_rate=0.06925470114081649, max_depth=7, min_child_samples=69, n_estimators=10000, num_leaves=103, reg_alpha=0.9868869366005173, reg_lambda=2.8167343078899725, scale_pos_weight=3.0431888859825036, subsample=0.7173952698872152, subsample_freq=1; total time=   6.6s
[CV] END colsample_bytree=0.7103996728090174, learning_rate=0.06925470114081649, max_depth=7, min_child_samples=69, n_estimators=10000, num_leaves=103, reg_alpha=0.9868869366005173, reg_lambda=2.8167343078899725, scale_pos_weight=3.0431888859825036, subsample=0.7173952698872152, subsample_freq=1; total time=   6.7s
[CV] END colsample_bytree=0.7103996728090174, learning_rate=0.06925470114081649, max_depth=7, min_child_samples=69, n_estimators=10000, num_leaves=103, reg_alpha=0.9868869366005173, reg_lambda=2.8167343078899725, scale_pos_weight=3.0431888859825036, subsample=0.7173952698872152, subsample_freq=1; total time=   6.6s
[CV] END colsample_bytree=0.7103996728090174, learning_rate=0.06925470114081649, max_depth=7, min_child_samples=69, n_estimators=10000, num_leaves=103, reg_alpha=0.9868869366005173, reg_lambda=2.8167343078899725, scale_pos_weight=3.0431888859825036, subsample=0.7173952698872152, subsample_freq=1; total time=   6.6s
[CV] END colsample_bytree=0.6780971951192178, learning_rate=0.15449042305230107, max_depth=5, min_child_samples=8, n_estimators=10000, num_leaves=49, reg_alpha=0.768554014306309, reg_lambda=0.6308113152633013, scale_pos_weight=3.0431888859825036, subsample=0.9761834337411657, subsample_freq=1; total time=   3.4s
[CV] END colsample_bytree=0.6780971951192178, learning_rate=0.15449042305230107, max_depth=5, min_child_samples=8, n_estimators=10000, num_leaves=49, reg_alpha=0.768554014306309, reg_lambda=0.6308113152633013, scale_pos_weight=3.0431888859825036, subsample=0.9761834337411657, subsample_freq=1; total time=   3.3s
[CV] END colsample_bytree=0.6780971951192178, learning_rate=0.15449042305230107, max_depth=5, min_child_samples=8, n_estimators=10000, num_leaves=49, reg_alpha=0.768554014306309, reg_lambda=0.6308113152633013, scale_pos_weight=3.0431888859825036, subsample=0.9761834337411657, subsample_freq=1; total time=   3.4s
[CV] END colsample_bytree=0.6780971951192178, learning_rate=0.15449042305230107, max_depth=5, min_child_samples=8, n_estimators=10000, num_leaves=49, reg_alpha=0.768554014306309, reg_lambda=0.6308113152633013, scale_pos_weight=3.0431888859825036, subsample=0.9761834337411657, subsample_freq=1; total time=   3.8s
[CV] END colsample_bytree=0.6780971951192178, learning_rate=0.15449042305230107, max_depth=5, min_child_samples=8, n_estimators=10000, num_leaves=49, reg_alpha=0.768554014306309, reg_lambda=0.6308113152633013, scale_pos_weight=3.0431888859825036, subsample=0.9761834337411657, subsample_freq=1; total time=   3.4s
[CV] END colsample_bytree=0.7975182385457563, learning_rate=0.11454656587639882, max_depth=9, min_child_samples=94, n_estimators=10000, num_leaves=56, reg_alpha=0.4393365018657701, reg_lambda=1.1051576070061886, scale_pos_weight=3.0431888859825036, subsample=0.8545641645055122, subsample_freq=1; total time=   5.2s
[CV] END colsample_bytree=0.7975182385457563, learning_rate=0.11454656587639882, max_depth=9, min_child_samples=94, n_estimators=10000, num_leaves=56, reg_alpha=0.4393365018657701, reg_lambda=1.1051576070061886, scale_pos_weight=3.0431888859825036, subsample=0.8545641645055122, subsample_freq=1; total time=   5.5s
[CV] END colsample_bytree=0.7975182385457563, learning_rate=0.11454656587639882, max_depth=9, min_child_samples=94, n_estimators=10000, num_leaves=56, reg_alpha=0.4393365018657701, reg_lambda=1.1051576070061886, scale_pos_weight=3.0431888859825036, subsample=0.8545641645055122, subsample_freq=1; total time=   5.2s
[CV] END colsample_bytree=0.7975182385457563, learning_rate=0.11454656587639882, max_depth=9, min_child_samples=94, n_estimators=10000, num_leaves=56, reg_alpha=0.4393365018657701, reg_lambda=1.1051576070061886, scale_pos_weight=3.0431888859825036, subsample=0.8545641645055122, subsample_freq=1; total time=   5.5s
[CV] END colsample_bytree=0.7975182385457563, learning_rate=0.11454656587639882, max_depth=9, min_child_samples=94, n_estimators=10000, num_leaves=56, reg_alpha=0.4393365018657701, reg_lambda=1.1051576070061886, scale_pos_weight=3.0431888859825036, subsample=0.8545641645055122, subsample_freq=1; total time=   5.1s
[CV] END colsample_bytree=0.9744619096643123, learning_rate=0.14920595933499461, max_depth=8, min_child_samples=28, n_estimators=10000, num_leaves=128, reg_alpha=0.6150072266991697, reg_lambda=3.47016155031279, scale_pos_weight=3.0431888859825036, subsample=0.7016654596278955, subsample_freq=1; total time=   5.9s
[CV] END colsample_bytree=0.9744619096643123, learning_rate=0.14920595933499461, max_depth=8, min_child_samples=28, n_estimators=10000, num_leaves=128, reg_alpha=0.6150072266991697, reg_lambda=3.47016155031279, scale_pos_weight=3.0431888859825036, subsample=0.7016654596278955, subsample_freq=1; total time=   5.3s
[CV] END colsample_bytree=0.9744619096643123, learning_rate=0.14920595933499461, max_depth=8, min_child_samples=28, n_estimators=10000, num_leaves=128, reg_alpha=0.6150072266991697, reg_lambda=3.47016155031279, scale_pos_weight=3.0431888859825036, subsample=0.7016654596278955, subsample_freq=1; total time=   5.9s
[CV] END colsample_bytree=0.9744619096643123, learning_rate=0.14920595933499461, max_depth=8, min_child_samples=28, n_estimators=10000, num_leaves=128, reg_alpha=0.6150072266991697, reg_lambda=3.47016155031279, scale_pos_weight=3.0431888859825036, subsample=0.7016654596278955, subsample_freq=1; total time=   5.9s
[CV] END colsample_bytree=0.9744619096643123, learning_rate=0.14920595933499461, max_depth=8, min_child_samples=28, n_estimators=10000, num_leaves=128, reg_alpha=0.6150072266991697, reg_lambda=3.47016155031279, scale_pos_weight=3.0431888859825036, subsample=0.7016654596278955, subsample_freq=1; total time=   5.9s
[CV] END colsample_bytree=0.6372411071223597, learning_rate=0.18944315159066538, max_depth=7, min_child_samples=36, n_estimators=10000, num_leaves=23, reg_alpha=0.2788713525921819, reg_lambda=2.601073489918314, scale_pos_weight=3.0431888859825036, subsample=0.9588441039810308, subsample_freq=1; total time=   4.3s
[CV] END colsample_bytree=0.6372411071223597, learning_rate=0.18944315159066538, max_depth=7, min_child_samples=36, n_estimators=10000, num_leaves=23, reg_alpha=0.2788713525921819, reg_lambda=2.601073489918314, scale_pos_weight=3.0431888859825036, subsample=0.9588441039810308, subsample_freq=1; total time=   4.3s
[CV] END colsample_bytree=0.6372411071223597, learning_rate=0.18944315159066538, max_depth=7, min_child_samples=36, n_estimators=10000, num_leaves=23, reg_alpha=0.2788713525921819, reg_lambda=2.601073489918314, scale_pos_weight=3.0431888859825036, subsample=0.9588441039810308, subsample_freq=1; total time=   4.3s
[CV] END colsample_bytree=0.6372411071223597, learning_rate=0.18944315159066538, max_depth=7, min_child_samples=36, n_estimators=10000, num_leaves=23, reg_alpha=0.2788713525921819, reg_lambda=2.601073489918314, scale_pos_weight=3.0431888859825036, subsample=0.9588441039810308, subsample_freq=1; total time=   4.0s
[CV] END colsample_bytree=0.6372411071223597, learning_rate=0.18944315159066538, max_depth=7, min_child_samples=36, n_estimators=10000, num_leaves=23, reg_alpha=0.2788713525921819, reg_lambda=2.601073489918314, scale_pos_weight=3.0431888859825036, subsample=0.9588441039810308, subsample_freq=1; total time=   4.3s
[CV] END colsample_bytree=0.6888431241882921, learning_rate=0.033973073466736566, max_depth=6, min_child_samples=28, n_estimators=10000, num_leaves=221, reg_alpha=0.16829104217293056, reg_lambda=1.1562926587192108, scale_pos_weight=3.0431888859825036, subsample=0.881207583558071, subsample_freq=1; total time=   8.6s
[CV] END colsample_bytree=0.6888431241882921, learning_rate=0.033973073466736566, max_depth=6, min_child_samples=28, n_estimators=10000, num_leaves=221, reg_alpha=0.16829104217293056, reg_lambda=1.1562926587192108, scale_pos_weight=3.0431888859825036, subsample=0.881207583558071, subsample_freq=1; total time=   8.5s
[CV] END colsample_bytree=0.6888431241882921, learning_rate=0.033973073466736566, max_depth=6, min_child_samples=28, n_estimators=10000, num_leaves=221, reg_alpha=0.16829104217293056, reg_lambda=1.1562926587192108, scale_pos_weight=3.0431888859825036, subsample=0.881207583558071, subsample_freq=1; total time=   8.6s
[CV] END colsample_bytree=0.6888431241882921, learning_rate=0.033973073466736566, max_depth=6, min_child_samples=28, n_estimators=10000, num_leaves=221, reg_alpha=0.16829104217293056, reg_lambda=1.1562926587192108, scale_pos_weight=3.0431888859825036, subsample=0.881207583558071, subsample_freq=1; total time=   8.6s
[CV] END colsample_bytree=0.6888431241882921, learning_rate=0.033973073466736566, max_depth=6, min_child_samples=28, n_estimators=10000, num_leaves=221, reg_alpha=0.16829104217293056, reg_lambda=1.1562926587192108, scale_pos_weight=3.0431888859825036, subsample=0.881207583558071, subsample_freq=1; total time=   8.6s
[CV] END colsample_bytree=0.941203782186944, learning_rate=0.06888977841391714, max_depth=7, min_child_samples=36, n_estimators=10000, num_leaves=229, reg_alpha=0.2684748568901568, reg_lambda=1.9558396228289472, scale_pos_weight=3.0431888859825036, subsample=0.82272050498334, subsample_freq=1; total time=   7.4s
[CV] END colsample_bytree=0.941203782186944, learning_rate=0.06888977841391714, max_depth=7, min_child_samples=36, n_estimators=10000, num_leaves=229, reg_alpha=0.2684748568901568, reg_lambda=1.9558396228289472, scale_pos_weight=3.0431888859825036, subsample=0.82272050498334, subsample_freq=1; total time=   7.4s
[CV] END colsample_bytree=0.941203782186944, learning_rate=0.06888977841391714, max_depth=7, min_child_samples=36, n_estimators=10000, num_leaves=229, reg_alpha=0.2684748568901568, reg_lambda=1.9558396228289472, scale_pos_weight=3.0431888859825036, subsample=0.82272050498334, subsample_freq=1; total time=   7.5s
[CV] END colsample_bytree=0.941203782186944, learning_rate=0.06888977841391714, max_depth=7, min_child_samples=36, n_estimators=10000, num_leaves=229, reg_alpha=0.2684748568901568, reg_lambda=1.9558396228289472, scale_pos_weight=3.0431888859825036, subsample=0.82272050498334, subsample_freq=1; total time=   7.4s
[CV] END colsample_bytree=0.941203782186944, learning_rate=0.06888977841391714, max_depth=7, min_child_samples=36, n_estimators=10000, num_leaves=229, reg_alpha=0.2684748568901568, reg_lambda=1.9558396228289472, scale_pos_weight=3.0431888859825036, subsample=0.82272050498334, subsample_freq=1; total time=   8.0s
[CV] END colsample_bytree=0.9977829850443283, learning_rate=0.045185050535469076, max_depth=6, min_child_samples=37, n_estimators=10000, num_leaves=156, reg_alpha=0.3253996981592677, reg_lambda=2.7394742153540723, scale_pos_weight=3.0431888859825036, subsample=0.8976682092226249, subsample_freq=1; total time=   8.5s
[CV] END colsample_bytree=0.9977829850443283, learning_rate=0.045185050535469076, max_depth=6, min_child_samples=37, n_estimators=10000, num_leaves=156, reg_alpha=0.3253996981592677, reg_lambda=2.7394742153540723, scale_pos_weight=3.0431888859825036, subsample=0.8976682092226249, subsample_freq=1; total time=   8.4s
[CV] END colsample_bytree=0.9977829850443283, learning_rate=0.045185050535469076, max_depth=6, min_child_samples=37, n_estimators=10000, num_leaves=156, reg_alpha=0.3253996981592677, reg_lambda=2.7394742153540723, scale_pos_weight=3.0431888859825036, subsample=0.8976682092226249, subsample_freq=1; total time=   8.6s
[CV] END colsample_bytree=0.9977829850443283, learning_rate=0.045185050535469076, max_depth=6, min_child_samples=37, n_estimators=10000, num_leaves=156, reg_alpha=0.3253996981592677, reg_lambda=2.7394742153540723, scale_pos_weight=3.0431888859825036, subsample=0.8976682092226249, subsample_freq=1; total time=   8.6s
[CV] END colsample_bytree=0.9977829850443283, learning_rate=0.045185050535469076, max_depth=6, min_child_samples=37, n_estimators=10000, num_leaves=156, reg_alpha=0.3253996981592677, reg_lambda=2.7394742153540723, scale_pos_weight=3.0431888859825036, subsample=0.8976682092226249, subsample_freq=1; total time=   8.6s
[CV] END colsample_bytree=0.7312610669898928, learning_rate=0.04100832334554884, max_depth=8, min_child_samples=26, n_estimators=10000, num_leaves=72, reg_alpha=0.8604046183116753, reg_lambda=1.2507540815475922, scale_pos_weight=3.0431888859825036, subsample=0.9290402242638633, subsample_freq=1; total time=   7.4s
[CV] END colsample_bytree=0.7312610669898928, learning_rate=0.04100832334554884, max_depth=8, min_child_samples=26, n_estimators=10000, num_leaves=72, reg_alpha=0.8604046183116753, reg_lambda=1.2507540815475922, scale_pos_weight=3.0431888859825036, subsample=0.9290402242638633, subsample_freq=1; total time=   7.3s
[CV] END colsample_bytree=0.7312610669898928, learning_rate=0.04100832334554884, max_depth=8, min_child_samples=26, n_estimators=10000, num_leaves=72, reg_alpha=0.8604046183116753, reg_lambda=1.2507540815475922, scale_pos_weight=3.0431888859825036, subsample=0.9290402242638633, subsample_freq=1; total time=   7.5s
[CV] END colsample_bytree=0.7312610669898928, learning_rate=0.04100832334554884, max_depth=8, min_child_samples=26, n_estimators=10000, num_leaves=72, reg_alpha=0.8604046183116753, reg_lambda=1.2507540815475922, scale_pos_weight=3.0431888859825036, subsample=0.9290402242638633, subsample_freq=1; total time=   7.4s
[CV] END colsample_bytree=0.7312610669898928, learning_rate=0.04100832334554884, max_depth=8, min_child_samples=26, n_estimators=10000, num_leaves=72, reg_alpha=0.8604046183116753, reg_lambda=1.2507540815475922, scale_pos_weight=3.0431888859825036, subsample=0.9290402242638633, subsample_freq=1; total time=   7.5s
[CV] END colsample_bytree=0.7257423924305306, learning_rate=0.11171413823294056, max_depth=8, min_child_samples=27, n_estimators=10000, num_leaves=245, reg_alpha=0.41038292303562973, reg_lambda=2.766653415629146, scale_pos_weight=3.0431888859825036, subsample=0.9771414282231924, subsample_freq=1; total time=   5.0s
[CV] END colsample_bytree=0.7257423924305306, learning_rate=0.11171413823294056, max_depth=8, min_child_samples=27, n_estimators=10000, num_leaves=245, reg_alpha=0.41038292303562973, reg_lambda=2.766653415629146, scale_pos_weight=3.0431888859825036, subsample=0.9771414282231924, subsample_freq=1; total time=   4.5s
[CV] END colsample_bytree=0.7257423924305306, learning_rate=0.11171413823294056, max_depth=8, min_child_samples=27, n_estimators=10000, num_leaves=245, reg_alpha=0.41038292303562973, reg_lambda=2.766653415629146, scale_pos_weight=3.0431888859825036, subsample=0.9771414282231924, subsample_freq=1; total time=   5.0s
[CV] END colsample_bytree=0.7257423924305306, learning_rate=0.11171413823294056, max_depth=8, min_child_samples=27, n_estimators=10000, num_leaves=245, reg_alpha=0.41038292303562973, reg_lambda=2.766653415629146, scale_pos_weight=3.0431888859825036, subsample=0.9771414282231924, subsample_freq=1; total time=   4.5s
[CV] END colsample_bytree=0.7257423924305306, learning_rate=0.11171413823294056, max_depth=8, min_child_samples=27, n_estimators=10000, num_leaves=245, reg_alpha=0.41038292303562973, reg_lambda=2.766653415629146, scale_pos_weight=3.0431888859825036, subsample=0.9771414282231924, subsample_freq=1; total time=   5.0s
----------
iter: 2
n_candidates: 5
n_resources: 46368
Fitting 5 folds for each of 5 candidates, totalling 25 fits
[CV] END colsample_bytree=0.9744619096643123, learning_rate=0.14920595933499461, max_depth=8, min_child_samples=28, n_estimators=10000, num_leaves=128, reg_alpha=0.6150072266991697, reg_lambda=3.47016155031279, scale_pos_weight=3.0431888859825036, subsample=0.7016654596278955, subsample_freq=1; total time=  14.6s
[CV] END colsample_bytree=0.9744619096643123, learning_rate=0.14920595933499461, max_depth=8, min_child_samples=28, n_estimators=10000, num_leaves=128, reg_alpha=0.6150072266991697, reg_lambda=3.47016155031279, scale_pos_weight=3.0431888859825036, subsample=0.7016654596278955, subsample_freq=1; total time=  14.9s
[CV] END colsample_bytree=0.9744619096643123, learning_rate=0.14920595933499461, max_depth=8, min_child_samples=28, n_estimators=10000, num_leaves=128, reg_alpha=0.6150072266991697, reg_lambda=3.47016155031279, scale_pos_weight=3.0431888859825036, subsample=0.7016654596278955, subsample_freq=1; total time=  14.8s
[CV] END colsample_bytree=0.9744619096643123, learning_rate=0.14920595933499461, max_depth=8, min_child_samples=28, n_estimators=10000, num_leaves=128, reg_alpha=0.6150072266991697, reg_lambda=3.47016155031279, scale_pos_weight=3.0431888859825036, subsample=0.7016654596278955, subsample_freq=1; total time=  14.6s
[CV] END colsample_bytree=0.9744619096643123, learning_rate=0.14920595933499461, max_depth=8, min_child_samples=28, n_estimators=10000, num_leaves=128, reg_alpha=0.6150072266991697, reg_lambda=3.47016155031279, scale_pos_weight=3.0431888859825036, subsample=0.7016654596278955, subsample_freq=1; total time=  14.4s
[CV] END colsample_bytree=0.9977829850443283, learning_rate=0.045185050535469076, max_depth=6, min_child_samples=37, n_estimators=10000, num_leaves=156, reg_alpha=0.3253996981592677, reg_lambda=2.7394742153540723, scale_pos_weight=3.0431888859825036, subsample=0.8976682092226249, subsample_freq=1; total time=  15.7s
[CV] END colsample_bytree=0.9977829850443283, learning_rate=0.045185050535469076, max_depth=6, min_child_samples=37, n_estimators=10000, num_leaves=156, reg_alpha=0.3253996981592677, reg_lambda=2.7394742153540723, scale_pos_weight=3.0431888859825036, subsample=0.8976682092226249, subsample_freq=1; total time=  15.2s
[CV] END colsample_bytree=0.9977829850443283, learning_rate=0.045185050535469076, max_depth=6, min_child_samples=37, n_estimators=10000, num_leaves=156, reg_alpha=0.3253996981592677, reg_lambda=2.7394742153540723, scale_pos_weight=3.0431888859825036, subsample=0.8976682092226249, subsample_freq=1; total time=  15.4s
[CV] END colsample_bytree=0.9977829850443283, learning_rate=0.045185050535469076, max_depth=6, min_child_samples=37, n_estimators=10000, num_leaves=156, reg_alpha=0.3253996981592677, reg_lambda=2.7394742153540723, scale_pos_weight=3.0431888859825036, subsample=0.8976682092226249, subsample_freq=1; total time=  15.7s
[CV] END colsample_bytree=0.9977829850443283, learning_rate=0.045185050535469076, max_depth=6, min_child_samples=37, n_estimators=10000, num_leaves=156, reg_alpha=0.3253996981592677, reg_lambda=2.7394742153540723, scale_pos_weight=3.0431888859825036, subsample=0.8976682092226249, subsample_freq=1; total time=  15.6s
[CV] END colsample_bytree=0.6888431241882921, learning_rate=0.033973073466736566, max_depth=6, min_child_samples=28, n_estimators=10000, num_leaves=221, reg_alpha=0.16829104217293056, reg_lambda=1.1562926587192108, scale_pos_weight=3.0431888859825036, subsample=0.881207583558071, subsample_freq=1; total time=  14.4s
[CV] END colsample_bytree=0.6888431241882921, learning_rate=0.033973073466736566, max_depth=6, min_child_samples=28, n_estimators=10000, num_leaves=221, reg_alpha=0.16829104217293056, reg_lambda=1.1562926587192108, scale_pos_weight=3.0431888859825036, subsample=0.881207583558071, subsample_freq=1; total time=  15.1s
[CV] END colsample_bytree=0.6888431241882921, learning_rate=0.033973073466736566, max_depth=6, min_child_samples=28, n_estimators=10000, num_leaves=221, reg_alpha=0.16829104217293056, reg_lambda=1.1562926587192108, scale_pos_weight=3.0431888859825036, subsample=0.881207583558071, subsample_freq=1; total time=  15.2s
[CV] END colsample_bytree=0.6888431241882921, learning_rate=0.033973073466736566, max_depth=6, min_child_samples=28, n_estimators=10000, num_leaves=221, reg_alpha=0.16829104217293056, reg_lambda=1.1562926587192108, scale_pos_weight=3.0431888859825036, subsample=0.881207583558071, subsample_freq=1; total time=  15.1s
[CV] END colsample_bytree=0.6888431241882921, learning_rate=0.033973073466736566, max_depth=6, min_child_samples=28, n_estimators=10000, num_leaves=221, reg_alpha=0.16829104217293056, reg_lambda=1.1562926587192108, scale_pos_weight=3.0431888859825036, subsample=0.881207583558071, subsample_freq=1; total time=  15.6s
[CV] END colsample_bytree=0.7312610669898928, learning_rate=0.04100832334554884, max_depth=8, min_child_samples=26, n_estimators=10000, num_leaves=72, reg_alpha=0.8604046183116753, reg_lambda=1.2507540815475922, scale_pos_weight=3.0431888859825036, subsample=0.9290402242638633, subsample_freq=1; total time=  20.0s
[CV] END colsample_bytree=0.7312610669898928, learning_rate=0.04100832334554884, max_depth=8, min_child_samples=26, n_estimators=10000, num_leaves=72, reg_alpha=0.8604046183116753, reg_lambda=1.2507540815475922, scale_pos_weight=3.0431888859825036, subsample=0.9290402242638633, subsample_freq=1; total time=  19.9s
[CV] END colsample_bytree=0.7312610669898928, learning_rate=0.04100832334554884, max_depth=8, min_child_samples=26, n_estimators=10000, num_leaves=72, reg_alpha=0.8604046183116753, reg_lambda=1.2507540815475922, scale_pos_weight=3.0431888859825036, subsample=0.9290402242638633, subsample_freq=1; total time=  19.9s
[CV] END colsample_bytree=0.7312610669898928, learning_rate=0.04100832334554884, max_depth=8, min_child_samples=26, n_estimators=10000, num_leaves=72, reg_alpha=0.8604046183116753, reg_lambda=1.2507540815475922, scale_pos_weight=3.0431888859825036, subsample=0.9290402242638633, subsample_freq=1; total time=  19.8s
[CV] END colsample_bytree=0.7312610669898928, learning_rate=0.04100832334554884, max_depth=8, min_child_samples=26, n_estimators=10000, num_leaves=72, reg_alpha=0.8604046183116753, reg_lambda=1.2507540815475922, scale_pos_weight=3.0431888859825036, subsample=0.9290402242638633, subsample_freq=1; total time=  19.2s
[CV] END colsample_bytree=0.7257423924305306, learning_rate=0.11171413823294056, max_depth=8, min_child_samples=27, n_estimators=10000, num_leaves=245, reg_alpha=0.41038292303562973, reg_lambda=2.766653415629146, scale_pos_weight=3.0431888859825036, subsample=0.9771414282231924, subsample_freq=1; total time=  14.7s
[CV] END colsample_bytree=0.7257423924305306, learning_rate=0.11171413823294056, max_depth=8, min_child_samples=27, n_estimators=10000, num_leaves=245, reg_alpha=0.41038292303562973, reg_lambda=2.766653415629146, scale_pos_weight=3.0431888859825036, subsample=0.9771414282231924, subsample_freq=1; total time=  14.7s
[CV] END colsample_bytree=0.7257423924305306, learning_rate=0.11171413823294056, max_depth=8, min_child_samples=27, n_estimators=10000, num_leaves=245, reg_alpha=0.41038292303562973, reg_lambda=2.766653415629146, scale_pos_weight=3.0431888859825036, subsample=0.9771414282231924, subsample_freq=1; total time=  14.3s
[CV] END colsample_bytree=0.7257423924305306, learning_rate=0.11171413823294056, max_depth=8, min_child_samples=27, n_estimators=10000, num_leaves=245, reg_alpha=0.41038292303562973, reg_lambda=2.766653415629146, scale_pos_weight=3.0431888859825036, subsample=0.9771414282231924, subsample_freq=1; total time=  14.8s
[CV] END colsample_bytree=0.7257423924305306, learning_rate=0.11171413823294056, max_depth=8, min_child_samples=27, n_estimators=10000, num_leaves=245, reg_alpha=0.41038292303562973, reg_lambda=2.766653415629146, scale_pos_weight=3.0431888859825036, subsample=0.9771414282231924, subsample_freq=1; total time=  14.3s
----------
iter: 3
n_candidates: 2
n_resources: 139104
Fitting 5 folds for each of 2 candidates, totalling 10 fits
[CV] END colsample_bytree=0.6888431241882921, learning_rate=0.033973073466736566, max_depth=6, min_child_samples=28, n_estimators=10000, num_leaves=221, reg_alpha=0.16829104217293056, reg_lambda=1.1562926587192108, scale_pos_weight=3.0431888859825036, subsample=0.881207583558071, subsample_freq=1; total time=  28.7s
[CV] END colsample_bytree=0.6888431241882921, learning_rate=0.033973073466736566, max_depth=6, min_child_samples=28, n_estimators=10000, num_leaves=221, reg_alpha=0.16829104217293056, reg_lambda=1.1562926587192108, scale_pos_weight=3.0431888859825036, subsample=0.881207583558071, subsample_freq=1; total time=  28.5s
[CV] END colsample_bytree=0.6888431241882921, learning_rate=0.033973073466736566, max_depth=6, min_child_samples=28, n_estimators=10000, num_leaves=221, reg_alpha=0.16829104217293056, reg_lambda=1.1562926587192108, scale_pos_weight=3.0431888859825036, subsample=0.881207583558071, subsample_freq=1; total time=  28.3s
[CV] END colsample_bytree=0.6888431241882921, learning_rate=0.033973073466736566, max_depth=6, min_child_samples=28, n_estimators=10000, num_leaves=221, reg_alpha=0.16829104217293056, reg_lambda=1.1562926587192108, scale_pos_weight=3.0431888859825036, subsample=0.881207583558071, subsample_freq=1; total time=  28.2s
[CV] END colsample_bytree=0.6888431241882921, learning_rate=0.033973073466736566, max_depth=6, min_child_samples=28, n_estimators=10000, num_leaves=221, reg_alpha=0.16829104217293056, reg_lambda=1.1562926587192108, scale_pos_weight=3.0431888859825036, subsample=0.881207583558071, subsample_freq=1; total time=  28.2s
[CV] END colsample_bytree=0.7312610669898928, learning_rate=0.04100832334554884, max_depth=8, min_child_samples=26, n_estimators=10000, num_leaves=72, reg_alpha=0.8604046183116753, reg_lambda=1.2507540815475922, scale_pos_weight=3.0431888859825036, subsample=0.9290402242638633, subsample_freq=1; total time=  37.5s
[CV] END colsample_bytree=0.7312610669898928, learning_rate=0.04100832334554884, max_depth=8, min_child_samples=26, n_estimators=10000, num_leaves=72, reg_alpha=0.8604046183116753, reg_lambda=1.2507540815475922, scale_pos_weight=3.0431888859825036, subsample=0.9290402242638633, subsample_freq=1; total time=  38.2s
[CV] END colsample_bytree=0.7312610669898928, learning_rate=0.04100832334554884, max_depth=8, min_child_samples=26, n_estimators=10000, num_leaves=72, reg_alpha=0.8604046183116753, reg_lambda=1.2507540815475922, scale_pos_weight=3.0431888859825036, subsample=0.9290402242638633, subsample_freq=1; total time=  37.9s
[CV] END colsample_bytree=0.7312610669898928, learning_rate=0.04100832334554884, max_depth=8, min_child_samples=26, n_estimators=10000, num_leaves=72, reg_alpha=0.8604046183116753, reg_lambda=1.2507540815475922, scale_pos_weight=3.0431888859825036, subsample=0.9290402242638633, subsample_freq=1; total time=  37.2s
[CV] END colsample_bytree=0.7312610669898928, learning_rate=0.04100832334554884, max_depth=8, min_child_samples=26, n_estimators=10000, num_leaves=72, reg_alpha=0.8604046183116753, reg_lambda=1.2507540815475922, scale_pos_weight=3.0431888859825036, subsample=0.9290402242638633, subsample_freq=1; total time=  36.7s

Best F1-macro (CV on train): 0.9019

======================================================================
Threshold tuning on validation set 
======================================================================
  Best F1-macro   threshold (val): 0.40  : f1_macro=0.8285  recall_anom=0.6977
  Best F1-anomaly threshold (val): 0.30
  Best Youden     threshold (val): 0.20
  Best recall≥90  threshold (val): 0.05

======================================================================
Evaluation on TEST  (threshold=0.40 from val)
======================================================================

BASELINE  (test, threshold=0.5)
======================================================================
              precision    recall  f1-score   support

        Good     0.8626    0.8940    0.8780     29466
         Bad     0.7618    0.7041    0.7318     14184

    accuracy                         0.8323     43650
   macro avg     0.8122    0.7991    0.8049     43650
weighted avg     0.8298    0.8323    0.8305     43650


OPTIMIZED  (test, threshold=0.40 tuned on val, scoring=f1_macro)
======================================================================
              precision    recall  f1-score   support

        Good     0.8551    0.9257    0.8890     29466
         Bad     0.8138    0.6741    0.7374     14184

    accuracy                         0.8440     43650
   macro avg     0.8344    0.7999    0.8132     43650
weighted avg     0.8417    0.8440    0.8398     43650


======================================================================
Saving artifacts
======================================================================
  - Model
  - Plot bundle
  - Test results parquet
  - Threshold info
  - Best params JSON
  - HP search CSV
  - Threshold CSV
  - Classification report
  - MLflow model log

######################################################################
#  OCEANO: Indian
######################################################################
  Train : 88,992 profiles | 39.10% anomalous
  Val   : 26,795   profiles | 49.19% anomalous
  Test  : 22,780  profiles | 51.48% anomalous
  Features: 24  →  ['TEMP_max', 'TEMP_min', 'TEMP_mean', 'TEMP_std', 'TEMP_range', 'TEMP_max_grad', 'TEMP_mean_grad', 'TEMP_grad_std', 'PSAL_max', 'PSAL_min', 'PSAL_mean', 'PSAL_std', 'PSAL_range', 'PSAL_max_grad', 'PSAL_mean_grad', 'PSAL_grad_std', 'PRES_max', 'PRES_min', 'PRES_mean', 'PRES_std', 'PRES_range', 'PRES_max_grad', 'PRES_mean_grad', 'PRES_grad_std']
  Imbalance ratio (scale_pos_weight): 1.56

Using experiment 'LightGBM_Indian_2018_2022_TemporalSplit' (id=46)

======================================================================
Baseline LightGBM (200 arboles, threshold por defecto 0.5)
======================================================================
  Baseline ROC-AUC (test) : 0.9073
  Baseline F1-macro (test): 0.8275

======================================================================
HalvingRandomSearchCV — scoring=f1_macro  (CV en train only)
======================================================================

Starting hyperparameter search...
n_iterations: 4
n_required_iterations: 4
n_possible_iterations: 4
min_resources_: 3296
max_resources_: 88992
aggressive_elimination: False
factor: 3
----------
iter: 0
n_candidates: 40
n_resources: 3296
Fitting 5 folds for each of 40 candidates, totalling 200 fits
[CV] END colsample_bytree=0.749816047538945, learning_rate=0.20014286128198325, max_depth=5, min_child_samples=76, n_estimators=10000, num_leaves=203, reg_alpha=0.596850157946487, reg_lambda=1.8374982585607733, scale_pos_weight=<scipy.stats._distn_infrastructure.rv_continuous_frozen object at 0x7f1246531750>, subsample=0.6232334448672797, subsample_freq=1; total time=   0.0s
[CV] END colsample_bytree=0.749816047538945, learning_rate=0.20014286128198325, max_depth=5, min_child_samples=76, n_estimators=10000, num_leaves=203, reg_alpha=0.596850157946487, reg_lambda=1.8374982585607733, scale_pos_weight=<scipy.stats._distn_infrastructure.rv_continuous_frozen object at 0x7f1246531750>, subsample=0.6232334448672797, subsample_freq=1; total time=   0.0s
[CV] END colsample_bytree=0.749816047538945, learning_rate=0.20014286128198325, max_depth=5, min_child_samples=76, n_estimators=10000, num_leaves=203, reg_alpha=0.596850157946487, reg_lambda=1.8374982585607733, scale_pos_weight=<scipy.stats._distn_infrastructure.rv_continuous_frozen object at 0x7f1246531750>, subsample=0.6232334448672797, subsample_freq=1; total time=   0.0s
[CV] END colsample_bytree=0.749816047538945, learning_rate=0.20014286128198325, max_depth=5, min_child_samples=76, n_estimators=10000, num_leaves=203, reg_alpha=0.596850157946487, reg_lambda=1.8374982585607733, scale_pos_weight=<scipy.stats._distn_infrastructure.rv_continuous_frozen object at 0x7f1246531750>, subsample=0.6232334448672797, subsample_freq=1; total time=   0.0s
[CV] END colsample_bytree=0.749816047538945, learning_rate=0.20014286128198325, max_depth=5, min_child_samples=76, n_estimators=10000, num_leaves=203, reg_alpha=0.596850157946487, reg_lambda=1.8374982585607733, scale_pos_weight=<scipy.stats._distn_infrastructure.rv_continuous_frozen object at 0x7f1246531750>, subsample=0.6232334448672797, subsample_freq=1; total time=   0.0s
[CV] END colsample_bytree=0.9464704583099741, learning_rate=0.13022300234864176, max_depth=5, min_child_samples=26, n_estimators=10000, num_leaves=67, reg_alpha=0.9699098521619943, reg_lambda=2.997327922401265, scale_pos_weight=1.5573148653696944, subsample=0.6003115063364057, subsample_freq=1; total time=   1.5s
[CV] END colsample_bytree=0.9464704583099741, learning_rate=0.13022300234864176, max_depth=5, min_child_samples=26, n_estimators=10000, num_leaves=67, reg_alpha=0.9699098521619943, reg_lambda=2.997327922401265, scale_pos_weight=1.5573148653696944, subsample=0.6003115063364057, subsample_freq=1; total time=   1.4s
[CV] END colsample_bytree=0.9464704583099741, learning_rate=0.13022300234864176, max_depth=5, min_child_samples=26, n_estimators=10000, num_leaves=67, reg_alpha=0.9699098521619943, reg_lambda=2.997327922401265, scale_pos_weight=1.5573148653696944, subsample=0.6003115063364057, subsample_freq=1; total time=   1.5s
[CV] END colsample_bytree=0.9464704583099741, learning_rate=0.13022300234864176, max_depth=5, min_child_samples=26, n_estimators=10000, num_leaves=67, reg_alpha=0.9699098521619943, reg_lambda=2.997327922401265, scale_pos_weight=1.5573148653696944, subsample=0.6003115063364057, subsample_freq=1; total time=   1.5s
[CV] END colsample_bytree=0.9464704583099741, learning_rate=0.13022300234864176, max_depth=5, min_child_samples=26, n_estimators=10000, num_leaves=67, reg_alpha=0.9699098521619943, reg_lambda=2.997327922401265, scale_pos_weight=1.5573148653696944, subsample=0.6003115063364057, subsample_freq=1; total time=   1.5s
[CV] END colsample_bytree=0.996884623716487, learning_rate=0.13349630192554332, max_depth=4, min_child_samples=26, n_estimators=10000, num_leaves=250, reg_alpha=0.023062425041415757, reg_lambda=2.0743239807751674, scale_pos_weight=<scipy.stats._distn_infrastructure.rv_continuous_frozen object at 0x7f1246531750>, subsample=0.6557975442608167, subsample_freq=1; total time=   0.0s
[CV] END colsample_bytree=0.996884623716487, learning_rate=0.13349630192554332, max_depth=4, min_child_samples=26, n_estimators=10000, num_leaves=250, reg_alpha=0.023062425041415757, reg_lambda=2.0743239807751674, scale_pos_weight=<scipy.stats._distn_infrastructure.rv_continuous_frozen object at 0x7f1246531750>, subsample=0.6557975442608167, subsample_freq=1; total time=   0.0s
[CV] END colsample_bytree=0.996884623716487, learning_rate=0.13349630192554332, max_depth=4, min_child_samples=26, n_estimators=10000, num_leaves=250, reg_alpha=0.023062425041415757, reg_lambda=2.0743239807751674, scale_pos_weight=<scipy.stats._distn_infrastructure.rv_continuous_frozen object at 0x7f1246531750>, subsample=0.6557975442608167, subsample_freq=1; total time=   0.0s
[CV] END colsample_bytree=0.996884623716487, learning_rate=0.13349630192554332, max_depth=4, min_child_samples=26, n_estimators=10000, num_leaves=250, reg_alpha=0.023062425041415757, reg_lambda=2.0743239807751674, scale_pos_weight=<scipy.stats._distn_infrastructure.rv_continuous_frozen object at 0x7f1246531750>, subsample=0.6557975442608167, subsample_freq=1; total time=   0.0s
[CV] END colsample_bytree=0.996884623716487, learning_rate=0.13349630192554332, max_depth=4, min_child_samples=26, n_estimators=10000, num_leaves=250, reg_alpha=0.023062425041415757, reg_lambda=2.0743239807751674, scale_pos_weight=<scipy.stats._distn_infrastructure.rv_continuous_frozen object at 0x7f1246531750>, subsample=0.6557975442608167, subsample_freq=1; total time=   0.0s
[CV] END colsample_bytree=0.7168578594140873, learning_rate=0.08327236865873834, max_depth=8, min_child_samples=66, n_estimators=10000, num_leaves=189, reg_alpha=0.6183860093330873, reg_lambda=1.6473859738014882, scale_pos_weight=1.5573148653696944, subsample=0.836965827544817, subsample_freq=1; total time=   1.6s
[CV] END colsample_bytree=0.7168578594140873, learning_rate=0.08327236865873834, max_depth=8, min_child_samples=66, n_estimators=10000, num_leaves=189, reg_alpha=0.6183860093330873, reg_lambda=1.6473859738014882, scale_pos_weight=1.5573148653696944, subsample=0.836965827544817, subsample_freq=1; total time=   1.6s
[CV] END colsample_bytree=0.7168578594140873, learning_rate=0.08327236865873834, max_depth=8, min_child_samples=66, n_estimators=10000, num_leaves=189, reg_alpha=0.6183860093330873, reg_lambda=1.6473859738014882, scale_pos_weight=1.5573148653696944, subsample=0.836965827544817, subsample_freq=1; total time=   1.6s
[CV] END colsample_bytree=0.7168578594140873, learning_rate=0.08327236865873834, max_depth=8, min_child_samples=66, n_estimators=10000, num_leaves=189, reg_alpha=0.6183860093330873, reg_lambda=1.6473859738014882, scale_pos_weight=1.5573148653696944, subsample=0.836965827544817, subsample_freq=1; total time=   1.6s
[CV] END colsample_bytree=0.7168578594140873, learning_rate=0.08327236865873834, max_depth=8, min_child_samples=66, n_estimators=10000, num_leaves=189, reg_alpha=0.6183860093330873, reg_lambda=1.6473859738014882, scale_pos_weight=1.5573148653696944, subsample=0.836965827544817, subsample_freq=1; total time=   1.6s
[CV] END colsample_bytree=0.6185801650879991, learning_rate=0.1315089703802877, max_depth=7, min_child_samples=77, n_estimators=10000, num_leaves=181, reg_alpha=0.013264961159866528, reg_lambda=3.3266052670545583, scale_pos_weight=1.5573148653696944, subsample=0.9233589392465844, subsample_freq=1; total time=   3.1s
[CV] END colsample_bytree=0.6185801650879991, learning_rate=0.1315089703802877, max_depth=7, min_child_samples=77, n_estimators=10000, num_leaves=181, reg_alpha=0.013264961159866528, reg_lambda=3.3266052670545583, scale_pos_weight=1.5573148653696944, subsample=0.9233589392465844, subsample_freq=1; total time=   3.0s
[CV] END colsample_bytree=0.6185801650879991, learning_rate=0.1315089703802877, max_depth=7, min_child_samples=77, n_estimators=10000, num_leaves=181, reg_alpha=0.013264961159866528, reg_lambda=3.3266052670545583, scale_pos_weight=1.5573148653696944, subsample=0.9233589392465844, subsample_freq=1; total time=   3.1s
[CV] END colsample_bytree=0.6185801650879991, learning_rate=0.1315089703802877, max_depth=7, min_child_samples=77, n_estimators=10000, num_leaves=181, reg_alpha=0.013264961159866528, reg_lambda=3.3266052670545583, scale_pos_weight=1.5573148653696944, subsample=0.9233589392465844, subsample_freq=1; total time=   3.0s
[CV] END colsample_bytree=0.6185801650879991, learning_rate=0.1315089703802877, max_depth=7, min_child_samples=77, n_estimators=10000, num_leaves=181, reg_alpha=0.013264961159866528, reg_lambda=3.3266052670545583, scale_pos_weight=1.5573148653696944, subsample=0.9233589392465844, subsample_freq=1; total time=   3.1s
[CV] END colsample_bytree=0.7218455076693483, learning_rate=0.02953442280127678, max_depth=6, min_child_samples=96, n_estimators=10000, num_leaves=125, reg_alpha=0.6832635188254582, reg_lambda=2.3299899733478626, scale_pos_weight=1.5573148653696944, subsample=0.6137554084460873, subsample_freq=1; total time=   2.4s
[CV] END colsample_bytree=0.7218455076693483, learning_rate=0.02953442280127678, max_depth=6, min_child_samples=96, n_estimators=10000, num_leaves=125, reg_alpha=0.6832635188254582, reg_lambda=2.3299899733478626, scale_pos_weight=1.5573148653696944, subsample=0.6137554084460873, subsample_freq=1; total time=   2.4s
[CV] END colsample_bytree=0.7218455076693483, learning_rate=0.02953442280127678, max_depth=6, min_child_samples=96, n_estimators=10000, num_leaves=125, reg_alpha=0.6832635188254582, reg_lambda=2.3299899733478626, scale_pos_weight=1.5573148653696944, subsample=0.6137554084460873, subsample_freq=1; total time=   2.4s
[CV] END colsample_bytree=0.7218455076693483, learning_rate=0.02953442280127678, max_depth=6, min_child_samples=96, n_estimators=10000, num_leaves=125, reg_alpha=0.6832635188254582, reg_lambda=2.3299899733478626, scale_pos_weight=1.5573148653696944, subsample=0.6137554084460873, subsample_freq=1; total time=   2.4s
[CV] END colsample_bytree=0.7218455076693483, learning_rate=0.02953442280127678, max_depth=6, min_child_samples=96, n_estimators=10000, num_leaves=125, reg_alpha=0.6832635188254582, reg_lambda=2.3299899733478626, scale_pos_weight=1.5573148653696944, subsample=0.6137554084460873, subsample_freq=1; total time=   2.4s
[CV] END colsample_bytree=0.9637281608315128, learning_rate=0.061755996320003385, max_depth=6, min_child_samples=6, n_estimators=10000, num_leaves=148, reg_alpha=0.20794166286818883, reg_lambda=2.2031009834599744, scale_pos_weight=<scipy.stats._distn_infrastructure.rv_continuous_frozen object at 0x7f1246531750>, subsample=0.9878338511058234, subsample_freq=1; total time=   0.0s
[CV] END colsample_bytree=0.9637281608315128, learning_rate=0.061755996320003385, max_depth=6, min_child_samples=6, n_estimators=10000, num_leaves=148, reg_alpha=0.20794166286818883, reg_lambda=2.2031009834599744, scale_pos_weight=<scipy.stats._distn_infrastructure.rv_continuous_frozen object at 0x7f1246531750>, subsample=0.9878338511058234, subsample_freq=1; total time=   0.0s
[CV] END colsample_bytree=0.9637281608315128, learning_rate=0.061755996320003385, max_depth=6, min_child_samples=6, n_estimators=10000, num_leaves=148, reg_alpha=0.20794166286818883, reg_lambda=2.2031009834599744, scale_pos_weight=<scipy.stats._distn_infrastructure.rv_continuous_frozen object at 0x7f1246531750>, subsample=0.9878338511058234, subsample_freq=1; total time=   0.0s
[CV] END colsample_bytree=0.9637281608315128, learning_rate=0.061755996320003385, max_depth=6, min_child_samples=6, n_estimators=10000, num_leaves=148, reg_alpha=0.20794166286818883, reg_lambda=2.2031009834599744, scale_pos_weight=<scipy.stats._distn_infrastructure.rv_continuous_frozen object at 0x7f1246531750>, subsample=0.9878338511058234, subsample_freq=1; total time=   0.0s
[CV] END colsample_bytree=0.9637281608315128, learning_rate=0.061755996320003385, max_depth=6, min_child_samples=6, n_estimators=10000, num_leaves=148, reg_alpha=0.20794166286818883, reg_lambda=2.2031009834599744, scale_pos_weight=<scipy.stats._distn_infrastructure.rv_continuous_frozen object at 0x7f1246531750>, subsample=0.9878338511058234, subsample_freq=1; total time=   0.0s
[CV] END colsample_bytree=0.9100531293444458, learning_rate=0.19789978831283783, max_depth=8, min_child_samples=18, n_estimators=10000, num_leaves=109, reg_alpha=0.9218742350231168, reg_lambda=0.7654775061557585, scale_pos_weight=<scipy.stats._distn_infrastructure.rv_continuous_frozen object at 0x7f1246531750>, subsample=0.8083337040103294, subsample_freq=1; total time=   0.0s
[CV] END colsample_bytree=0.9100531293444458, learning_rate=0.19789978831283783, max_depth=8, min_child_samples=18, n_estimators=10000, num_leaves=109, reg_alpha=0.9218742350231168, reg_lambda=0.7654775061557585, scale_pos_weight=<scipy.stats._distn_infrastructure.rv_continuous_frozen object at 0x7f1246531750>, subsample=0.8083337040103294, subsample_freq=1; total time=   0.0s
[CV] END colsample_bytree=0.9100531293444458, learning_rate=0.19789978831283783, max_depth=8, min_child_samples=18, n_estimators=10000, num_leaves=109, reg_alpha=0.9218742350231168, reg_lambda=0.7654775061557585, scale_pos_weight=<scipy.stats._distn_infrastructure.rv_continuous_frozen object at 0x7f1246531750>, subsample=0.8083337040103294, subsample_freq=1; total time=   0.0s
[CV] END colsample_bytree=0.9100531293444458, learning_rate=0.19789978831283783, max_depth=8, min_child_samples=18, n_estimators=10000, num_leaves=109, reg_alpha=0.9218742350231168, reg_lambda=0.7654775061557585, scale_pos_weight=<scipy.stats._distn_infrastructure.rv_continuous_frozen object at 0x7f1246531750>, subsample=0.8083337040103294, subsample_freq=1; total time=   0.0s
[CV] END colsample_bytree=0.9100531293444458, learning_rate=0.19789978831283783, max_depth=8, min_child_samples=18, n_estimators=10000, num_leaves=109, reg_alpha=0.9218742350231168, reg_lambda=0.7654775061557585, scale_pos_weight=<scipy.stats._distn_infrastructure.rv_continuous_frozen object at 0x7f1246531750>, subsample=0.8083337040103294, subsample_freq=1; total time=   0.0s
[CV] END colsample_bytree=0.9844688097397396, learning_rate=0.1789067697356303, max_depth=7, min_child_samples=86, n_estimators=10000, num_leaves=125, reg_alpha=0.8287375091519293, reg_lambda=1.5702599800807677, scale_pos_weight=1.5573148653696944, subsample=0.8428136990746738, subsample_freq=1; total time=   1.2s
[CV] END colsample_bytree=0.9844688097397396, learning_rate=0.1789067697356303, max_depth=7, min_child_samples=86, n_estimators=10000, num_leaves=125, reg_alpha=0.8287375091519293, reg_lambda=1.5702599800807677, scale_pos_weight=1.5573148653696944, subsample=0.8428136990746738, subsample_freq=1; total time=   1.1s
[CV] END colsample_bytree=0.9844688097397396, learning_rate=0.1789067697356303, max_depth=7, min_child_samples=86, n_estimators=10000, num_leaves=125, reg_alpha=0.8287375091519293, reg_lambda=1.5702599800807677, scale_pos_weight=1.5573148653696944, subsample=0.8428136990746738, subsample_freq=1; total time=   1.1s
[CV] END colsample_bytree=0.9844688097397396, learning_rate=0.1789067697356303, max_depth=7, min_child_samples=86, n_estimators=10000, num_leaves=125, reg_alpha=0.8287375091519293, reg_lambda=1.5702599800807677, scale_pos_weight=1.5573148653696944, subsample=0.8428136990746738, subsample_freq=1; total time=   1.1s
[CV] END colsample_bytree=0.9844688097397396, learning_rate=0.1789067697356303, max_depth=7, min_child_samples=86, n_estimators=10000, num_leaves=125, reg_alpha=0.8287375091519293, reg_lambda=1.5702599800807677, scale_pos_weight=1.5573148653696944, subsample=0.8428136990746738, subsample_freq=1; total time=   1.2s
[CV] END colsample_bytree=0.7103996728090174, learning_rate=0.06925470114081649, max_depth=7, min_child_samples=69, n_estimators=10000, num_leaves=103, reg_alpha=0.9868869366005173, reg_lambda=2.8167343078899725, scale_pos_weight=1.5573148653696944, subsample=0.7173952698872152, subsample_freq=1; total time=   1.9s
[CV] END colsample_bytree=0.7103996728090174, learning_rate=0.06925470114081649, max_depth=7, min_child_samples=69, n_estimators=10000, num_leaves=103, reg_alpha=0.9868869366005173, reg_lambda=2.8167343078899725, scale_pos_weight=1.5573148653696944, subsample=0.7173952698872152, subsample_freq=1; total time=   1.8s
[CV] END colsample_bytree=0.7103996728090174, learning_rate=0.06925470114081649, max_depth=7, min_child_samples=69, n_estimators=10000, num_leaves=103, reg_alpha=0.9868869366005173, reg_lambda=2.8167343078899725, scale_pos_weight=1.5573148653696944, subsample=0.7173952698872152, subsample_freq=1; total time=   1.8s
[CV] END colsample_bytree=0.7103996728090174, learning_rate=0.06925470114081649, max_depth=7, min_child_samples=69, n_estimators=10000, num_leaves=103, reg_alpha=0.9868869366005173, reg_lambda=2.8167343078899725, scale_pos_weight=1.5573148653696944, subsample=0.7173952698872152, subsample_freq=1; total time=   1.8s
[CV] END colsample_bytree=0.7103996728090174, learning_rate=0.06925470114081649, max_depth=7, min_child_samples=69, n_estimators=10000, num_leaves=103, reg_alpha=0.9868869366005173, reg_lambda=2.8167343078899725, scale_pos_weight=1.5573148653696944, subsample=0.7173952698872152, subsample_freq=1; total time=   1.9s
[CV] END colsample_bytree=0.6056319290860338, learning_rate=0.049768480817761036, max_depth=5, min_child_samples=39, n_estimators=10000, num_leaves=47, reg_alpha=0.6059599747810114, reg_lambda=3.278902635540047, scale_pos_weight=1.5573148653696944, subsample=0.6463476238100518, subsample_freq=1; total time=   2.3s
[CV] END colsample_bytree=0.6056319290860338, learning_rate=0.049768480817761036, max_depth=5, min_child_samples=39, n_estimators=10000, num_leaves=47, reg_alpha=0.6059599747810114, reg_lambda=3.278902635540047, scale_pos_weight=1.5573148653696944, subsample=0.6463476238100518, subsample_freq=1; total time=   2.2s
[CV] END colsample_bytree=0.6056319290860338, learning_rate=0.049768480817761036, max_depth=5, min_child_samples=39, n_estimators=10000, num_leaves=47, reg_alpha=0.6059599747810114, reg_lambda=3.278902635540047, scale_pos_weight=1.5573148653696944, subsample=0.6463476238100518, subsample_freq=1; total time=   2.3s
[CV] END colsample_bytree=0.6056319290860338, learning_rate=0.049768480817761036, max_depth=5, min_child_samples=39, n_estimators=10000, num_leaves=47, reg_alpha=0.6059599747810114, reg_lambda=3.278902635540047, scale_pos_weight=1.5573148653696944, subsample=0.6463476238100518, subsample_freq=1; total time=   2.3s
[CV] END colsample_bytree=0.6056319290860338, learning_rate=0.049768480817761036, max_depth=5, min_child_samples=39, n_estimators=10000, num_leaves=47, reg_alpha=0.6059599747810114, reg_lambda=3.278902635540047, scale_pos_weight=1.5573148653696944, subsample=0.6463476238100518, subsample_freq=1; total time=   2.3s
[CV] END colsample_bytree=0.9452413703502374, learning_rate=0.1346596253655116, max_depth=4, min_child_samples=37, n_estimators=10000, num_leaves=62, reg_alpha=0.37081825219826636, reg_lambda=2.5065237579908217, scale_pos_weight=<scipy.stats._distn_infrastructure.rv_continuous_frozen object at 0x7f1246531750>, subsample=0.8918424713352255, subsample_freq=1; total time=   0.0s
[CV] END colsample_bytree=0.9452413703502374, learning_rate=0.1346596253655116, max_depth=4, min_child_samples=37, n_estimators=10000, num_leaves=62, reg_alpha=0.37081825219826636, reg_lambda=2.5065237579908217, scale_pos_weight=<scipy.stats._distn_infrastructure.rv_continuous_frozen object at 0x7f1246531750>, subsample=0.8918424713352255, subsample_freq=1; total time=   0.0s
[CV] END colsample_bytree=0.9452413703502374, learning_rate=0.1346596253655116, max_depth=4, min_child_samples=37, n_estimators=10000, num_leaves=62, reg_alpha=0.37081825219826636, reg_lambda=2.5065237579908217, scale_pos_weight=<scipy.stats._distn_infrastructure.rv_continuous_frozen object at 0x7f1246531750>, subsample=0.8918424713352255, subsample_freq=1; total time=   0.0s
[CV] END colsample_bytree=0.9452413703502374, learning_rate=0.1346596253655116, max_depth=4, min_child_samples=37, n_estimators=10000, num_leaves=62, reg_alpha=0.37081825219826636, reg_lambda=2.5065237579908217, scale_pos_weight=<scipy.stats._distn_infrastructure.rv_continuous_frozen object at 0x7f1246531750>, subsample=0.8918424713352255, subsample_freq=1; total time=   0.0s
[CV] END colsample_bytree=0.9452413703502374, learning_rate=0.1346596253655116, max_depth=4, min_child_samples=37, n_estimators=10000, num_leaves=62, reg_alpha=0.37081825219826636, reg_lambda=2.5065237579908217, scale_pos_weight=<scipy.stats._distn_infrastructure.rv_continuous_frozen object at 0x7f1246531750>, subsample=0.8918424713352255, subsample_freq=1; total time=   0.0s
[CV] END colsample_bytree=0.8550229885420852, learning_rate=0.18744254851526532, max_depth=3, min_child_samples=51, n_estimators=10000, num_leaves=220, reg_alpha=0.8489138242660839, reg_lambda=2.6651885634946195, scale_pos_weight=<scipy.stats._distn_infrastructure.rv_continuous_frozen object at 0x7f1246531750>, subsample=0.9083868719818244, subsample_freq=1; total time=   0.0s
[CV] END colsample_bytree=0.8550229885420852, learning_rate=0.18744254851526532, max_depth=3, min_child_samples=51, n_estimators=10000, num_leaves=220, reg_alpha=0.8489138242660839, reg_lambda=2.6651885634946195, scale_pos_weight=<scipy.stats._distn_infrastructure.rv_continuous_frozen object at 0x7f1246531750>, subsample=0.9083868719818244, subsample_freq=1; total time=   0.0s
[CV] END colsample_bytree=0.8550229885420852, learning_rate=0.18744254851526532, max_depth=3, min_child_samples=51, n_estimators=10000, num_leaves=220, reg_alpha=0.8489138242660839, reg_lambda=2.6651885634946195, scale_pos_weight=<scipy.stats._distn_infrastructure.rv_continuous_frozen object at 0x7f1246531750>, subsample=0.9083868719818244, subsample_freq=1; total time=   0.0s
[CV] END colsample_bytree=0.8550229885420852, learning_rate=0.18744254851526532, max_depth=3, min_child_samples=51, n_estimators=10000, num_leaves=220, reg_alpha=0.8489138242660839, reg_lambda=2.6651885634946195, scale_pos_weight=<scipy.stats._distn_infrastructure.rv_continuous_frozen object at 0x7f1246531750>, subsample=0.9083868719818244, subsample_freq=1; total time=   0.0s
[CV] END colsample_bytree=0.8550229885420852, learning_rate=0.18744254851526532, max_depth=3, min_child_samples=51, n_estimators=10000, num_leaves=220, reg_alpha=0.8489138242660839, reg_lambda=2.6651885634946195, scale_pos_weight=<scipy.stats._distn_infrastructure.rv_continuous_frozen object at 0x7f1246531750>, subsample=0.9083868719818244, subsample_freq=1; total time=   0.0s
[CV] END colsample_bytree=0.7975182385457563, learning_rate=0.11454656587639882, max_depth=9, min_child_samples=94, n_estimators=10000, num_leaves=56, reg_alpha=0.4393365018657701, reg_lambda=1.1051576070061886, scale_pos_weight=1.5573148653696944, subsample=0.8545641645055122, subsample_freq=1; total time=   1.5s
[CV] END colsample_bytree=0.7975182385457563, learning_rate=0.11454656587639882, max_depth=9, min_child_samples=94, n_estimators=10000, num_leaves=56, reg_alpha=0.4393365018657701, reg_lambda=1.1051576070061886, scale_pos_weight=1.5573148653696944, subsample=0.8545641645055122, subsample_freq=1; total time=   1.4s
[CV] END colsample_bytree=0.7975182385457563, learning_rate=0.11454656587639882, max_depth=9, min_child_samples=94, n_estimators=10000, num_leaves=56, reg_alpha=0.4393365018657701, reg_lambda=1.1051576070061886, scale_pos_weight=1.5573148653696944, subsample=0.8545641645055122, subsample_freq=1; total time=   1.4s
[CV] END colsample_bytree=0.7975182385457563, learning_rate=0.11454656587639882, max_depth=9, min_child_samples=94, n_estimators=10000, num_leaves=56, reg_alpha=0.4393365018657701, reg_lambda=1.1051576070061886, scale_pos_weight=1.5573148653696944, subsample=0.8545641645055122, subsample_freq=1; total time=   1.4s
[CV] END colsample_bytree=0.7975182385457563, learning_rate=0.11454656587639882, max_depth=9, min_child_samples=94, n_estimators=10000, num_leaves=56, reg_alpha=0.4393365018657701, reg_lambda=1.1051576070061886, scale_pos_weight=1.5573148653696944, subsample=0.8545641645055122, subsample_freq=1; total time=   1.5s
[CV] END colsample_bytree=0.7257423924305306, learning_rate=0.11171413823294056, max_depth=8, min_child_samples=27, n_estimators=10000, num_leaves=245, reg_alpha=0.41038292303562973, reg_lambda=2.766653415629146, scale_pos_weight=1.5573148653696944, subsample=0.9771414282231924, subsample_freq=1; total time=   1.2s
[CV] END colsample_bytree=0.7257423924305306, learning_rate=0.11171413823294056, max_depth=8, min_child_samples=27, n_estimators=10000, num_leaves=245, reg_alpha=0.41038292303562973, reg_lambda=2.766653415629146, scale_pos_weight=1.5573148653696944, subsample=0.9771414282231924, subsample_freq=1; total time=   1.2s
[CV] END colsample_bytree=0.7257423924305306, learning_rate=0.11171413823294056, max_depth=8, min_child_samples=27, n_estimators=10000, num_leaves=245, reg_alpha=0.41038292303562973, reg_lambda=2.766653415629146, scale_pos_weight=1.5573148653696944, subsample=0.9771414282231924, subsample_freq=1; total time=   1.2s
[CV] END colsample_bytree=0.7257423924305306, learning_rate=0.11171413823294056, max_depth=8, min_child_samples=27, n_estimators=10000, num_leaves=245, reg_alpha=0.41038292303562973, reg_lambda=2.766653415629146, scale_pos_weight=1.5573148653696944, subsample=0.9771414282231924, subsample_freq=1; total time=   1.2s
[CV] END colsample_bytree=0.7257423924305306, learning_rate=0.11171413823294056, max_depth=8, min_child_samples=27, n_estimators=10000, num_leaves=245, reg_alpha=0.41038292303562973, reg_lambda=2.766653415629146, scale_pos_weight=1.5573148653696944, subsample=0.9771414282231924, subsample_freq=1; total time=   1.2s
[CV] END colsample_bytree=0.8395461865954144, learning_rate=0.14895698660794093, max_depth=6, min_child_samples=70, n_estimators=10000, num_leaves=184, reg_alpha=0.808120379564417, reg_lambda=2.4002112695312703, scale_pos_weight=1.5573148653696944, subsample=0.782613828193164, subsample_freq=1; total time=   1.3s
[CV] END colsample_bytree=0.8395461865954144, learning_rate=0.14895698660794093, max_depth=6, min_child_samples=70, n_estimators=10000, num_leaves=184, reg_alpha=0.808120379564417, reg_lambda=2.4002112695312703, scale_pos_weight=1.5573148653696944, subsample=0.782613828193164, subsample_freq=1; total time=   1.3s
[CV] END colsample_bytree=0.8395461865954144, learning_rate=0.14895698660794093, max_depth=6, min_child_samples=70, n_estimators=10000, num_leaves=184, reg_alpha=0.808120379564417, reg_lambda=2.4002112695312703, scale_pos_weight=1.5573148653696944, subsample=0.782613828193164, subsample_freq=1; total time=   1.3s
[CV] END colsample_bytree=0.8395461865954144, learning_rate=0.14895698660794093, max_depth=6, min_child_samples=70, n_estimators=10000, num_leaves=184, reg_alpha=0.808120379564417, reg_lambda=2.4002112695312703, scale_pos_weight=1.5573148653696944, subsample=0.782613828193164, subsample_freq=1; total time=   1.3s
[CV] END colsample_bytree=0.8395461865954144, learning_rate=0.14895698660794093, max_depth=6, min_child_samples=70, n_estimators=10000, num_leaves=184, reg_alpha=0.808120379564417, reg_lambda=2.4002112695312703, scale_pos_weight=1.5573148653696944, subsample=0.782613828193164, subsample_freq=1; total time=   1.3s
[CV] END colsample_bytree=0.6873761748867334, learning_rate=0.09330198957407325, max_depth=8, min_child_samples=79, n_estimators=10000, num_leaves=142, reg_alpha=0.8074401551640625, reg_lambda=3.1882738997704796, scale_pos_weight=<scipy.stats._distn_infrastructure.rv_continuous_frozen object at 0x7f1246531750>, subsample=0.9627313766183017, subsample_freq=1; total time=   0.0s
[CV] END colsample_bytree=0.6873761748867334, learning_rate=0.09330198957407325, max_depth=8, min_child_samples=79, n_estimators=10000, num_leaves=142, reg_alpha=0.8074401551640625, reg_lambda=3.1882738997704796, scale_pos_weight=<scipy.stats._distn_infrastructure.rv_continuous_frozen object at 0x7f1246531750>, subsample=0.9627313766183017, subsample_freq=1; total time=   0.0s
[CV] END colsample_bytree=0.6873761748867334, learning_rate=0.09330198957407325, max_depth=8, min_child_samples=79, n_estimators=10000, num_leaves=142, reg_alpha=0.8074401551640625, reg_lambda=3.1882738997704796, scale_pos_weight=<scipy.stats._distn_infrastructure.rv_continuous_frozen object at 0x7f1246531750>, subsample=0.9627313766183017, subsample_freq=1; total time=   0.0s
[CV] END colsample_bytree=0.6873761748867334, learning_rate=0.09330198957407325, max_depth=8, min_child_samples=79, n_estimators=10000, num_leaves=142, reg_alpha=0.8074401551640625, reg_lambda=3.1882738997704796, scale_pos_weight=<scipy.stats._distn_infrastructure.rv_continuous_frozen object at 0x7f1246531750>, subsample=0.9627313766183017, subsample_freq=1; total time=   0.0s
[CV] END colsample_bytree=0.6873761748867334, learning_rate=0.09330198957407325, max_depth=8, min_child_samples=79, n_estimators=10000, num_leaves=142, reg_alpha=0.8074401551640625, reg_lambda=3.1882738997704796, scale_pos_weight=<scipy.stats._distn_infrastructure.rv_continuous_frozen object at 0x7f1246531750>, subsample=0.9627313766183017, subsample_freq=1; total time=   0.0s
[CV] END colsample_bytree=0.7088528997538541, learning_rate=0.13953802410827248, max_depth=3, min_child_samples=81, n_estimators=10000, num_leaves=247, reg_alpha=0.30478125815802903, reg_lambda=0.9939675594288252, scale_pos_weight=<scipy.stats._distn_infrastructure.rv_continuous_frozen object at 0x7f1246531750>, subsample=0.7669644012595116, subsample_freq=1; total time=   0.0s
[CV] END colsample_bytree=0.7088528997538541, learning_rate=0.13953802410827248, max_depth=3, min_child_samples=81, n_estimators=10000, num_leaves=247, reg_alpha=0.30478125815802903, reg_lambda=0.9939675594288252, scale_pos_weight=<scipy.stats._distn_infrastructure.rv_continuous_frozen object at 0x7f1246531750>, subsample=0.7669644012595116, subsample_freq=1; total time=   0.0s
[CV] END colsample_bytree=0.7088528997538541, learning_rate=0.13953802410827248, max_depth=3, min_child_samples=81, n_estimators=10000, num_leaves=247, reg_alpha=0.30478125815802903, reg_lambda=0.9939675594288252, scale_pos_weight=<scipy.stats._distn_infrastructure.rv_continuous_frozen object at 0x7f1246531750>, subsample=0.7669644012595116, subsample_freq=1; total time=   0.0s
[CV] END colsample_bytree=0.7088528997538541, learning_rate=0.13953802410827248, max_depth=3, min_child_samples=81, n_estimators=10000, num_leaves=247, reg_alpha=0.30478125815802903, reg_lambda=0.9939675594288252, scale_pos_weight=<scipy.stats._distn_infrastructure.rv_continuous_frozen object at 0x7f1246531750>, subsample=0.7669644012595116, subsample_freq=1; total time=   0.0s
[CV] END colsample_bytree=0.7088528997538541, learning_rate=0.13953802410827248, max_depth=3, min_child_samples=81, n_estimators=10000, num_leaves=247, reg_alpha=0.30478125815802903, reg_lambda=0.9939675594288252, scale_pos_weight=<scipy.stats._distn_infrastructure.rv_continuous_frozen object at 0x7f1246531750>, subsample=0.7669644012595116, subsample_freq=1; total time=   0.0s
[CV] END colsample_bytree=0.6888431241882921, learning_rate=0.033973073466736566, max_depth=6, min_child_samples=28, n_estimators=10000, num_leaves=221, reg_alpha=0.16829104217293056, reg_lambda=1.1562926587192108, scale_pos_weight=1.5573148653696944, subsample=0.881207583558071, subsample_freq=1; total time=   2.9s
[CV] END colsample_bytree=0.6888431241882921, learning_rate=0.033973073466736566, max_depth=6, min_child_samples=28, n_estimators=10000, num_leaves=221, reg_alpha=0.16829104217293056, reg_lambda=1.1562926587192108, scale_pos_weight=1.5573148653696944, subsample=0.881207583558071, subsample_freq=1; total time=   2.8s
[CV] END colsample_bytree=0.6888431241882921, learning_rate=0.033973073466736566, max_depth=6, min_child_samples=28, n_estimators=10000, num_leaves=221, reg_alpha=0.16829104217293056, reg_lambda=1.1562926587192108, scale_pos_weight=1.5573148653696944, subsample=0.881207583558071, subsample_freq=1; total time=   2.8s
[CV] END colsample_bytree=0.6888431241882921, learning_rate=0.033973073466736566, max_depth=6, min_child_samples=28, n_estimators=10000, num_leaves=221, reg_alpha=0.16829104217293056, reg_lambda=1.1562926587192108, scale_pos_weight=1.5573148653696944, subsample=0.881207583558071, subsample_freq=1; total time=   2.9s
[CV] END colsample_bytree=0.6888431241882921, learning_rate=0.033973073466736566, max_depth=6, min_child_samples=28, n_estimators=10000, num_leaves=221, reg_alpha=0.16829104217293056, reg_lambda=1.1562926587192108, scale_pos_weight=1.5573148653696944, subsample=0.881207583558071, subsample_freq=1; total time=   2.9s
[CV] END colsample_bytree=0.7454518409517176, learning_rate=0.20435641654419215, max_depth=6, min_child_samples=16, n_estimators=10000, num_leaves=53, reg_alpha=0.49724850589238545, reg_lambda=1.402634929450309, scale_pos_weight=<scipy.stats._distn_infrastructure.rv_continuous_frozen object at 0x7f1246531750>, subsample=0.9990961940195767, subsample_freq=1; total time=   0.0s
[CV] END colsample_bytree=0.7454518409517176, learning_rate=0.20435641654419215, max_depth=6, min_child_samples=16, n_estimators=10000, num_leaves=53, reg_alpha=0.49724850589238545, reg_lambda=1.402634929450309, scale_pos_weight=<scipy.stats._distn_infrastructure.rv_continuous_frozen object at 0x7f1246531750>, subsample=0.9990961940195767, subsample_freq=1; total time=   0.0s
[CV] END colsample_bytree=0.7454518409517176, learning_rate=0.20435641654419215, max_depth=6, min_child_samples=16, n_estimators=10000, num_leaves=53, reg_alpha=0.49724850589238545, reg_lambda=1.402634929450309, scale_pos_weight=<scipy.stats._distn_infrastructure.rv_continuous_frozen object at 0x7f1246531750>, subsample=0.9990961940195767, subsample_freq=1; total time=   0.0s
[CV] END colsample_bytree=0.7454518409517176, learning_rate=0.20435641654419215, max_depth=6, min_child_samples=16, n_estimators=10000, num_leaves=53, reg_alpha=0.49724850589238545, reg_lambda=1.402634929450309, scale_pos_weight=<scipy.stats._distn_infrastructure.rv_continuous_frozen object at 0x7f1246531750>, subsample=0.9990961940195767, subsample_freq=1; total time=   0.0s
[CV] END colsample_bytree=0.7454518409517176, learning_rate=0.20435641654419215, max_depth=6, min_child_samples=16, n_estimators=10000, num_leaves=53, reg_alpha=0.49724850589238545, reg_lambda=1.402634929450309, scale_pos_weight=<scipy.stats._distn_infrastructure.rv_continuous_frozen object at 0x7f1246531750>, subsample=0.9990961940195767, subsample_freq=1; total time=   0.0s
[CV] END colsample_bytree=0.706712405710114, learning_rate=0.2053229911665306, max_depth=6, min_child_samples=58, n_estimators=10000, num_leaves=101, reg_alpha=0.27864646423661144, reg_lambda=3.224797657899961, scale_pos_weight=<scipy.stats._distn_infrastructure.rv_continuous_frozen object at 0x7f1246531750>, subsample=0.8722821806219068, subsample_freq=1; total time=   0.0s
[CV] END colsample_bytree=0.706712405710114, learning_rate=0.2053229911665306, max_depth=6, min_child_samples=58, n_estimators=10000, num_leaves=101, reg_alpha=0.27864646423661144, reg_lambda=3.224797657899961, scale_pos_weight=<scipy.stats._distn_infrastructure.rv_continuous_frozen object at 0x7f1246531750>, subsample=0.8722821806219068, subsample_freq=1; total time=   0.0s
[CV] END colsample_bytree=0.706712405710114, learning_rate=0.2053229911665306, max_depth=6, min_child_samples=58, n_estimators=10000, num_leaves=101, reg_alpha=0.27864646423661144, reg_lambda=3.224797657899961, scale_pos_weight=<scipy.stats._distn_infrastructure.rv_continuous_frozen object at 0x7f1246531750>, subsample=0.8722821806219068, subsample_freq=1; total time=   0.0s
[CV] END colsample_bytree=0.706712405710114, learning_rate=0.2053229911665306, max_depth=6, min_child_samples=58, n_estimators=10000, num_leaves=101, reg_alpha=0.27864646423661144, reg_lambda=3.224797657899961, scale_pos_weight=<scipy.stats._distn_infrastructure.rv_continuous_frozen object at 0x7f1246531750>, subsample=0.8722821806219068, subsample_freq=1; total time=   0.0s
[CV] END colsample_bytree=0.706712405710114, learning_rate=0.2053229911665306, max_depth=6, min_child_samples=58, n_estimators=10000, num_leaves=101, reg_alpha=0.27864646423661144, reg_lambda=3.224797657899961, scale_pos_weight=<scipy.stats._distn_infrastructure.rv_continuous_frozen object at 0x7f1246531750>, subsample=0.8722821806219068, subsample_freq=1; total time=   0.0s
[CV] END colsample_bytree=0.8123738333268545, learning_rate=0.09955663291461833, max_depth=8, min_child_samples=36, n_estimators=10000, num_leaves=82, reg_alpha=0.08085332633271525, reg_lambda=1.6089633681842135, scale_pos_weight=<scipy.stats._distn_infrastructure.rv_continuous_frozen object at 0x7f1246531750>, subsample=0.8912865394447438, subsample_freq=1; total time=   0.0s
[CV] END colsample_bytree=0.8123738333268545, learning_rate=0.09955663291461833, max_depth=8, min_child_samples=36, n_estimators=10000, num_leaves=82, reg_alpha=0.08085332633271525, reg_lambda=1.6089633681842135, scale_pos_weight=<scipy.stats._distn_infrastructure.rv_continuous_frozen object at 0x7f1246531750>, subsample=0.8912865394447438, subsample_freq=1; total time=   0.0s
[CV] END colsample_bytree=0.8123738333268545, learning_rate=0.09955663291461833, max_depth=8, min_child_samples=36, n_estimators=10000, num_leaves=82, reg_alpha=0.08085332633271525, reg_lambda=1.6089633681842135, scale_pos_weight=<scipy.stats._distn_infrastructure.rv_continuous_frozen object at 0x7f1246531750>, subsample=0.8912865394447438, subsample_freq=1; total time=   0.0s
[CV] END colsample_bytree=0.8123738333268545, learning_rate=0.09955663291461833, max_depth=8, min_child_samples=36, n_estimators=10000, num_leaves=82, reg_alpha=0.08085332633271525, reg_lambda=1.6089633681842135, scale_pos_weight=<scipy.stats._distn_infrastructure.rv_continuous_frozen object at 0x7f1246531750>, subsample=0.8912865394447438, subsample_freq=1; total time=   0.0s
[CV] END colsample_bytree=0.8123738333268545, learning_rate=0.09955663291461833, max_depth=8, min_child_samples=36, n_estimators=10000, num_leaves=82, reg_alpha=0.08085332633271525, reg_lambda=1.6089633681842135, scale_pos_weight=<scipy.stats._distn_infrastructure.rv_continuous_frozen object at 0x7f1246531750>, subsample=0.8912865394447438, subsample_freq=1; total time=   0.0s
[CV] END colsample_bytree=0.7471132530877013, learning_rate=0.13646116611871592, max_depth=8, min_child_samples=90, n_estimators=10000, num_leaves=153, reg_alpha=0.8164318732193839, reg_lambda=2.8950353749536535, scale_pos_weight=<scipy.stats._distn_infrastructure.rv_continuous_frozen object at 0x7f1246531750>, subsample=0.7283120259886944, subsample_freq=1; total time=   0.0s
[CV] END colsample_bytree=0.7471132530877013, learning_rate=0.13646116611871592, max_depth=8, min_child_samples=90, n_estimators=10000, num_leaves=153, reg_alpha=0.8164318732193839, reg_lambda=2.8950353749536535, scale_pos_weight=<scipy.stats._distn_infrastructure.rv_continuous_frozen object at 0x7f1246531750>, subsample=0.7283120259886944, subsample_freq=1; total time=   0.0s
[CV] END colsample_bytree=0.7471132530877013, learning_rate=0.13646116611871592, max_depth=8, min_child_samples=90, n_estimators=10000, num_leaves=153, reg_alpha=0.8164318732193839, reg_lambda=2.8950353749536535, scale_pos_weight=<scipy.stats._distn_infrastructure.rv_continuous_frozen object at 0x7f1246531750>, subsample=0.7283120259886944, subsample_freq=1; total time=   0.0s
[CV] END colsample_bytree=0.7471132530877013, learning_rate=0.13646116611871592, max_depth=8, min_child_samples=90, n_estimators=10000, num_leaves=153, reg_alpha=0.8164318732193839, reg_lambda=2.8950353749536535, scale_pos_weight=<scipy.stats._distn_infrastructure.rv_continuous_frozen object at 0x7f1246531750>, subsample=0.7283120259886944, subsample_freq=1; total time=   0.0s
[CV] END colsample_bytree=0.7471132530877013, learning_rate=0.13646116611871592, max_depth=8, min_child_samples=90, n_estimators=10000, num_leaves=153, reg_alpha=0.8164318732193839, reg_lambda=2.8950353749536535, scale_pos_weight=<scipy.stats._distn_infrastructure.rv_continuous_frozen object at 0x7f1246531750>, subsample=0.7283120259886944, subsample_freq=1; total time=   0.0s
[CV] END colsample_bytree=0.6746074041599417, learning_rate=0.018155028310952784, max_depth=6, min_child_samples=63, n_estimators=10000, num_leaves=178, reg_alpha=0.016587828927856152, reg_lambda=2.036279174897843, scale_pos_weight=<scipy.stats._distn_infrastructure.rv_continuous_frozen object at 0x7f1246531750>, subsample=0.7394663949166917, subsample_freq=1; total time=   0.0s
[CV] END colsample_bytree=0.6746074041599417, learning_rate=0.018155028310952784, max_depth=6, min_child_samples=63, n_estimators=10000, num_leaves=178, reg_alpha=0.016587828927856152, reg_lambda=2.036279174897843, scale_pos_weight=<scipy.stats._distn_infrastructure.rv_continuous_frozen object at 0x7f1246531750>, subsample=0.7394663949166917, subsample_freq=1; total time=   0.0s
[CV] END colsample_bytree=0.6746074041599417, learning_rate=0.018155028310952784, max_depth=6, min_child_samples=63, n_estimators=10000, num_leaves=178, reg_alpha=0.016587828927856152, reg_lambda=2.036279174897843, scale_pos_weight=<scipy.stats._distn_infrastructure.rv_continuous_frozen object at 0x7f1246531750>, subsample=0.7394663949166917, subsample_freq=1; total time=   0.0s
[CV] END colsample_bytree=0.6746074041599417, learning_rate=0.018155028310952784, max_depth=6, min_child_samples=63, n_estimators=10000, num_leaves=178, reg_alpha=0.016587828927856152, reg_lambda=2.036279174897843, scale_pos_weight=<scipy.stats._distn_infrastructure.rv_continuous_frozen object at 0x7f1246531750>, subsample=0.7394663949166917, subsample_freq=1; total time=   0.0s
[CV] END colsample_bytree=0.6746074041599417, learning_rate=0.018155028310952784, max_depth=6, min_child_samples=63, n_estimators=10000, num_leaves=178, reg_alpha=0.016587828927856152, reg_lambda=2.036279174897843, scale_pos_weight=<scipy.stats._distn_infrastructure.rv_continuous_frozen object at 0x7f1246531750>, subsample=0.7394663949166917, subsample_freq=1; total time=   0.0s
[CV] END colsample_bytree=0.6384706204365683, learning_rate=0.1981046528979208, max_depth=9, min_child_samples=86, n_estimators=10000, num_leaves=118, reg_alpha=0.13752094414599325, reg_lambda=1.5231990531507755, scale_pos_weight=<scipy.stats._distn_infrastructure.rv_continuous_frozen object at 0x7f1246531750>, subsample=0.6836286482950855, subsample_freq=1; total time=   0.0s
[CV] END colsample_bytree=0.6384706204365683, learning_rate=0.1981046528979208, max_depth=9, min_child_samples=86, n_estimators=10000, num_leaves=118, reg_alpha=0.13752094414599325, reg_lambda=1.5231990531507755, scale_pos_weight=<scipy.stats._distn_infrastructure.rv_continuous_frozen object at 0x7f1246531750>, subsample=0.6836286482950855, subsample_freq=1; total time=   0.0s
[CV] END colsample_bytree=0.6384706204365683, learning_rate=0.1981046528979208, max_depth=9, min_child_samples=86, n_estimators=10000, num_leaves=118, reg_alpha=0.13752094414599325, reg_lambda=1.5231990531507755, scale_pos_weight=<scipy.stats._distn_infrastructure.rv_continuous_frozen object at 0x7f1246531750>, subsample=0.6836286482950855, subsample_freq=1; total time=   0.0s
[CV] END colsample_bytree=0.6384706204365683, learning_rate=0.1981046528979208, max_depth=9, min_child_samples=86, n_estimators=10000, num_leaves=118, reg_alpha=0.13752094414599325, reg_lambda=1.5231990531507755, scale_pos_weight=<scipy.stats._distn_infrastructure.rv_continuous_frozen object at 0x7f1246531750>, subsample=0.6836286482950855, subsample_freq=1; total time=   0.0s
[CV] END colsample_bytree=0.6384706204365683, learning_rate=0.1981046528979208, max_depth=9, min_child_samples=86, n_estimators=10000, num_leaves=118, reg_alpha=0.13752094414599325, reg_lambda=1.5231990531507755, scale_pos_weight=<scipy.stats._distn_infrastructure.rv_continuous_frozen object at 0x7f1246531750>, subsample=0.6836286482950855, subsample_freq=1; total time=   0.0s
[CV] END colsample_bytree=0.8165791895310264, learning_rate=0.14915687986901646, max_depth=9, min_child_samples=20, n_estimators=10000, num_leaves=104, reg_alpha=0.9821683433294356, reg_lambda=2.049907673813043, scale_pos_weight=<scipy.stats._distn_infrastructure.rv_continuous_frozen object at 0x7f1246531750>, subsample=0.6967409163601807, subsample_freq=1; total time=   0.0s
[CV] END colsample_bytree=0.8165791895310264, learning_rate=0.14915687986901646, max_depth=9, min_child_samples=20, n_estimators=10000, num_leaves=104, reg_alpha=0.9821683433294356, reg_lambda=2.049907673813043, scale_pos_weight=<scipy.stats._distn_infrastructure.rv_continuous_frozen object at 0x7f1246531750>, subsample=0.6967409163601807, subsample_freq=1; total time=   0.0s
[CV] END colsample_bytree=0.8165791895310264, learning_rate=0.14915687986901646, max_depth=9, min_child_samples=20, n_estimators=10000, num_leaves=104, reg_alpha=0.9821683433294356, reg_lambda=2.049907673813043, scale_pos_weight=<scipy.stats._distn_infrastructure.rv_continuous_frozen object at 0x7f1246531750>, subsample=0.6967409163601807, subsample_freq=1; total time=   0.0s
[CV] END colsample_bytree=0.8165791895310264, learning_rate=0.14915687986901646, max_depth=9, min_child_samples=20, n_estimators=10000, num_leaves=104, reg_alpha=0.9821683433294356, reg_lambda=2.049907673813043, scale_pos_weight=<scipy.stats._distn_infrastructure.rv_continuous_frozen object at 0x7f1246531750>, subsample=0.6967409163601807, subsample_freq=1; total time=   0.0s
[CV] END colsample_bytree=0.8165791895310264, learning_rate=0.14915687986901646, max_depth=9, min_child_samples=20, n_estimators=10000, num_leaves=104, reg_alpha=0.9821683433294356, reg_lambda=2.049907673813043, scale_pos_weight=<scipy.stats._distn_infrastructure.rv_continuous_frozen object at 0x7f1246531750>, subsample=0.6967409163601807, subsample_freq=1; total time=   0.0s
[CV] END colsample_bytree=0.6372411071223597, learning_rate=0.18944315159066538, max_depth=7, min_child_samples=36, n_estimators=10000, num_leaves=23, reg_alpha=0.2788713525921819, reg_lambda=2.601073489918314, scale_pos_weight=1.5573148653696944, subsample=0.9588441039810308, subsample_freq=1; total time=   1.1s
[CV] END colsample_bytree=0.6372411071223597, learning_rate=0.18944315159066538, max_depth=7, min_child_samples=36, n_estimators=10000, num_leaves=23, reg_alpha=0.2788713525921819, reg_lambda=2.601073489918314, scale_pos_weight=1.5573148653696944, subsample=0.9588441039810308, subsample_freq=1; total time=   1.0s
[CV] END colsample_bytree=0.6372411071223597, learning_rate=0.18944315159066538, max_depth=7, min_child_samples=36, n_estimators=10000, num_leaves=23, reg_alpha=0.2788713525921819, reg_lambda=2.601073489918314, scale_pos_weight=1.5573148653696944, subsample=0.9588441039810308, subsample_freq=1; total time=   1.1s
[CV] END colsample_bytree=0.6372411071223597, learning_rate=0.18944315159066538, max_depth=7, min_child_samples=36, n_estimators=10000, num_leaves=23, reg_alpha=0.2788713525921819, reg_lambda=2.601073489918314, scale_pos_weight=1.5573148653696944, subsample=0.9588441039810308, subsample_freq=1; total time=   1.0s
[CV] END colsample_bytree=0.6372411071223597, learning_rate=0.18944315159066538, max_depth=7, min_child_samples=36, n_estimators=10000, num_leaves=23, reg_alpha=0.2788713525921819, reg_lambda=2.601073489918314, scale_pos_weight=1.5573148653696944, subsample=0.9588441039810308, subsample_freq=1; total time=   1.1s
[CV] END colsample_bytree=0.954834569706047, learning_rate=0.1659751091715248, max_depth=6, min_child_samples=79, n_estimators=10000, num_leaves=127, reg_alpha=0.16162871409461377, reg_lambda=3.195662565581238, scale_pos_weight=1.5573148653696944, subsample=0.8322746485745819, subsample_freq=1; total time=   1.8s
[CV] END colsample_bytree=0.954834569706047, learning_rate=0.1659751091715248, max_depth=6, min_child_samples=79, n_estimators=10000, num_leaves=127, reg_alpha=0.16162871409461377, reg_lambda=3.195662565581238, scale_pos_weight=1.5573148653696944, subsample=0.8322746485745819, subsample_freq=1; total time=   1.7s
[CV] END colsample_bytree=0.954834569706047, learning_rate=0.1659751091715248, max_depth=6, min_child_samples=79, n_estimators=10000, num_leaves=127, reg_alpha=0.16162871409461377, reg_lambda=3.195662565581238, scale_pos_weight=1.5573148653696944, subsample=0.8322746485745819, subsample_freq=1; total time=   1.8s
[CV] END colsample_bytree=0.954834569706047, learning_rate=0.1659751091715248, max_depth=6, min_child_samples=79, n_estimators=10000, num_leaves=127, reg_alpha=0.16162871409461377, reg_lambda=3.195662565581238, scale_pos_weight=1.5573148653696944, subsample=0.8322746485745819, subsample_freq=1; total time=   1.8s
[CV] END colsample_bytree=0.954834569706047, learning_rate=0.1659751091715248, max_depth=6, min_child_samples=79, n_estimators=10000, num_leaves=127, reg_alpha=0.16162871409461377, reg_lambda=3.195662565581238, scale_pos_weight=1.5573148653696944, subsample=0.8322746485745819, subsample_freq=1; total time=   1.8s
[CV] END colsample_bytree=0.7489131066246972, learning_rate=0.1980266884915557, max_depth=3, min_child_samples=97, n_estimators=10000, num_leaves=160, reg_alpha=0.16080805141749865, reg_lambda=2.1462013680997583, scale_pos_weight=1.5573148653696944, subsample=0.7793696571944989, subsample_freq=1; total time=   1.5s
[CV] END colsample_bytree=0.7489131066246972, learning_rate=0.1980266884915557, max_depth=3, min_child_samples=97, n_estimators=10000, num_leaves=160, reg_alpha=0.16080805141749865, reg_lambda=2.1462013680997583, scale_pos_weight=1.5573148653696944, subsample=0.7793696571944989, subsample_freq=1; total time=   1.5s
[CV] END colsample_bytree=0.7489131066246972, learning_rate=0.1980266884915557, max_depth=3, min_child_samples=97, n_estimators=10000, num_leaves=160, reg_alpha=0.16080805141749865, reg_lambda=2.1462013680997583, scale_pos_weight=1.5573148653696944, subsample=0.7793696571944989, subsample_freq=1; total time=   1.5s
[CV] END colsample_bytree=0.7489131066246972, learning_rate=0.1980266884915557, max_depth=3, min_child_samples=97, n_estimators=10000, num_leaves=160, reg_alpha=0.16080805141749865, reg_lambda=2.1462013680997583, scale_pos_weight=1.5573148653696944, subsample=0.7793696571944989, subsample_freq=1; total time=   1.5s
[CV] END colsample_bytree=0.7489131066246972, learning_rate=0.1980266884915557, max_depth=3, min_child_samples=97, n_estimators=10000, num_leaves=160, reg_alpha=0.16080805141749865, reg_lambda=2.1462013680997583, scale_pos_weight=1.5573148653696944, subsample=0.7793696571944989, subsample_freq=1; total time=   1.6s
[CV] END colsample_bytree=0.9977829850443283, learning_rate=0.045185050535469076, max_depth=6, min_child_samples=37, n_estimators=10000, num_leaves=156, reg_alpha=0.3253996981592677, reg_lambda=2.7394742153540723, scale_pos_weight=1.5573148653696944, subsample=0.8976682092226249, subsample_freq=1; total time=   2.6s
[CV] END colsample_bytree=0.9977829850443283, learning_rate=0.045185050535469076, max_depth=6, min_child_samples=37, n_estimators=10000, num_leaves=156, reg_alpha=0.3253996981592677, reg_lambda=2.7394742153540723, scale_pos_weight=1.5573148653696944, subsample=0.8976682092226249, subsample_freq=1; total time=   2.4s
[CV] END colsample_bytree=0.9977829850443283, learning_rate=0.045185050535469076, max_depth=6, min_child_samples=37, n_estimators=10000, num_leaves=156, reg_alpha=0.3253996981592677, reg_lambda=2.7394742153540723, scale_pos_weight=1.5573148653696944, subsample=0.8976682092226249, subsample_freq=1; total time=   2.5s
[CV] END colsample_bytree=0.9977829850443283, learning_rate=0.045185050535469076, max_depth=6, min_child_samples=37, n_estimators=10000, num_leaves=156, reg_alpha=0.3253996981592677, reg_lambda=2.7394742153540723, scale_pos_weight=1.5573148653696944, subsample=0.8976682092226249, subsample_freq=1; total time=   2.5s
[CV] END colsample_bytree=0.9977829850443283, learning_rate=0.045185050535469076, max_depth=6, min_child_samples=37, n_estimators=10000, num_leaves=156, reg_alpha=0.3253996981592677, reg_lambda=2.7394742153540723, scale_pos_weight=1.5573148653696944, subsample=0.8976682092226249, subsample_freq=1; total time=   2.6s
[CV] END colsample_bytree=0.8883759697008518, learning_rate=0.07161215837047784, max_depth=6, min_child_samples=63, n_estimators=10000, num_leaves=129, reg_alpha=0.6363326181858954, reg_lambda=1.2513854558167523, scale_pos_weight=1.5573148653696944, subsample=0.9892042219009782, subsample_freq=1; total time=   1.2s
[CV] END colsample_bytree=0.8883759697008518, learning_rate=0.07161215837047784, max_depth=6, min_child_samples=63, n_estimators=10000, num_leaves=129, reg_alpha=0.6363326181858954, reg_lambda=1.2513854558167523, scale_pos_weight=1.5573148653696944, subsample=0.9892042219009782, subsample_freq=1; total time=   1.2s
[CV] END colsample_bytree=0.8883759697008518, learning_rate=0.07161215837047784, max_depth=6, min_child_samples=63, n_estimators=10000, num_leaves=129, reg_alpha=0.6363326181858954, reg_lambda=1.2513854558167523, scale_pos_weight=1.5573148653696944, subsample=0.9892042219009782, subsample_freq=1; total time=   1.2s
[CV] END colsample_bytree=0.8883759697008518, learning_rate=0.07161215837047784, max_depth=6, min_child_samples=63, n_estimators=10000, num_leaves=129, reg_alpha=0.6363326181858954, reg_lambda=1.2513854558167523, scale_pos_weight=1.5573148653696944, subsample=0.9892042219009782, subsample_freq=1; total time=   1.2s
[CV] END colsample_bytree=0.8883759697008518, learning_rate=0.07161215837047784, max_depth=6, min_child_samples=63, n_estimators=10000, num_leaves=129, reg_alpha=0.6363326181858954, reg_lambda=1.2513854558167523, scale_pos_weight=1.5573148653696944, subsample=0.9892042219009782, subsample_freq=1; total time=   1.2s
[CV] END colsample_bytree=0.7572390898667042, learning_rate=0.1884093110354227, max_depth=5, min_child_samples=31, n_estimators=10000, num_leaves=240, reg_alpha=0.3500784076946757, reg_lambda=2.4353100860916945, scale_pos_weight=<scipy.stats._distn_infrastructure.rv_continuous_frozen object at 0x7f1246531750>, subsample=0.7970070775275455, subsample_freq=1; total time=   0.0s
[CV] END colsample_bytree=0.7572390898667042, learning_rate=0.1884093110354227, max_depth=5, min_child_samples=31, n_estimators=10000, num_leaves=240, reg_alpha=0.3500784076946757, reg_lambda=2.4353100860916945, scale_pos_weight=<scipy.stats._distn_infrastructure.rv_continuous_frozen object at 0x7f1246531750>, subsample=0.7970070775275455, subsample_freq=1; total time=   0.0s
[CV] END colsample_bytree=0.7572390898667042, learning_rate=0.1884093110354227, max_depth=5, min_child_samples=31, n_estimators=10000, num_leaves=240, reg_alpha=0.3500784076946757, reg_lambda=2.4353100860916945, scale_pos_weight=<scipy.stats._distn_infrastructure.rv_continuous_frozen object at 0x7f1246531750>, subsample=0.7970070775275455, subsample_freq=1; total time=   0.0s
[CV] END colsample_bytree=0.7572390898667042, learning_rate=0.1884093110354227, max_depth=5, min_child_samples=31, n_estimators=10000, num_leaves=240, reg_alpha=0.3500784076946757, reg_lambda=2.4353100860916945, scale_pos_weight=<scipy.stats._distn_infrastructure.rv_continuous_frozen object at 0x7f1246531750>, subsample=0.7970070775275455, subsample_freq=1; total time=   0.0s
[CV] END colsample_bytree=0.7572390898667042, learning_rate=0.1884093110354227, max_depth=5, min_child_samples=31, n_estimators=10000, num_leaves=240, reg_alpha=0.3500784076946757, reg_lambda=2.4353100860916945, scale_pos_weight=<scipy.stats._distn_infrastructure.rv_continuous_frozen object at 0x7f1246531750>, subsample=0.7970070775275455, subsample_freq=1; total time=   0.0s
[CV] END colsample_bytree=0.6780971951192178, learning_rate=0.15449042305230107, max_depth=5, min_child_samples=8, n_estimators=10000, num_leaves=49, reg_alpha=0.768554014306309, reg_lambda=0.6308113152633013, scale_pos_weight=1.5573148653696944, subsample=0.9761834337411657, subsample_freq=1; total time=   0.8s
[CV] END colsample_bytree=0.6780971951192178, learning_rate=0.15449042305230107, max_depth=5, min_child_samples=8, n_estimators=10000, num_leaves=49, reg_alpha=0.768554014306309, reg_lambda=0.6308113152633013, scale_pos_weight=1.5573148653696944, subsample=0.9761834337411657, subsample_freq=1; total time=   0.8s
[CV] END colsample_bytree=0.6780971951192178, learning_rate=0.15449042305230107, max_depth=5, min_child_samples=8, n_estimators=10000, num_leaves=49, reg_alpha=0.768554014306309, reg_lambda=0.6308113152633013, scale_pos_weight=1.5573148653696944, subsample=0.9761834337411657, subsample_freq=1; total time=   0.8s
[CV] END colsample_bytree=0.6780971951192178, learning_rate=0.15449042305230107, max_depth=5, min_child_samples=8, n_estimators=10000, num_leaves=49, reg_alpha=0.768554014306309, reg_lambda=0.6308113152633013, scale_pos_weight=1.5573148653696944, subsample=0.9761834337411657, subsample_freq=1; total time=   0.8s
[CV] END colsample_bytree=0.6780971951192178, learning_rate=0.15449042305230107, max_depth=5, min_child_samples=8, n_estimators=10000, num_leaves=49, reg_alpha=0.768554014306309, reg_lambda=0.6308113152633013, scale_pos_weight=1.5573148653696944, subsample=0.9761834337411657, subsample_freq=1; total time=   0.8s
[CV] END colsample_bytree=0.9815714308010349, learning_rate=0.19297287804408972, max_depth=5, min_child_samples=41, n_estimators=10000, num_leaves=38, reg_alpha=0.3307503046705137, reg_lambda=2.15829490050647, scale_pos_weight=<scipy.stats._distn_infrastructure.rv_continuous_frozen object at 0x7f1246531750>, subsample=0.9854479908357011, subsample_freq=1; total time=   0.0s
[CV] END colsample_bytree=0.9815714308010349, learning_rate=0.19297287804408972, max_depth=5, min_child_samples=41, n_estimators=10000, num_leaves=38, reg_alpha=0.3307503046705137, reg_lambda=2.15829490050647, scale_pos_weight=<scipy.stats._distn_infrastructure.rv_continuous_frozen object at 0x7f1246531750>, subsample=0.9854479908357011, subsample_freq=1; total time=   0.0s
[CV] END colsample_bytree=0.9815714308010349, learning_rate=0.19297287804408972, max_depth=5, min_child_samples=41, n_estimators=10000, num_leaves=38, reg_alpha=0.3307503046705137, reg_lambda=2.15829490050647, scale_pos_weight=<scipy.stats._distn_infrastructure.rv_continuous_frozen object at 0x7f1246531750>, subsample=0.9854479908357011, subsample_freq=1; total time=   0.0s
[CV] END colsample_bytree=0.9815714308010349, learning_rate=0.19297287804408972, max_depth=5, min_child_samples=41, n_estimators=10000, num_leaves=38, reg_alpha=0.3307503046705137, reg_lambda=2.15829490050647, scale_pos_weight=<scipy.stats._distn_infrastructure.rv_continuous_frozen object at 0x7f1246531750>, subsample=0.9854479908357011, subsample_freq=1; total time=   0.0s
[CV] END colsample_bytree=0.9815714308010349, learning_rate=0.19297287804408972, max_depth=5, min_child_samples=41, n_estimators=10000, num_leaves=38, reg_alpha=0.3307503046705137, reg_lambda=2.15829490050647, scale_pos_weight=<scipy.stats._distn_infrastructure.rv_continuous_frozen object at 0x7f1246531750>, subsample=0.9854479908357011, subsample_freq=1; total time=   0.0s
[CV] END colsample_bytree=0.941203782186944, learning_rate=0.06888977841391714, max_depth=7, min_child_samples=36, n_estimators=10000, num_leaves=229, reg_alpha=0.2684748568901568, reg_lambda=1.9558396228289472, scale_pos_weight=1.5573148653696944, subsample=0.82272050498334, subsample_freq=1; total time=   2.2s
[CV] END colsample_bytree=0.941203782186944, learning_rate=0.06888977841391714, max_depth=7, min_child_samples=36, n_estimators=10000, num_leaves=229, reg_alpha=0.2684748568901568, reg_lambda=1.9558396228289472, scale_pos_weight=1.5573148653696944, subsample=0.82272050498334, subsample_freq=1; total time=   2.1s
[CV] END colsample_bytree=0.941203782186944, learning_rate=0.06888977841391714, max_depth=7, min_child_samples=36, n_estimators=10000, num_leaves=229, reg_alpha=0.2684748568901568, reg_lambda=1.9558396228289472, scale_pos_weight=1.5573148653696944, subsample=0.82272050498334, subsample_freq=1; total time=   2.2s
[CV] END colsample_bytree=0.941203782186944, learning_rate=0.06888977841391714, max_depth=7, min_child_samples=36, n_estimators=10000, num_leaves=229, reg_alpha=0.2684748568901568, reg_lambda=1.9558396228289472, scale_pos_weight=1.5573148653696944, subsample=0.82272050498334, subsample_freq=1; total time=   2.2s
[CV] END colsample_bytree=0.941203782186944, learning_rate=0.06888977841391714, max_depth=7, min_child_samples=36, n_estimators=10000, num_leaves=229, reg_alpha=0.2684748568901568, reg_lambda=1.9558396228289472, scale_pos_weight=1.5573148653696944, subsample=0.82272050498334, subsample_freq=1; total time=   2.2s
[CV] END colsample_bytree=0.9744619096643123, learning_rate=0.14920595933499461, max_depth=8, min_child_samples=28, n_estimators=10000, num_leaves=128, reg_alpha=0.6150072266991697, reg_lambda=3.47016155031279, scale_pos_weight=1.5573148653696944, subsample=0.7016654596278955, subsample_freq=1; total time=   1.5s
[CV] END colsample_bytree=0.9744619096643123, learning_rate=0.14920595933499461, max_depth=8, min_child_samples=28, n_estimators=10000, num_leaves=128, reg_alpha=0.6150072266991697, reg_lambda=3.47016155031279, scale_pos_weight=1.5573148653696944, subsample=0.7016654596278955, subsample_freq=1; total time=   1.5s
[CV] END colsample_bytree=0.9744619096643123, learning_rate=0.14920595933499461, max_depth=8, min_child_samples=28, n_estimators=10000, num_leaves=128, reg_alpha=0.6150072266991697, reg_lambda=3.47016155031279, scale_pos_weight=1.5573148653696944, subsample=0.7016654596278955, subsample_freq=1; total time=   1.5s
[CV] END colsample_bytree=0.9744619096643123, learning_rate=0.14920595933499461, max_depth=8, min_child_samples=28, n_estimators=10000, num_leaves=128, reg_alpha=0.6150072266991697, reg_lambda=3.47016155031279, scale_pos_weight=1.5573148653696944, subsample=0.7016654596278955, subsample_freq=1; total time=   1.5s
[CV] END colsample_bytree=0.9744619096643123, learning_rate=0.14920595933499461, max_depth=8, min_child_samples=28, n_estimators=10000, num_leaves=128, reg_alpha=0.6150072266991697, reg_lambda=3.47016155031279, scale_pos_weight=1.5573148653696944, subsample=0.7016654596278955, subsample_freq=1; total time=   1.5s
[CV] END colsample_bytree=0.7181162353675755, learning_rate=0.0745101528477201, max_depth=3, min_child_samples=13, n_estimators=10000, num_leaves=57, reg_alpha=0.7089109969101186, reg_lambda=2.158459930723723, scale_pos_weight=1.5573148653696944, subsample=0.9237444621914055, subsample_freq=1; total time=   1.6s
[CV] END colsample_bytree=0.7181162353675755, learning_rate=0.0745101528477201, max_depth=3, min_child_samples=13, n_estimators=10000, num_leaves=57, reg_alpha=0.7089109969101186, reg_lambda=2.158459930723723, scale_pos_weight=1.5573148653696944, subsample=0.9237444621914055, subsample_freq=1; total time=   1.5s
[CV] END colsample_bytree=0.7181162353675755, learning_rate=0.0745101528477201, max_depth=3, min_child_samples=13, n_estimators=10000, num_leaves=57, reg_alpha=0.7089109969101186, reg_lambda=2.158459930723723, scale_pos_weight=1.5573148653696944, subsample=0.9237444621914055, subsample_freq=1; total time=   1.5s
[CV] END colsample_bytree=0.7181162353675755, learning_rate=0.0745101528477201, max_depth=3, min_child_samples=13, n_estimators=10000, num_leaves=57, reg_alpha=0.7089109969101186, reg_lambda=2.158459930723723, scale_pos_weight=1.5573148653696944, subsample=0.9237444621914055, subsample_freq=1; total time=   1.5s
[CV] END colsample_bytree=0.7181162353675755, learning_rate=0.0745101528477201, max_depth=3, min_child_samples=13, n_estimators=10000, num_leaves=57, reg_alpha=0.7089109969101186, reg_lambda=2.158459930723723, scale_pos_weight=1.5573148653696944, subsample=0.9237444621914055, subsample_freq=1; total time=   1.6s
[CV] END colsample_bytree=0.9240453578716723, learning_rate=0.18341446371602077, max_depth=7, min_child_samples=64, n_estimators=10000, num_leaves=149, reg_alpha=0.5015162946871996, reg_lambda=2.8948855369003255, scale_pos_weight=<scipy.stats._distn_infrastructure.rv_continuous_frozen object at 0x7f1246531750>, subsample=0.628376366799971, subsample_freq=1; total time=   0.0s
[CV] END colsample_bytree=0.9240453578716723, learning_rate=0.18341446371602077, max_depth=7, min_child_samples=64, n_estimators=10000, num_leaves=149, reg_alpha=0.5015162946871996, reg_lambda=2.8948855369003255, scale_pos_weight=<scipy.stats._distn_infrastructure.rv_continuous_frozen object at 0x7f1246531750>, subsample=0.628376366799971, subsample_freq=1; total time=   0.0s
[CV] END colsample_bytree=0.9240453578716723, learning_rate=0.18341446371602077, max_depth=7, min_child_samples=64, n_estimators=10000, num_leaves=149, reg_alpha=0.5015162946871996, reg_lambda=2.8948855369003255, scale_pos_weight=<scipy.stats._distn_infrastructure.rv_continuous_frozen object at 0x7f1246531750>, subsample=0.628376366799971, subsample_freq=1; total time=   0.0s
[CV] END colsample_bytree=0.9240453578716723, learning_rate=0.18341446371602077, max_depth=7, min_child_samples=64, n_estimators=10000, num_leaves=149, reg_alpha=0.5015162946871996, reg_lambda=2.8948855369003255, scale_pos_weight=<scipy.stats._distn_infrastructure.rv_continuous_frozen object at 0x7f1246531750>, subsample=0.628376366799971, subsample_freq=1; total time=   0.0s
[CV] END colsample_bytree=0.9240453578716723, learning_rate=0.18341446371602077, max_depth=7, min_child_samples=64, n_estimators=10000, num_leaves=149, reg_alpha=0.5015162946871996, reg_lambda=2.8948855369003255, scale_pos_weight=<scipy.stats._distn_infrastructure.rv_continuous_frozen object at 0x7f1246531750>, subsample=0.628376366799971, subsample_freq=1; total time=   0.0s
[CV] END colsample_bytree=0.7587135308855554, learning_rate=0.020153706207879388, max_depth=5, min_child_samples=91, n_estimators=10000, num_leaves=157, reg_alpha=0.375582952639944, reg_lambda=0.781945819522607, scale_pos_weight=<scipy.stats._distn_infrastructure.rv_continuous_frozen object at 0x7f1246531750>, subsample=0.8688104541180797, subsample_freq=1; total time=   0.0s
[CV] END colsample_bytree=0.7587135308855554, learning_rate=0.020153706207879388, max_depth=5, min_child_samples=91, n_estimators=10000, num_leaves=157, reg_alpha=0.375582952639944, reg_lambda=0.781945819522607, scale_pos_weight=<scipy.stats._distn_infrastructure.rv_continuous_frozen object at 0x7f1246531750>, subsample=0.8688104541180797, subsample_freq=1; total time=   0.0s
[CV] END colsample_bytree=0.7587135308855554, learning_rate=0.020153706207879388, max_depth=5, min_child_samples=91, n_estimators=10000, num_leaves=157, reg_alpha=0.375582952639944, reg_lambda=0.781945819522607, scale_pos_weight=<scipy.stats._distn_infrastructure.rv_continuous_frozen object at 0x7f1246531750>, subsample=0.8688104541180797, subsample_freq=1; total time=   0.0s
[CV] END colsample_bytree=0.7587135308855554, learning_rate=0.020153706207879388, max_depth=5, min_child_samples=91, n_estimators=10000, num_leaves=157, reg_alpha=0.375582952639944, reg_lambda=0.781945819522607, scale_pos_weight=<scipy.stats._distn_infrastructure.rv_continuous_frozen object at 0x7f1246531750>, subsample=0.8688104541180797, subsample_freq=1; total time=   0.0s
[CV] END colsample_bytree=0.7587135308855554, learning_rate=0.020153706207879388, max_depth=5, min_child_samples=91, n_estimators=10000, num_leaves=157, reg_alpha=0.375582952639944, reg_lambda=0.781945819522607, scale_pos_weight=<scipy.stats._distn_infrastructure.rv_continuous_frozen object at 0x7f1246531750>, subsample=0.8688104541180797, subsample_freq=1; total time=   0.0s
[CV] END colsample_bytree=0.7312610669898928, learning_rate=0.04100832334554884, max_depth=8, min_child_samples=26, n_estimators=10000, num_leaves=72, reg_alpha=0.8604046183116753, reg_lambda=1.2507540815475922, scale_pos_weight=1.5573148653696944, subsample=0.9290402242638633, subsample_freq=1; total time=   1.8s
[CV] END colsample_bytree=0.7312610669898928, learning_rate=0.04100832334554884, max_depth=8, min_child_samples=26, n_estimators=10000, num_leaves=72, reg_alpha=0.8604046183116753, reg_lambda=1.2507540815475922, scale_pos_weight=1.5573148653696944, subsample=0.9290402242638633, subsample_freq=1; total time=   1.8s
[CV] END colsample_bytree=0.7312610669898928, learning_rate=0.04100832334554884, max_depth=8, min_child_samples=26, n_estimators=10000, num_leaves=72, reg_alpha=0.8604046183116753, reg_lambda=1.2507540815475922, scale_pos_weight=1.5573148653696944, subsample=0.9290402242638633, subsample_freq=1; total time=   1.8s
[CV] END colsample_bytree=0.7312610669898928, learning_rate=0.04100832334554884, max_depth=8, min_child_samples=26, n_estimators=10000, num_leaves=72, reg_alpha=0.8604046183116753, reg_lambda=1.2507540815475922, scale_pos_weight=1.5573148653696944, subsample=0.9290402242638633, subsample_freq=1; total time=   1.8s
[CV] END colsample_bytree=0.7312610669898928, learning_rate=0.04100832334554884, max_depth=8, min_child_samples=26, n_estimators=10000, num_leaves=72, reg_alpha=0.8604046183116753, reg_lambda=1.2507540815475922, scale_pos_weight=1.5573148653696944, subsample=0.9290402242638633, subsample_freq=1; total time=   1.8s
----------
iter: 1
n_candidates: 14
n_resources: 9888
Fitting 5 folds for each of 14 candidates, totalling 70 fits
[CV] END colsample_bytree=0.6888431241882921, learning_rate=0.033973073466736566, max_depth=6, min_child_samples=28, n_estimators=10000, num_leaves=221, reg_alpha=0.16829104217293056, reg_lambda=1.1562926587192108, scale_pos_weight=1.5573148653696944, subsample=0.881207583558071, subsample_freq=1; total time=   6.3s
[CV] END colsample_bytree=0.6888431241882921, learning_rate=0.033973073466736566, max_depth=6, min_child_samples=28, n_estimators=10000, num_leaves=221, reg_alpha=0.16829104217293056, reg_lambda=1.1562926587192108, scale_pos_weight=1.5573148653696944, subsample=0.881207583558071, subsample_freq=1; total time=   6.2s
[CV] END colsample_bytree=0.6888431241882921, learning_rate=0.033973073466736566, max_depth=6, min_child_samples=28, n_estimators=10000, num_leaves=221, reg_alpha=0.16829104217293056, reg_lambda=1.1562926587192108, scale_pos_weight=1.5573148653696944, subsample=0.881207583558071, subsample_freq=1; total time=   6.6s
[CV] END colsample_bytree=0.6888431241882921, learning_rate=0.033973073466736566, max_depth=6, min_child_samples=28, n_estimators=10000, num_leaves=221, reg_alpha=0.16829104217293056, reg_lambda=1.1562926587192108, scale_pos_weight=1.5573148653696944, subsample=0.881207583558071, subsample_freq=1; total time=   6.5s
[CV] END colsample_bytree=0.6888431241882921, learning_rate=0.033973073466736566, max_depth=6, min_child_samples=28, n_estimators=10000, num_leaves=221, reg_alpha=0.16829104217293056, reg_lambda=1.1562926587192108, scale_pos_weight=1.5573148653696944, subsample=0.881207583558071, subsample_freq=1; total time=   6.4s
[CV] END colsample_bytree=0.6780971951192178, learning_rate=0.15449042305230107, max_depth=5, min_child_samples=8, n_estimators=10000, num_leaves=49, reg_alpha=0.768554014306309, reg_lambda=0.6308113152633013, scale_pos_weight=1.5573148653696944, subsample=0.9761834337411657, subsample_freq=1; total time=   2.2s
[CV] END colsample_bytree=0.6780971951192178, learning_rate=0.15449042305230107, max_depth=5, min_child_samples=8, n_estimators=10000, num_leaves=49, reg_alpha=0.768554014306309, reg_lambda=0.6308113152633013, scale_pos_weight=1.5573148653696944, subsample=0.9761834337411657, subsample_freq=1; total time=   2.0s
[CV] END colsample_bytree=0.6780971951192178, learning_rate=0.15449042305230107, max_depth=5, min_child_samples=8, n_estimators=10000, num_leaves=49, reg_alpha=0.768554014306309, reg_lambda=0.6308113152633013, scale_pos_weight=1.5573148653696944, subsample=0.9761834337411657, subsample_freq=1; total time=   2.3s
[CV] END colsample_bytree=0.6780971951192178, learning_rate=0.15449042305230107, max_depth=5, min_child_samples=8, n_estimators=10000, num_leaves=49, reg_alpha=0.768554014306309, reg_lambda=0.6308113152633013, scale_pos_weight=1.5573148653696944, subsample=0.9761834337411657, subsample_freq=1; total time=   2.2s
[CV] END colsample_bytree=0.6780971951192178, learning_rate=0.15449042305230107, max_depth=5, min_child_samples=8, n_estimators=10000, num_leaves=49, reg_alpha=0.768554014306309, reg_lambda=0.6308113152633013, scale_pos_weight=1.5573148653696944, subsample=0.9761834337411657, subsample_freq=1; total time=   2.3s
[CV] END colsample_bytree=0.8395461865954144, learning_rate=0.14895698660794093, max_depth=6, min_child_samples=70, n_estimators=10000, num_leaves=184, reg_alpha=0.808120379564417, reg_lambda=2.4002112695312703, scale_pos_weight=1.5573148653696944, subsample=0.782613828193164, subsample_freq=1; total time=   3.4s
[CV] END colsample_bytree=0.8395461865954144, learning_rate=0.14895698660794093, max_depth=6, min_child_samples=70, n_estimators=10000, num_leaves=184, reg_alpha=0.808120379564417, reg_lambda=2.4002112695312703, scale_pos_weight=1.5573148653696944, subsample=0.782613828193164, subsample_freq=1; total time=   3.3s
[CV] END colsample_bytree=0.8395461865954144, learning_rate=0.14895698660794093, max_depth=6, min_child_samples=70, n_estimators=10000, num_leaves=184, reg_alpha=0.808120379564417, reg_lambda=2.4002112695312703, scale_pos_weight=1.5573148653696944, subsample=0.782613828193164, subsample_freq=1; total time=   3.4s
[CV] END colsample_bytree=0.8395461865954144, learning_rate=0.14895698660794093, max_depth=6, min_child_samples=70, n_estimators=10000, num_leaves=184, reg_alpha=0.808120379564417, reg_lambda=2.4002112695312703, scale_pos_weight=1.5573148653696944, subsample=0.782613828193164, subsample_freq=1; total time=   2.9s
[CV] END colsample_bytree=0.8395461865954144, learning_rate=0.14895698660794093, max_depth=6, min_child_samples=70, n_estimators=10000, num_leaves=184, reg_alpha=0.808120379564417, reg_lambda=2.4002112695312703, scale_pos_weight=1.5573148653696944, subsample=0.782613828193164, subsample_freq=1; total time=   3.3s
[CV] END colsample_bytree=0.9977829850443283, learning_rate=0.045185050535469076, max_depth=6, min_child_samples=37, n_estimators=10000, num_leaves=156, reg_alpha=0.3253996981592677, reg_lambda=2.7394742153540723, scale_pos_weight=1.5573148653696944, subsample=0.8976682092226249, subsample_freq=1; total time=   6.0s
[CV] END colsample_bytree=0.9977829850443283, learning_rate=0.045185050535469076, max_depth=6, min_child_samples=37, n_estimators=10000, num_leaves=156, reg_alpha=0.3253996981592677, reg_lambda=2.7394742153540723, scale_pos_weight=1.5573148653696944, subsample=0.8976682092226249, subsample_freq=1; total time=   6.0s
[CV] END colsample_bytree=0.9977829850443283, learning_rate=0.045185050535469076, max_depth=6, min_child_samples=37, n_estimators=10000, num_leaves=156, reg_alpha=0.3253996981592677, reg_lambda=2.7394742153540723, scale_pos_weight=1.5573148653696944, subsample=0.8976682092226249, subsample_freq=1; total time=   6.1s
[CV] END colsample_bytree=0.9977829850443283, learning_rate=0.045185050535469076, max_depth=6, min_child_samples=37, n_estimators=10000, num_leaves=156, reg_alpha=0.3253996981592677, reg_lambda=2.7394742153540723, scale_pos_weight=1.5573148653696944, subsample=0.8976682092226249, subsample_freq=1; total time=   5.7s
[CV] END colsample_bytree=0.9977829850443283, learning_rate=0.045185050535469076, max_depth=6, min_child_samples=37, n_estimators=10000, num_leaves=156, reg_alpha=0.3253996981592677, reg_lambda=2.7394742153540723, scale_pos_weight=1.5573148653696944, subsample=0.8976682092226249, subsample_freq=1; total time=   5.7s
[CV] END colsample_bytree=0.8883759697008518, learning_rate=0.07161215837047784, max_depth=6, min_child_samples=63, n_estimators=10000, num_leaves=129, reg_alpha=0.6363326181858954, reg_lambda=1.2513854558167523, scale_pos_weight=1.5573148653696944, subsample=0.9892042219009782, subsample_freq=1; total time=   2.9s
[CV] END colsample_bytree=0.8883759697008518, learning_rate=0.07161215837047784, max_depth=6, min_child_samples=63, n_estimators=10000, num_leaves=129, reg_alpha=0.6363326181858954, reg_lambda=1.2513854558167523, scale_pos_weight=1.5573148653696944, subsample=0.9892042219009782, subsample_freq=1; total time=   3.2s
[CV] END colsample_bytree=0.8883759697008518, learning_rate=0.07161215837047784, max_depth=6, min_child_samples=63, n_estimators=10000, num_leaves=129, reg_alpha=0.6363326181858954, reg_lambda=1.2513854558167523, scale_pos_weight=1.5573148653696944, subsample=0.9892042219009782, subsample_freq=1; total time=   3.2s
[CV] END colsample_bytree=0.8883759697008518, learning_rate=0.07161215837047784, max_depth=6, min_child_samples=63, n_estimators=10000, num_leaves=129, reg_alpha=0.6363326181858954, reg_lambda=1.2513854558167523, scale_pos_weight=1.5573148653696944, subsample=0.9892042219009782, subsample_freq=1; total time=   3.0s
[CV] END colsample_bytree=0.8883759697008518, learning_rate=0.07161215837047784, max_depth=6, min_child_samples=63, n_estimators=10000, num_leaves=129, reg_alpha=0.6363326181858954, reg_lambda=1.2513854558167523, scale_pos_weight=1.5573148653696944, subsample=0.9892042219009782, subsample_freq=1; total time=   3.0s
[CV] END colsample_bytree=0.6056319290860338, learning_rate=0.049768480817761036, max_depth=5, min_child_samples=39, n_estimators=10000, num_leaves=47, reg_alpha=0.6059599747810114, reg_lambda=3.278902635540047, scale_pos_weight=1.5573148653696944, subsample=0.6463476238100518, subsample_freq=1; total time=   4.9s
[CV] END colsample_bytree=0.6056319290860338, learning_rate=0.049768480817761036, max_depth=5, min_child_samples=39, n_estimators=10000, num_leaves=47, reg_alpha=0.6059599747810114, reg_lambda=3.278902635540047, scale_pos_weight=1.5573148653696944, subsample=0.6463476238100518, subsample_freq=1; total time=   4.7s
[CV] END colsample_bytree=0.6056319290860338, learning_rate=0.049768480817761036, max_depth=5, min_child_samples=39, n_estimators=10000, num_leaves=47, reg_alpha=0.6059599747810114, reg_lambda=3.278902635540047, scale_pos_weight=1.5573148653696944, subsample=0.6463476238100518, subsample_freq=1; total time=   4.8s
[CV] END colsample_bytree=0.6056319290860338, learning_rate=0.049768480817761036, max_depth=5, min_child_samples=39, n_estimators=10000, num_leaves=47, reg_alpha=0.6059599747810114, reg_lambda=3.278902635540047, scale_pos_weight=1.5573148653696944, subsample=0.6463476238100518, subsample_freq=1; total time=   4.3s
[CV] END colsample_bytree=0.6056319290860338, learning_rate=0.049768480817761036, max_depth=5, min_child_samples=39, n_estimators=10000, num_leaves=47, reg_alpha=0.6059599747810114, reg_lambda=3.278902635540047, scale_pos_weight=1.5573148653696944, subsample=0.6463476238100518, subsample_freq=1; total time=   4.7s
[CV] END colsample_bytree=0.9844688097397396, learning_rate=0.1789067697356303, max_depth=7, min_child_samples=86, n_estimators=10000, num_leaves=125, reg_alpha=0.8287375091519293, reg_lambda=1.5702599800807677, scale_pos_weight=1.5573148653696944, subsample=0.8428136990746738, subsample_freq=1; total time=   2.8s
[CV] END colsample_bytree=0.9844688097397396, learning_rate=0.1789067697356303, max_depth=7, min_child_samples=86, n_estimators=10000, num_leaves=125, reg_alpha=0.8287375091519293, reg_lambda=1.5702599800807677, scale_pos_weight=1.5573148653696944, subsample=0.8428136990746738, subsample_freq=1; total time=   2.8s
[CV] END colsample_bytree=0.9844688097397396, learning_rate=0.1789067697356303, max_depth=7, min_child_samples=86, n_estimators=10000, num_leaves=125, reg_alpha=0.8287375091519293, reg_lambda=1.5702599800807677, scale_pos_weight=1.5573148653696944, subsample=0.8428136990746738, subsample_freq=1; total time=   2.8s
[CV] END colsample_bytree=0.9844688097397396, learning_rate=0.1789067697356303, max_depth=7, min_child_samples=86, n_estimators=10000, num_leaves=125, reg_alpha=0.8287375091519293, reg_lambda=1.5702599800807677, scale_pos_weight=1.5573148653696944, subsample=0.8428136990746738, subsample_freq=1; total time=   2.8s
[CV] END colsample_bytree=0.9844688097397396, learning_rate=0.1789067697356303, max_depth=7, min_child_samples=86, n_estimators=10000, num_leaves=125, reg_alpha=0.8287375091519293, reg_lambda=1.5702599800807677, scale_pos_weight=1.5573148653696944, subsample=0.8428136990746738, subsample_freq=1; total time=   2.8s
[CV] END colsample_bytree=0.954834569706047, learning_rate=0.1659751091715248, max_depth=6, min_child_samples=79, n_estimators=10000, num_leaves=127, reg_alpha=0.16162871409461377, reg_lambda=3.195662565581238, scale_pos_weight=1.5573148653696944, subsample=0.8322746485745819, subsample_freq=1; total time=   4.1s
[CV] END colsample_bytree=0.954834569706047, learning_rate=0.1659751091715248, max_depth=6, min_child_samples=79, n_estimators=10000, num_leaves=127, reg_alpha=0.16162871409461377, reg_lambda=3.195662565581238, scale_pos_weight=1.5573148653696944, subsample=0.8322746485745819, subsample_freq=1; total time=   4.0s
[CV] END colsample_bytree=0.954834569706047, learning_rate=0.1659751091715248, max_depth=6, min_child_samples=79, n_estimators=10000, num_leaves=127, reg_alpha=0.16162871409461377, reg_lambda=3.195662565581238, scale_pos_weight=1.5573148653696944, subsample=0.8322746485745819, subsample_freq=1; total time=   4.1s
[CV] END colsample_bytree=0.954834569706047, learning_rate=0.1659751091715248, max_depth=6, min_child_samples=79, n_estimators=10000, num_leaves=127, reg_alpha=0.16162871409461377, reg_lambda=3.195662565581238, scale_pos_weight=1.5573148653696944, subsample=0.8322746485745819, subsample_freq=1; total time=   4.0s
[CV] END colsample_bytree=0.954834569706047, learning_rate=0.1659751091715248, max_depth=6, min_child_samples=79, n_estimators=10000, num_leaves=127, reg_alpha=0.16162871409461377, reg_lambda=3.195662565581238, scale_pos_weight=1.5573148653696944, subsample=0.8322746485745819, subsample_freq=1; total time=   4.0s
[CV] END colsample_bytree=0.7103996728090174, learning_rate=0.06925470114081649, max_depth=7, min_child_samples=69, n_estimators=10000, num_leaves=103, reg_alpha=0.9868869366005173, reg_lambda=2.8167343078899725, scale_pos_weight=1.5573148653696944, subsample=0.7173952698872152, subsample_freq=1; total time=   4.3s
[CV] END colsample_bytree=0.7103996728090174, learning_rate=0.06925470114081649, max_depth=7, min_child_samples=69, n_estimators=10000, num_leaves=103, reg_alpha=0.9868869366005173, reg_lambda=2.8167343078899725, scale_pos_weight=1.5573148653696944, subsample=0.7173952698872152, subsample_freq=1; total time=   4.3s
[CV] END colsample_bytree=0.7103996728090174, learning_rate=0.06925470114081649, max_depth=7, min_child_samples=69, n_estimators=10000, num_leaves=103, reg_alpha=0.9868869366005173, reg_lambda=2.8167343078899725, scale_pos_weight=1.5573148653696944, subsample=0.7173952698872152, subsample_freq=1; total time=   4.4s
[CV] END colsample_bytree=0.7103996728090174, learning_rate=0.06925470114081649, max_depth=7, min_child_samples=69, n_estimators=10000, num_leaves=103, reg_alpha=0.9868869366005173, reg_lambda=2.8167343078899725, scale_pos_weight=1.5573148653696944, subsample=0.7173952698872152, subsample_freq=1; total time=   4.3s
[CV] END colsample_bytree=0.7103996728090174, learning_rate=0.06925470114081649, max_depth=7, min_child_samples=69, n_estimators=10000, num_leaves=103, reg_alpha=0.9868869366005173, reg_lambda=2.8167343078899725, scale_pos_weight=1.5573148653696944, subsample=0.7173952698872152, subsample_freq=1; total time=   4.3s
[CV] END colsample_bytree=0.7168578594140873, learning_rate=0.08327236865873834, max_depth=8, min_child_samples=66, n_estimators=10000, num_leaves=189, reg_alpha=0.6183860093330873, reg_lambda=1.6473859738014882, scale_pos_weight=1.5573148653696944, subsample=0.836965827544817, subsample_freq=1; total time=   3.9s
[CV] END colsample_bytree=0.7168578594140873, learning_rate=0.08327236865873834, max_depth=8, min_child_samples=66, n_estimators=10000, num_leaves=189, reg_alpha=0.6183860093330873, reg_lambda=1.6473859738014882, scale_pos_weight=1.5573148653696944, subsample=0.836965827544817, subsample_freq=1; total time=   3.9s
[CV] END colsample_bytree=0.7168578594140873, learning_rate=0.08327236865873834, max_depth=8, min_child_samples=66, n_estimators=10000, num_leaves=189, reg_alpha=0.6183860093330873, reg_lambda=1.6473859738014882, scale_pos_weight=1.5573148653696944, subsample=0.836965827544817, subsample_freq=1; total time=   3.9s
[CV] END colsample_bytree=0.7168578594140873, learning_rate=0.08327236865873834, max_depth=8, min_child_samples=66, n_estimators=10000, num_leaves=189, reg_alpha=0.6183860093330873, reg_lambda=1.6473859738014882, scale_pos_weight=1.5573148653696944, subsample=0.836965827544817, subsample_freq=1; total time=   3.9s
[CV] END colsample_bytree=0.7168578594140873, learning_rate=0.08327236865873834, max_depth=8, min_child_samples=66, n_estimators=10000, num_leaves=189, reg_alpha=0.6183860093330873, reg_lambda=1.6473859738014882, scale_pos_weight=1.5573148653696944, subsample=0.836965827544817, subsample_freq=1; total time=   3.9s
[CV] END colsample_bytree=0.941203782186944, learning_rate=0.06888977841391714, max_depth=7, min_child_samples=36, n_estimators=10000, num_leaves=229, reg_alpha=0.2684748568901568, reg_lambda=1.9558396228289472, scale_pos_weight=1.5573148653696944, subsample=0.82272050498334, subsample_freq=1; total time=   5.1s
[CV] END colsample_bytree=0.941203782186944, learning_rate=0.06888977841391714, max_depth=7, min_child_samples=36, n_estimators=10000, num_leaves=229, reg_alpha=0.2684748568901568, reg_lambda=1.9558396228289472, scale_pos_weight=1.5573148653696944, subsample=0.82272050498334, subsample_freq=1; total time=   5.0s
[CV] END colsample_bytree=0.941203782186944, learning_rate=0.06888977841391714, max_depth=7, min_child_samples=36, n_estimators=10000, num_leaves=229, reg_alpha=0.2684748568901568, reg_lambda=1.9558396228289472, scale_pos_weight=1.5573148653696944, subsample=0.82272050498334, subsample_freq=1; total time=   5.2s
[CV] END colsample_bytree=0.941203782186944, learning_rate=0.06888977841391714, max_depth=7, min_child_samples=36, n_estimators=10000, num_leaves=229, reg_alpha=0.2684748568901568, reg_lambda=1.9558396228289472, scale_pos_weight=1.5573148653696944, subsample=0.82272050498334, subsample_freq=1; total time=   5.0s
[CV] END colsample_bytree=0.941203782186944, learning_rate=0.06888977841391714, max_depth=7, min_child_samples=36, n_estimators=10000, num_leaves=229, reg_alpha=0.2684748568901568, reg_lambda=1.9558396228289472, scale_pos_weight=1.5573148653696944, subsample=0.82272050498334, subsample_freq=1; total time=   5.1s
[CV] END colsample_bytree=0.7257423924305306, learning_rate=0.11171413823294056, max_depth=8, min_child_samples=27, n_estimators=10000, num_leaves=245, reg_alpha=0.41038292303562973, reg_lambda=2.766653415629146, scale_pos_weight=1.5573148653696944, subsample=0.9771414282231924, subsample_freq=1; total time=   2.8s
[CV] END colsample_bytree=0.7257423924305306, learning_rate=0.11171413823294056, max_depth=8, min_child_samples=27, n_estimators=10000, num_leaves=245, reg_alpha=0.41038292303562973, reg_lambda=2.766653415629146, scale_pos_weight=1.5573148653696944, subsample=0.9771414282231924, subsample_freq=1; total time=   3.1s
[CV] END colsample_bytree=0.7257423924305306, learning_rate=0.11171413823294056, max_depth=8, min_child_samples=27, n_estimators=10000, num_leaves=245, reg_alpha=0.41038292303562973, reg_lambda=2.766653415629146, scale_pos_weight=1.5573148653696944, subsample=0.9771414282231924, subsample_freq=1; total time=   3.2s
[CV] END colsample_bytree=0.7257423924305306, learning_rate=0.11171413823294056, max_depth=8, min_child_samples=27, n_estimators=10000, num_leaves=245, reg_alpha=0.41038292303562973, reg_lambda=2.766653415629146, scale_pos_weight=1.5573148653696944, subsample=0.9771414282231924, subsample_freq=1; total time=   3.1s
[CV] END colsample_bytree=0.7257423924305306, learning_rate=0.11171413823294056, max_depth=8, min_child_samples=27, n_estimators=10000, num_leaves=245, reg_alpha=0.41038292303562973, reg_lambda=2.766653415629146, scale_pos_weight=1.5573148653696944, subsample=0.9771414282231924, subsample_freq=1; total time=   3.0s
[CV] END colsample_bytree=0.7312610669898928, learning_rate=0.04100832334554884, max_depth=8, min_child_samples=26, n_estimators=10000, num_leaves=72, reg_alpha=0.8604046183116753, reg_lambda=1.2507540815475922, scale_pos_weight=1.5573148653696944, subsample=0.9290402242638633, subsample_freq=1; total time=   4.3s
[CV] END colsample_bytree=0.7312610669898928, learning_rate=0.04100832334554884, max_depth=8, min_child_samples=26, n_estimators=10000, num_leaves=72, reg_alpha=0.8604046183116753, reg_lambda=1.2507540815475922, scale_pos_weight=1.5573148653696944, subsample=0.9290402242638633, subsample_freq=1; total time=   4.2s
[CV] END colsample_bytree=0.7312610669898928, learning_rate=0.04100832334554884, max_depth=8, min_child_samples=26, n_estimators=10000, num_leaves=72, reg_alpha=0.8604046183116753, reg_lambda=1.2507540815475922, scale_pos_weight=1.5573148653696944, subsample=0.9290402242638633, subsample_freq=1; total time=   4.7s
[CV] END colsample_bytree=0.7312610669898928, learning_rate=0.04100832334554884, max_depth=8, min_child_samples=26, n_estimators=10000, num_leaves=72, reg_alpha=0.8604046183116753, reg_lambda=1.2507540815475922, scale_pos_weight=1.5573148653696944, subsample=0.9290402242638633, subsample_freq=1; total time=   4.6s
[CV] END colsample_bytree=0.7312610669898928, learning_rate=0.04100832334554884, max_depth=8, min_child_samples=26, n_estimators=10000, num_leaves=72, reg_alpha=0.8604046183116753, reg_lambda=1.2507540815475922, scale_pos_weight=1.5573148653696944, subsample=0.9290402242638633, subsample_freq=1; total time=   4.6s
[CV] END colsample_bytree=0.9744619096643123, learning_rate=0.14920595933499461, max_depth=8, min_child_samples=28, n_estimators=10000, num_leaves=128, reg_alpha=0.6150072266991697, reg_lambda=3.47016155031279, scale_pos_weight=1.5573148653696944, subsample=0.7016654596278955, subsample_freq=1; total time=   3.7s
[CV] END colsample_bytree=0.9744619096643123, learning_rate=0.14920595933499461, max_depth=8, min_child_samples=28, n_estimators=10000, num_leaves=128, reg_alpha=0.6150072266991697, reg_lambda=3.47016155031279, scale_pos_weight=1.5573148653696944, subsample=0.7016654596278955, subsample_freq=1; total time=   3.7s
[CV] END colsample_bytree=0.9744619096643123, learning_rate=0.14920595933499461, max_depth=8, min_child_samples=28, n_estimators=10000, num_leaves=128, reg_alpha=0.6150072266991697, reg_lambda=3.47016155031279, scale_pos_weight=1.5573148653696944, subsample=0.7016654596278955, subsample_freq=1; total time=   3.8s
[CV] END colsample_bytree=0.9744619096643123, learning_rate=0.14920595933499461, max_depth=8, min_child_samples=28, n_estimators=10000, num_leaves=128, reg_alpha=0.6150072266991697, reg_lambda=3.47016155031279, scale_pos_weight=1.5573148653696944, subsample=0.7016654596278955, subsample_freq=1; total time=   3.7s
[CV] END colsample_bytree=0.9744619096643123, learning_rate=0.14920595933499461, max_depth=8, min_child_samples=28, n_estimators=10000, num_leaves=128, reg_alpha=0.6150072266991697, reg_lambda=3.47016155031279, scale_pos_weight=1.5573148653696944, subsample=0.7016654596278955, subsample_freq=1; total time=   3.8s
----------
iter: 2
n_candidates: 5
n_resources: 29664
Fitting 5 folds for each of 5 candidates, totalling 25 fits
[CV] END colsample_bytree=0.941203782186944, learning_rate=0.06888977841391714, max_depth=7, min_child_samples=36, n_estimators=10000, num_leaves=229, reg_alpha=0.2684748568901568, reg_lambda=1.9558396228289472, scale_pos_weight=1.5573148653696944, subsample=0.82272050498334, subsample_freq=1; total time=  13.3s
[CV] END colsample_bytree=0.941203782186944, learning_rate=0.06888977841391714, max_depth=7, min_child_samples=36, n_estimators=10000, num_leaves=229, reg_alpha=0.2684748568901568, reg_lambda=1.9558396228289472, scale_pos_weight=1.5573148653696944, subsample=0.82272050498334, subsample_freq=1; total time=  13.0s
[CV] END colsample_bytree=0.941203782186944, learning_rate=0.06888977841391714, max_depth=7, min_child_samples=36, n_estimators=10000, num_leaves=229, reg_alpha=0.2684748568901568, reg_lambda=1.9558396228289472, scale_pos_weight=1.5573148653696944, subsample=0.82272050498334, subsample_freq=1; total time=  12.8s
[CV] END colsample_bytree=0.941203782186944, learning_rate=0.06888977841391714, max_depth=7, min_child_samples=36, n_estimators=10000, num_leaves=229, reg_alpha=0.2684748568901568, reg_lambda=1.9558396228289472, scale_pos_weight=1.5573148653696944, subsample=0.82272050498334, subsample_freq=1; total time=  12.9s
[CV] END colsample_bytree=0.941203782186944, learning_rate=0.06888977841391714, max_depth=7, min_child_samples=36, n_estimators=10000, num_leaves=229, reg_alpha=0.2684748568901568, reg_lambda=1.9558396228289472, scale_pos_weight=1.5573148653696944, subsample=0.82272050498334, subsample_freq=1; total time=  13.1s
[CV] END colsample_bytree=0.9744619096643123, learning_rate=0.14920595933499461, max_depth=8, min_child_samples=28, n_estimators=10000, num_leaves=128, reg_alpha=0.6150072266991697, reg_lambda=3.47016155031279, scale_pos_weight=1.5573148653696944, subsample=0.7016654596278955, subsample_freq=1; total time=   9.9s
[CV] END colsample_bytree=0.9744619096643123, learning_rate=0.14920595933499461, max_depth=8, min_child_samples=28, n_estimators=10000, num_leaves=128, reg_alpha=0.6150072266991697, reg_lambda=3.47016155031279, scale_pos_weight=1.5573148653696944, subsample=0.7016654596278955, subsample_freq=1; total time=   9.8s
[CV] END colsample_bytree=0.9744619096643123, learning_rate=0.14920595933499461, max_depth=8, min_child_samples=28, n_estimators=10000, num_leaves=128, reg_alpha=0.6150072266991697, reg_lambda=3.47016155031279, scale_pos_weight=1.5573148653696944, subsample=0.7016654596278955, subsample_freq=1; total time=   9.8s
[CV] END colsample_bytree=0.9744619096643123, learning_rate=0.14920595933499461, max_depth=8, min_child_samples=28, n_estimators=10000, num_leaves=128, reg_alpha=0.6150072266991697, reg_lambda=3.47016155031279, scale_pos_weight=1.5573148653696944, subsample=0.7016654596278955, subsample_freq=1; total time=   9.7s
[CV] END colsample_bytree=0.9744619096643123, learning_rate=0.14920595933499461, max_depth=8, min_child_samples=28, n_estimators=10000, num_leaves=128, reg_alpha=0.6150072266991697, reg_lambda=3.47016155031279, scale_pos_weight=1.5573148653696944, subsample=0.7016654596278955, subsample_freq=1; total time=   9.9s
[CV] END colsample_bytree=0.7312610669898928, learning_rate=0.04100832334554884, max_depth=8, min_child_samples=26, n_estimators=10000, num_leaves=72, reg_alpha=0.8604046183116753, reg_lambda=1.2507540815475922, scale_pos_weight=1.5573148653696944, subsample=0.9290402242638633, subsample_freq=1; total time=  12.4s
[CV] END colsample_bytree=0.7312610669898928, learning_rate=0.04100832334554884, max_depth=8, min_child_samples=26, n_estimators=10000, num_leaves=72, reg_alpha=0.8604046183116753, reg_lambda=1.2507540815475922, scale_pos_weight=1.5573148653696944, subsample=0.9290402242638633, subsample_freq=1; total time=  12.1s
[CV] END colsample_bytree=0.7312610669898928, learning_rate=0.04100832334554884, max_depth=8, min_child_samples=26, n_estimators=10000, num_leaves=72, reg_alpha=0.8604046183116753, reg_lambda=1.2507540815475922, scale_pos_weight=1.5573148653696944, subsample=0.9290402242638633, subsample_freq=1; total time=  12.7s
[CV] END colsample_bytree=0.7312610669898928, learning_rate=0.04100832334554884, max_depth=8, min_child_samples=26, n_estimators=10000, num_leaves=72, reg_alpha=0.8604046183116753, reg_lambda=1.2507540815475922, scale_pos_weight=1.5573148653696944, subsample=0.9290402242638633, subsample_freq=1; total time=  12.4s
[CV] END colsample_bytree=0.7312610669898928, learning_rate=0.04100832334554884, max_depth=8, min_child_samples=26, n_estimators=10000, num_leaves=72, reg_alpha=0.8604046183116753, reg_lambda=1.2507540815475922, scale_pos_weight=1.5573148653696944, subsample=0.9290402242638633, subsample_freq=1; total time=  12.7s
[CV] END colsample_bytree=0.9977829850443283, learning_rate=0.045185050535469076, max_depth=6, min_child_samples=37, n_estimators=10000, num_leaves=156, reg_alpha=0.3253996981592677, reg_lambda=2.7394742153540723, scale_pos_weight=1.5573148653696944, subsample=0.8976682092226249, subsample_freq=1; total time=  12.8s
[CV] END colsample_bytree=0.9977829850443283, learning_rate=0.045185050535469076, max_depth=6, min_child_samples=37, n_estimators=10000, num_leaves=156, reg_alpha=0.3253996981592677, reg_lambda=2.7394742153540723, scale_pos_weight=1.5573148653696944, subsample=0.8976682092226249, subsample_freq=1; total time=  13.0s
[CV] END colsample_bytree=0.9977829850443283, learning_rate=0.045185050535469076, max_depth=6, min_child_samples=37, n_estimators=10000, num_leaves=156, reg_alpha=0.3253996981592677, reg_lambda=2.7394742153540723, scale_pos_weight=1.5573148653696944, subsample=0.8976682092226249, subsample_freq=1; total time=  12.7s
[CV] END colsample_bytree=0.9977829850443283, learning_rate=0.045185050535469076, max_depth=6, min_child_samples=37, n_estimators=10000, num_leaves=156, reg_alpha=0.3253996981592677, reg_lambda=2.7394742153540723, scale_pos_weight=1.5573148653696944, subsample=0.8976682092226249, subsample_freq=1; total time=  13.0s
[CV] END colsample_bytree=0.9977829850443283, learning_rate=0.045185050535469076, max_depth=6, min_child_samples=37, n_estimators=10000, num_leaves=156, reg_alpha=0.3253996981592677, reg_lambda=2.7394742153540723, scale_pos_weight=1.5573148653696944, subsample=0.8976682092226249, subsample_freq=1; total time=  12.9s
[CV] END colsample_bytree=0.7257423924305306, learning_rate=0.11171413823294056, max_depth=8, min_child_samples=27, n_estimators=10000, num_leaves=245, reg_alpha=0.41038292303562973, reg_lambda=2.766653415629146, scale_pos_weight=1.5573148653696944, subsample=0.9771414282231924, subsample_freq=1; total time=   8.5s
[CV] END colsample_bytree=0.7257423924305306, learning_rate=0.11171413823294056, max_depth=8, min_child_samples=27, n_estimators=10000, num_leaves=245, reg_alpha=0.41038292303562973, reg_lambda=2.766653415629146, scale_pos_weight=1.5573148653696944, subsample=0.9771414282231924, subsample_freq=1; total time=   8.5s
[CV] END colsample_bytree=0.7257423924305306, learning_rate=0.11171413823294056, max_depth=8, min_child_samples=27, n_estimators=10000, num_leaves=245, reg_alpha=0.41038292303562973, reg_lambda=2.766653415629146, scale_pos_weight=1.5573148653696944, subsample=0.9771414282231924, subsample_freq=1; total time=   8.6s
[CV] END colsample_bytree=0.7257423924305306, learning_rate=0.11171413823294056, max_depth=8, min_child_samples=27, n_estimators=10000, num_leaves=245, reg_alpha=0.41038292303562973, reg_lambda=2.766653415629146, scale_pos_weight=1.5573148653696944, subsample=0.9771414282231924, subsample_freq=1; total time=   8.8s
[CV] END colsample_bytree=0.7257423924305306, learning_rate=0.11171413823294056, max_depth=8, min_child_samples=27, n_estimators=10000, num_leaves=245, reg_alpha=0.41038292303562973, reg_lambda=2.766653415629146, scale_pos_weight=1.5573148653696944, subsample=0.9771414282231924, subsample_freq=1; total time=   9.0s
----------
iter: 3
n_candidates: 2
n_resources: 88992
Fitting 5 folds for each of 2 candidates, totalling 10 fits
[CV] END colsample_bytree=0.7312610669898928, learning_rate=0.04100832334554884, max_depth=8, min_child_samples=26, n_estimators=10000, num_leaves=72, reg_alpha=0.8604046183116753, reg_lambda=1.2507540815475922, scale_pos_weight=1.5573148653696944, subsample=0.9290402242638633, subsample_freq=1; total time=  28.7s
[CV] END colsample_bytree=0.7312610669898928, learning_rate=0.04100832334554884, max_depth=8, min_child_samples=26, n_estimators=10000, num_leaves=72, reg_alpha=0.8604046183116753, reg_lambda=1.2507540815475922, scale_pos_weight=1.5573148653696944, subsample=0.9290402242638633, subsample_freq=1; total time=  29.1s
[CV] END colsample_bytree=0.7312610669898928, learning_rate=0.04100832334554884, max_depth=8, min_child_samples=26, n_estimators=10000, num_leaves=72, reg_alpha=0.8604046183116753, reg_lambda=1.2507540815475922, scale_pos_weight=1.5573148653696944, subsample=0.9290402242638633, subsample_freq=1; total time=  29.2s
[CV] END colsample_bytree=0.7312610669898928, learning_rate=0.04100832334554884, max_depth=8, min_child_samples=26, n_estimators=10000, num_leaves=72, reg_alpha=0.8604046183116753, reg_lambda=1.2507540815475922, scale_pos_weight=1.5573148653696944, subsample=0.9290402242638633, subsample_freq=1; total time=  29.8s
[CV] END colsample_bytree=0.7312610669898928, learning_rate=0.04100832334554884, max_depth=8, min_child_samples=26, n_estimators=10000, num_leaves=72, reg_alpha=0.8604046183116753, reg_lambda=1.2507540815475922, scale_pos_weight=1.5573148653696944, subsample=0.9290402242638633, subsample_freq=1; total time=  30.5s
[CV] END colsample_bytree=0.7257423924305306, learning_rate=0.11171413823294056, max_depth=8, min_child_samples=27, n_estimators=10000, num_leaves=245, reg_alpha=0.41038292303562973, reg_lambda=2.766653415629146, scale_pos_weight=1.5573148653696944, subsample=0.9771414282231924, subsample_freq=1; total time=  25.3s
[CV] END colsample_bytree=0.7257423924305306, learning_rate=0.11171413823294056, max_depth=8, min_child_samples=27, n_estimators=10000, num_leaves=245, reg_alpha=0.41038292303562973, reg_lambda=2.766653415629146, scale_pos_weight=1.5573148653696944, subsample=0.9771414282231924, subsample_freq=1; total time=  25.2s
[CV] END colsample_bytree=0.7257423924305306, learning_rate=0.11171413823294056, max_depth=8, min_child_samples=27, n_estimators=10000, num_leaves=245, reg_alpha=0.41038292303562973, reg_lambda=2.766653415629146, scale_pos_weight=1.5573148653696944, subsample=0.9771414282231924, subsample_freq=1; total time=  25.2s
[CV] END colsample_bytree=0.7257423924305306, learning_rate=0.11171413823294056, max_depth=8, min_child_samples=27, n_estimators=10000, num_leaves=245, reg_alpha=0.41038292303562973, reg_lambda=2.766653415629146, scale_pos_weight=1.5573148653696944, subsample=0.9771414282231924, subsample_freq=1; total time=  25.5s
[CV] END colsample_bytree=0.7257423924305306, learning_rate=0.11171413823294056, max_depth=8, min_child_samples=27, n_estimators=10000, num_leaves=245, reg_alpha=0.41038292303562973, reg_lambda=2.766653415629146, scale_pos_weight=1.5573148653696944, subsample=0.9771414282231924, subsample_freq=1; total time=  25.5s

Best F1-macro (CV on train): 0.9185

======================================================================
Threshold tuning on validation set 
======================================================================
  Best F1-macro   threshold (val): 0.50  : f1_macro=0.8904  recall_anom=0.8536
  Best F1-anomaly threshold (val): 0.40
  Best Youden     threshold (val): 0.50
  Best recall≥90  threshold (val): 0.15

======================================================================
Evaluation on TEST  (threshold=0.50 from val)
======================================================================

BASELINE  (test, threshold=0.5)
======================================================================
              precision    recall  f1-score   support

        Good     0.7975    0.8638    0.8293     11052
         Bad     0.8608    0.7933    0.8257     11728

    accuracy                         0.8275     22780
   macro avg     0.8291    0.8286    0.8275     22780
weighted avg     0.8301    0.8275    0.8274     22780


OPTIMIZED  (test, threshold=0.50 tuned on val, scoring=f1_macro)
======================================================================
              precision    recall  f1-score   support

        Good     0.8057    0.8866    0.8442     11052
         Bad     0.8820    0.7985    0.8382     11728

    accuracy                         0.8413     22780
   macro avg     0.8438    0.8426    0.8412     22780
weighted avg     0.8450    0.8413    0.8411     22780


======================================================================
Saving artifacts
======================================================================
  - Model
  - Plot bundle
  - Test results parquet
  - Threshold info
  - Best params JSON
  - HP search CSV
  - Threshold CSV
  - Classification report
  - MLflow model log

######################################################################
#  OCEANO: Pacific
######################################################################
  Train : 220,940 profiles | 38.29% anomalous
  Val   : 70,440   profiles | 50.93% anomalous
  Test  : 69,598  profiles | 57.52% anomalous
  Features: 24  →  ['TEMP_max', 'TEMP_min', 'TEMP_mean', 'TEMP_std', 'TEMP_range', 'TEMP_max_grad', 'TEMP_mean_grad', 'TEMP_grad_std', 'PSAL_max', 'PSAL_min', 'PSAL_mean', 'PSAL_std', 'PSAL_range', 'PSAL_max_grad', 'PSAL_mean_grad', 'PSAL_grad_std', 'PRES_max', 'PRES_min', 'PRES_mean', 'PRES_std', 'PRES_range', 'PRES_max_grad', 'PRES_mean_grad', 'PRES_grad_std']
  Imbalance ratio (scale_pos_weight): 1.61

Using experiment 'LightGBM_Pacific_2018_2022_TemporalSplit' (id=50)

======================================================================
Baseline LightGBM (200 arboles, threshold por defecto 0.5)
======================================================================
  Baseline ROC-AUC (test) : 0.9183
  Baseline F1-macro (test): 0.8348

======================================================================
HalvingRandomSearchCV — scoring=f1_macro  (CV en train only)
======================================================================

Starting hyperparameter search...
n_iterations: 4
n_required_iterations: 4
n_possible_iterations: 4
min_resources_: 8182
max_resources_: 220940
aggressive_elimination: False
factor: 3
----------
iter: 0
n_candidates: 40
n_resources: 8182
Fitting 5 folds for each of 40 candidates, totalling 200 fits
[CV] END colsample_bytree=0.749816047538945, learning_rate=0.20014286128198325, max_depth=5, min_child_samples=76, n_estimators=10000, num_leaves=203, reg_alpha=0.596850157946487, reg_lambda=1.8374982585607733, scale_pos_weight=<scipy.stats._distn_infrastructure.rv_continuous_frozen object at 0x7f12465223d0>, subsample=0.6232334448672797, subsample_freq=1; total time=   0.0s
[CV] END colsample_bytree=0.749816047538945, learning_rate=0.20014286128198325, max_depth=5, min_child_samples=76, n_estimators=10000, num_leaves=203, reg_alpha=0.596850157946487, reg_lambda=1.8374982585607733, scale_pos_weight=<scipy.stats._distn_infrastructure.rv_continuous_frozen object at 0x7f12465223d0>, subsample=0.6232334448672797, subsample_freq=1; total time=   0.0s
[CV] END colsample_bytree=0.749816047538945, learning_rate=0.20014286128198325, max_depth=5, min_child_samples=76, n_estimators=10000, num_leaves=203, reg_alpha=0.596850157946487, reg_lambda=1.8374982585607733, scale_pos_weight=<scipy.stats._distn_infrastructure.rv_continuous_frozen object at 0x7f12465223d0>, subsample=0.6232334448672797, subsample_freq=1; total time=   0.0s
[CV] END colsample_bytree=0.749816047538945, learning_rate=0.20014286128198325, max_depth=5, min_child_samples=76, n_estimators=10000, num_leaves=203, reg_alpha=0.596850157946487, reg_lambda=1.8374982585607733, scale_pos_weight=<scipy.stats._distn_infrastructure.rv_continuous_frozen object at 0x7f12465223d0>, subsample=0.6232334448672797, subsample_freq=1; total time=   0.0s
[CV] END colsample_bytree=0.749816047538945, learning_rate=0.20014286128198325, max_depth=5, min_child_samples=76, n_estimators=10000, num_leaves=203, reg_alpha=0.596850157946487, reg_lambda=1.8374982585607733, scale_pos_weight=<scipy.stats._distn_infrastructure.rv_continuous_frozen object at 0x7f12465223d0>, subsample=0.6232334448672797, subsample_freq=1; total time=   0.0s
[CV] END colsample_bytree=0.9464704583099741, learning_rate=0.13022300234864176, max_depth=5, min_child_samples=26, n_estimators=10000, num_leaves=67, reg_alpha=0.9699098521619943, reg_lambda=2.997327922401265, scale_pos_weight=1.611336989409985, subsample=0.6003115063364057, subsample_freq=1; total time=   3.3s
[CV] END colsample_bytree=0.9464704583099741, learning_rate=0.13022300234864176, max_depth=5, min_child_samples=26, n_estimators=10000, num_leaves=67, reg_alpha=0.9699098521619943, reg_lambda=2.997327922401265, scale_pos_weight=1.611336989409985, subsample=0.6003115063364057, subsample_freq=1; total time=   3.3s
[CV] END colsample_bytree=0.9464704583099741, learning_rate=0.13022300234864176, max_depth=5, min_child_samples=26, n_estimators=10000, num_leaves=67, reg_alpha=0.9699098521619943, reg_lambda=2.997327922401265, scale_pos_weight=1.611336989409985, subsample=0.6003115063364057, subsample_freq=1; total time=   3.3s
[CV] END colsample_bytree=0.9464704583099741, learning_rate=0.13022300234864176, max_depth=5, min_child_samples=26, n_estimators=10000, num_leaves=67, reg_alpha=0.9699098521619943, reg_lambda=2.997327922401265, scale_pos_weight=1.611336989409985, subsample=0.6003115063364057, subsample_freq=1; total time=   3.2s
[CV] END colsample_bytree=0.9464704583099741, learning_rate=0.13022300234864176, max_depth=5, min_child_samples=26, n_estimators=10000, num_leaves=67, reg_alpha=0.9699098521619943, reg_lambda=2.997327922401265, scale_pos_weight=1.611336989409985, subsample=0.6003115063364057, subsample_freq=1; total time=   3.2s
[CV] END colsample_bytree=0.996884623716487, learning_rate=0.13349630192554332, max_depth=4, min_child_samples=26, n_estimators=10000, num_leaves=250, reg_alpha=0.023062425041415757, reg_lambda=2.0743239807751674, scale_pos_weight=<scipy.stats._distn_infrastructure.rv_continuous_frozen object at 0x7f12465223d0>, subsample=0.6557975442608167, subsample_freq=1; total time=   0.0s
[CV] END colsample_bytree=0.996884623716487, learning_rate=0.13349630192554332, max_depth=4, min_child_samples=26, n_estimators=10000, num_leaves=250, reg_alpha=0.023062425041415757, reg_lambda=2.0743239807751674, scale_pos_weight=<scipy.stats._distn_infrastructure.rv_continuous_frozen object at 0x7f12465223d0>, subsample=0.6557975442608167, subsample_freq=1; total time=   0.0s
[CV] END colsample_bytree=0.996884623716487, learning_rate=0.13349630192554332, max_depth=4, min_child_samples=26, n_estimators=10000, num_leaves=250, reg_alpha=0.023062425041415757, reg_lambda=2.0743239807751674, scale_pos_weight=<scipy.stats._distn_infrastructure.rv_continuous_frozen object at 0x7f12465223d0>, subsample=0.6557975442608167, subsample_freq=1; total time=   0.0s
[CV] END colsample_bytree=0.996884623716487, learning_rate=0.13349630192554332, max_depth=4, min_child_samples=26, n_estimators=10000, num_leaves=250, reg_alpha=0.023062425041415757, reg_lambda=2.0743239807751674, scale_pos_weight=<scipy.stats._distn_infrastructure.rv_continuous_frozen object at 0x7f12465223d0>, subsample=0.6557975442608167, subsample_freq=1; total time=   0.0s
[CV] END colsample_bytree=0.996884623716487, learning_rate=0.13349630192554332, max_depth=4, min_child_samples=26, n_estimators=10000, num_leaves=250, reg_alpha=0.023062425041415757, reg_lambda=2.0743239807751674, scale_pos_weight=<scipy.stats._distn_infrastructure.rv_continuous_frozen object at 0x7f12465223d0>, subsample=0.6557975442608167, subsample_freq=1; total time=   0.0s
[CV] END colsample_bytree=0.7168578594140873, learning_rate=0.08327236865873834, max_depth=8, min_child_samples=66, n_estimators=10000, num_leaves=189, reg_alpha=0.6183860093330873, reg_lambda=1.6473859738014882, scale_pos_weight=1.611336989409985, subsample=0.836965827544817, subsample_freq=1; total time=   3.6s
[CV] END colsample_bytree=0.7168578594140873, learning_rate=0.08327236865873834, max_depth=8, min_child_samples=66, n_estimators=10000, num_leaves=189, reg_alpha=0.6183860093330873, reg_lambda=1.6473859738014882, scale_pos_weight=1.611336989409985, subsample=0.836965827544817, subsample_freq=1; total time=   3.3s
[CV] END colsample_bytree=0.7168578594140873, learning_rate=0.08327236865873834, max_depth=8, min_child_samples=66, n_estimators=10000, num_leaves=189, reg_alpha=0.6183860093330873, reg_lambda=1.6473859738014882, scale_pos_weight=1.611336989409985, subsample=0.836965827544817, subsample_freq=1; total time=   3.5s
[CV] END colsample_bytree=0.7168578594140873, learning_rate=0.08327236865873834, max_depth=8, min_child_samples=66, n_estimators=10000, num_leaves=189, reg_alpha=0.6183860093330873, reg_lambda=1.6473859738014882, scale_pos_weight=1.611336989409985, subsample=0.836965827544817, subsample_freq=1; total time=   3.4s
[CV] END colsample_bytree=0.7168578594140873, learning_rate=0.08327236865873834, max_depth=8, min_child_samples=66, n_estimators=10000, num_leaves=189, reg_alpha=0.6183860093330873, reg_lambda=1.6473859738014882, scale_pos_weight=1.611336989409985, subsample=0.836965827544817, subsample_freq=1; total time=   3.2s
[CV] END colsample_bytree=0.6185801650879991, learning_rate=0.1315089703802877, max_depth=7, min_child_samples=77, n_estimators=10000, num_leaves=181, reg_alpha=0.013264961159866528, reg_lambda=3.3266052670545583, scale_pos_weight=1.611336989409985, subsample=0.9233589392465844, subsample_freq=1; total time=   6.2s
[CV] END colsample_bytree=0.6185801650879991, learning_rate=0.1315089703802877, max_depth=7, min_child_samples=77, n_estimators=10000, num_leaves=181, reg_alpha=0.013264961159866528, reg_lambda=3.3266052670545583, scale_pos_weight=1.611336989409985, subsample=0.9233589392465844, subsample_freq=1; total time=   6.0s
[CV] END colsample_bytree=0.6185801650879991, learning_rate=0.1315089703802877, max_depth=7, min_child_samples=77, n_estimators=10000, num_leaves=181, reg_alpha=0.013264961159866528, reg_lambda=3.3266052670545583, scale_pos_weight=1.611336989409985, subsample=0.9233589392465844, subsample_freq=1; total time=   6.2s
[CV] END colsample_bytree=0.6185801650879991, learning_rate=0.1315089703802877, max_depth=7, min_child_samples=77, n_estimators=10000, num_leaves=181, reg_alpha=0.013264961159866528, reg_lambda=3.3266052670545583, scale_pos_weight=1.611336989409985, subsample=0.9233589392465844, subsample_freq=1; total time=   6.2s
[CV] END colsample_bytree=0.6185801650879991, learning_rate=0.1315089703802877, max_depth=7, min_child_samples=77, n_estimators=10000, num_leaves=181, reg_alpha=0.013264961159866528, reg_lambda=3.3266052670545583, scale_pos_weight=1.611336989409985, subsample=0.9233589392465844, subsample_freq=1; total time=   5.9s
[CV] END colsample_bytree=0.7218455076693483, learning_rate=0.02953442280127678, max_depth=6, min_child_samples=96, n_estimators=10000, num_leaves=125, reg_alpha=0.6832635188254582, reg_lambda=2.3299899733478626, scale_pos_weight=1.611336989409985, subsample=0.6137554084460873, subsample_freq=1; total time=   4.7s
[CV] END colsample_bytree=0.7218455076693483, learning_rate=0.02953442280127678, max_depth=6, min_child_samples=96, n_estimators=10000, num_leaves=125, reg_alpha=0.6832635188254582, reg_lambda=2.3299899733478626, scale_pos_weight=1.611336989409985, subsample=0.6137554084460873, subsample_freq=1; total time=   4.7s
[CV] END colsample_bytree=0.7218455076693483, learning_rate=0.02953442280127678, max_depth=6, min_child_samples=96, n_estimators=10000, num_leaves=125, reg_alpha=0.6832635188254582, reg_lambda=2.3299899733478626, scale_pos_weight=1.611336989409985, subsample=0.6137554084460873, subsample_freq=1; total time=   4.9s
[CV] END colsample_bytree=0.7218455076693483, learning_rate=0.02953442280127678, max_depth=6, min_child_samples=96, n_estimators=10000, num_leaves=125, reg_alpha=0.6832635188254582, reg_lambda=2.3299899733478626, scale_pos_weight=1.611336989409985, subsample=0.6137554084460873, subsample_freq=1; total time=   4.9s
[CV] END colsample_bytree=0.7218455076693483, learning_rate=0.02953442280127678, max_depth=6, min_child_samples=96, n_estimators=10000, num_leaves=125, reg_alpha=0.6832635188254582, reg_lambda=2.3299899733478626, scale_pos_weight=1.611336989409985, subsample=0.6137554084460873, subsample_freq=1; total time=   4.9s
[CV] END colsample_bytree=0.9637281608315128, learning_rate=0.061755996320003385, max_depth=6, min_child_samples=6, n_estimators=10000, num_leaves=148, reg_alpha=0.20794166286818883, reg_lambda=2.2031009834599744, scale_pos_weight=<scipy.stats._distn_infrastructure.rv_continuous_frozen object at 0x7f12465223d0>, subsample=0.9878338511058234, subsample_freq=1; total time=   0.0s
[CV] END colsample_bytree=0.9637281608315128, learning_rate=0.061755996320003385, max_depth=6, min_child_samples=6, n_estimators=10000, num_leaves=148, reg_alpha=0.20794166286818883, reg_lambda=2.2031009834599744, scale_pos_weight=<scipy.stats._distn_infrastructure.rv_continuous_frozen object at 0x7f12465223d0>, subsample=0.9878338511058234, subsample_freq=1; total time=   0.0s
[CV] END colsample_bytree=0.9637281608315128, learning_rate=0.061755996320003385, max_depth=6, min_child_samples=6, n_estimators=10000, num_leaves=148, reg_alpha=0.20794166286818883, reg_lambda=2.2031009834599744, scale_pos_weight=<scipy.stats._distn_infrastructure.rv_continuous_frozen object at 0x7f12465223d0>, subsample=0.9878338511058234, subsample_freq=1; total time=   0.0s
[CV] END colsample_bytree=0.9637281608315128, learning_rate=0.061755996320003385, max_depth=6, min_child_samples=6, n_estimators=10000, num_leaves=148, reg_alpha=0.20794166286818883, reg_lambda=2.2031009834599744, scale_pos_weight=<scipy.stats._distn_infrastructure.rv_continuous_frozen object at 0x7f12465223d0>, subsample=0.9878338511058234, subsample_freq=1; total time=   0.0s
[CV] END colsample_bytree=0.9637281608315128, learning_rate=0.061755996320003385, max_depth=6, min_child_samples=6, n_estimators=10000, num_leaves=148, reg_alpha=0.20794166286818883, reg_lambda=2.2031009834599744, scale_pos_weight=<scipy.stats._distn_infrastructure.rv_continuous_frozen object at 0x7f12465223d0>, subsample=0.9878338511058234, subsample_freq=1; total time=   0.0s
[CV] END colsample_bytree=0.9100531293444458, learning_rate=0.19789978831283783, max_depth=8, min_child_samples=18, n_estimators=10000, num_leaves=109, reg_alpha=0.9218742350231168, reg_lambda=0.7654775061557585, scale_pos_weight=<scipy.stats._distn_infrastructure.rv_continuous_frozen object at 0x7f12465223d0>, subsample=0.8083337040103294, subsample_freq=1; total time=   0.0s
[CV] END colsample_bytree=0.9100531293444458, learning_rate=0.19789978831283783, max_depth=8, min_child_samples=18, n_estimators=10000, num_leaves=109, reg_alpha=0.9218742350231168, reg_lambda=0.7654775061557585, scale_pos_weight=<scipy.stats._distn_infrastructure.rv_continuous_frozen object at 0x7f12465223d0>, subsample=0.8083337040103294, subsample_freq=1; total time=   0.0s
[CV] END colsample_bytree=0.9100531293444458, learning_rate=0.19789978831283783, max_depth=8, min_child_samples=18, n_estimators=10000, num_leaves=109, reg_alpha=0.9218742350231168, reg_lambda=0.7654775061557585, scale_pos_weight=<scipy.stats._distn_infrastructure.rv_continuous_frozen object at 0x7f12465223d0>, subsample=0.8083337040103294, subsample_freq=1; total time=   0.0s
[CV] END colsample_bytree=0.9100531293444458, learning_rate=0.19789978831283783, max_depth=8, min_child_samples=18, n_estimators=10000, num_leaves=109, reg_alpha=0.9218742350231168, reg_lambda=0.7654775061557585, scale_pos_weight=<scipy.stats._distn_infrastructure.rv_continuous_frozen object at 0x7f12465223d0>, subsample=0.8083337040103294, subsample_freq=1; total time=   0.0s
[CV] END colsample_bytree=0.9100531293444458, learning_rate=0.19789978831283783, max_depth=8, min_child_samples=18, n_estimators=10000, num_leaves=109, reg_alpha=0.9218742350231168, reg_lambda=0.7654775061557585, scale_pos_weight=<scipy.stats._distn_infrastructure.rv_continuous_frozen object at 0x7f12465223d0>, subsample=0.8083337040103294, subsample_freq=1; total time=   0.0s
[CV] END colsample_bytree=0.9844688097397396, learning_rate=0.1789067697356303, max_depth=7, min_child_samples=86, n_estimators=10000, num_leaves=125, reg_alpha=0.8287375091519293, reg_lambda=1.5702599800807677, scale_pos_weight=1.611336989409985, subsample=0.8428136990746738, subsample_freq=1; total time=   2.6s
[CV] END colsample_bytree=0.9844688097397396, learning_rate=0.1789067697356303, max_depth=7, min_child_samples=86, n_estimators=10000, num_leaves=125, reg_alpha=0.8287375091519293, reg_lambda=1.5702599800807677, scale_pos_weight=1.611336989409985, subsample=0.8428136990746738, subsample_freq=1; total time=   2.6s
[CV] END colsample_bytree=0.9844688097397396, learning_rate=0.1789067697356303, max_depth=7, min_child_samples=86, n_estimators=10000, num_leaves=125, reg_alpha=0.8287375091519293, reg_lambda=1.5702599800807677, scale_pos_weight=1.611336989409985, subsample=0.8428136990746738, subsample_freq=1; total time=   2.5s
[CV] END colsample_bytree=0.9844688097397396, learning_rate=0.1789067697356303, max_depth=7, min_child_samples=86, n_estimators=10000, num_leaves=125, reg_alpha=0.8287375091519293, reg_lambda=1.5702599800807677, scale_pos_weight=1.611336989409985, subsample=0.8428136990746738, subsample_freq=1; total time=   2.5s
[CV] END colsample_bytree=0.9844688097397396, learning_rate=0.1789067697356303, max_depth=7, min_child_samples=86, n_estimators=10000, num_leaves=125, reg_alpha=0.8287375091519293, reg_lambda=1.5702599800807677, scale_pos_weight=1.611336989409985, subsample=0.8428136990746738, subsample_freq=1; total time=   2.5s
[CV] END colsample_bytree=0.7103996728090174, learning_rate=0.06925470114081649, max_depth=7, min_child_samples=69, n_estimators=10000, num_leaves=103, reg_alpha=0.9868869366005173, reg_lambda=2.8167343078899725, scale_pos_weight=1.611336989409985, subsample=0.7173952698872152, subsample_freq=1; total time=   4.1s
[CV] END colsample_bytree=0.7103996728090174, learning_rate=0.06925470114081649, max_depth=7, min_child_samples=69, n_estimators=10000, num_leaves=103, reg_alpha=0.9868869366005173, reg_lambda=2.8167343078899725, scale_pos_weight=1.611336989409985, subsample=0.7173952698872152, subsample_freq=1; total time=   4.0s
[CV] END colsample_bytree=0.7103996728090174, learning_rate=0.06925470114081649, max_depth=7, min_child_samples=69, n_estimators=10000, num_leaves=103, reg_alpha=0.9868869366005173, reg_lambda=2.8167343078899725, scale_pos_weight=1.611336989409985, subsample=0.7173952698872152, subsample_freq=1; total time=   3.9s
[CV] END colsample_bytree=0.7103996728090174, learning_rate=0.06925470114081649, max_depth=7, min_child_samples=69, n_estimators=10000, num_leaves=103, reg_alpha=0.9868869366005173, reg_lambda=2.8167343078899725, scale_pos_weight=1.611336989409985, subsample=0.7173952698872152, subsample_freq=1; total time=   3.8s
[CV] END colsample_bytree=0.7103996728090174, learning_rate=0.06925470114081649, max_depth=7, min_child_samples=69, n_estimators=10000, num_leaves=103, reg_alpha=0.9868869366005173, reg_lambda=2.8167343078899725, scale_pos_weight=1.611336989409985, subsample=0.7173952698872152, subsample_freq=1; total time=   3.9s
[CV] END colsample_bytree=0.6056319290860338, learning_rate=0.049768480817761036, max_depth=5, min_child_samples=39, n_estimators=10000, num_leaves=47, reg_alpha=0.6059599747810114, reg_lambda=3.278902635540047, scale_pos_weight=1.611336989409985, subsample=0.6463476238100518, subsample_freq=1; total time=   4.5s
[CV] END colsample_bytree=0.6056319290860338, learning_rate=0.049768480817761036, max_depth=5, min_child_samples=39, n_estimators=10000, num_leaves=47, reg_alpha=0.6059599747810114, reg_lambda=3.278902635540047, scale_pos_weight=1.611336989409985, subsample=0.6463476238100518, subsample_freq=1; total time=   4.5s
[CV] END colsample_bytree=0.6056319290860338, learning_rate=0.049768480817761036, max_depth=5, min_child_samples=39, n_estimators=10000, num_leaves=47, reg_alpha=0.6059599747810114, reg_lambda=3.278902635540047, scale_pos_weight=1.611336989409985, subsample=0.6463476238100518, subsample_freq=1; total time=   4.5s
[CV] END colsample_bytree=0.6056319290860338, learning_rate=0.049768480817761036, max_depth=5, min_child_samples=39, n_estimators=10000, num_leaves=47, reg_alpha=0.6059599747810114, reg_lambda=3.278902635540047, scale_pos_weight=1.611336989409985, subsample=0.6463476238100518, subsample_freq=1; total time=   4.4s
[CV] END colsample_bytree=0.6056319290860338, learning_rate=0.049768480817761036, max_depth=5, min_child_samples=39, n_estimators=10000, num_leaves=47, reg_alpha=0.6059599747810114, reg_lambda=3.278902635540047, scale_pos_weight=1.611336989409985, subsample=0.6463476238100518, subsample_freq=1; total time=   4.4s
[CV] END colsample_bytree=0.9452413703502374, learning_rate=0.1346596253655116, max_depth=4, min_child_samples=37, n_estimators=10000, num_leaves=62, reg_alpha=0.37081825219826636, reg_lambda=2.5065237579908217, scale_pos_weight=<scipy.stats._distn_infrastructure.rv_continuous_frozen object at 0x7f12465223d0>, subsample=0.8918424713352255, subsample_freq=1; total time=   0.0s
[CV] END colsample_bytree=0.9452413703502374, learning_rate=0.1346596253655116, max_depth=4, min_child_samples=37, n_estimators=10000, num_leaves=62, reg_alpha=0.37081825219826636, reg_lambda=2.5065237579908217, scale_pos_weight=<scipy.stats._distn_infrastructure.rv_continuous_frozen object at 0x7f12465223d0>, subsample=0.8918424713352255, subsample_freq=1; total time=   0.0s
[CV] END colsample_bytree=0.9452413703502374, learning_rate=0.1346596253655116, max_depth=4, min_child_samples=37, n_estimators=10000, num_leaves=62, reg_alpha=0.37081825219826636, reg_lambda=2.5065237579908217, scale_pos_weight=<scipy.stats._distn_infrastructure.rv_continuous_frozen object at 0x7f12465223d0>, subsample=0.8918424713352255, subsample_freq=1; total time=   0.0s
[CV] END colsample_bytree=0.9452413703502374, learning_rate=0.1346596253655116, max_depth=4, min_child_samples=37, n_estimators=10000, num_leaves=62, reg_alpha=0.37081825219826636, reg_lambda=2.5065237579908217, scale_pos_weight=<scipy.stats._distn_infrastructure.rv_continuous_frozen object at 0x7f12465223d0>, subsample=0.8918424713352255, subsample_freq=1; total time=   0.0s
[CV] END colsample_bytree=0.9452413703502374, learning_rate=0.1346596253655116, max_depth=4, min_child_samples=37, n_estimators=10000, num_leaves=62, reg_alpha=0.37081825219826636, reg_lambda=2.5065237579908217, scale_pos_weight=<scipy.stats._distn_infrastructure.rv_continuous_frozen object at 0x7f12465223d0>, subsample=0.8918424713352255, subsample_freq=1; total time=   0.0s
[CV] END colsample_bytree=0.8550229885420852, learning_rate=0.18744254851526532, max_depth=3, min_child_samples=51, n_estimators=10000, num_leaves=220, reg_alpha=0.8489138242660839, reg_lambda=2.6651885634946195, scale_pos_weight=<scipy.stats._distn_infrastructure.rv_continuous_frozen object at 0x7f12465223d0>, subsample=0.9083868719818244, subsample_freq=1; total time=   0.0s
[CV] END colsample_bytree=0.8550229885420852, learning_rate=0.18744254851526532, max_depth=3, min_child_samples=51, n_estimators=10000, num_leaves=220, reg_alpha=0.8489138242660839, reg_lambda=2.6651885634946195, scale_pos_weight=<scipy.stats._distn_infrastructure.rv_continuous_frozen object at 0x7f12465223d0>, subsample=0.9083868719818244, subsample_freq=1; total time=   0.0s
[CV] END colsample_bytree=0.8550229885420852, learning_rate=0.18744254851526532, max_depth=3, min_child_samples=51, n_estimators=10000, num_leaves=220, reg_alpha=0.8489138242660839, reg_lambda=2.6651885634946195, scale_pos_weight=<scipy.stats._distn_infrastructure.rv_continuous_frozen object at 0x7f12465223d0>, subsample=0.9083868719818244, subsample_freq=1; total time=   0.0s
[CV] END colsample_bytree=0.8550229885420852, learning_rate=0.18744254851526532, max_depth=3, min_child_samples=51, n_estimators=10000, num_leaves=220, reg_alpha=0.8489138242660839, reg_lambda=2.6651885634946195, scale_pos_weight=<scipy.stats._distn_infrastructure.rv_continuous_frozen object at 0x7f12465223d0>, subsample=0.9083868719818244, subsample_freq=1; total time=   0.0s
[CV] END colsample_bytree=0.8550229885420852, learning_rate=0.18744254851526532, max_depth=3, min_child_samples=51, n_estimators=10000, num_leaves=220, reg_alpha=0.8489138242660839, reg_lambda=2.6651885634946195, scale_pos_weight=<scipy.stats._distn_infrastructure.rv_continuous_frozen object at 0x7f12465223d0>, subsample=0.9083868719818244, subsample_freq=1; total time=   0.0s
[CV] END colsample_bytree=0.7975182385457563, learning_rate=0.11454656587639882, max_depth=9, min_child_samples=94, n_estimators=10000, num_leaves=56, reg_alpha=0.4393365018657701, reg_lambda=1.1051576070061886, scale_pos_weight=1.611336989409985, subsample=0.8545641645055122, subsample_freq=1; total time=   3.2s
[CV] END colsample_bytree=0.7975182385457563, learning_rate=0.11454656587639882, max_depth=9, min_child_samples=94, n_estimators=10000, num_leaves=56, reg_alpha=0.4393365018657701, reg_lambda=1.1051576070061886, scale_pos_weight=1.611336989409985, subsample=0.8545641645055122, subsample_freq=1; total time=   3.2s
[CV] END colsample_bytree=0.7975182385457563, learning_rate=0.11454656587639882, max_depth=9, min_child_samples=94, n_estimators=10000, num_leaves=56, reg_alpha=0.4393365018657701, reg_lambda=1.1051576070061886, scale_pos_weight=1.611336989409985, subsample=0.8545641645055122, subsample_freq=1; total time=   3.1s
[CV] END colsample_bytree=0.7975182385457563, learning_rate=0.11454656587639882, max_depth=9, min_child_samples=94, n_estimators=10000, num_leaves=56, reg_alpha=0.4393365018657701, reg_lambda=1.1051576070061886, scale_pos_weight=1.611336989409985, subsample=0.8545641645055122, subsample_freq=1; total time=   3.0s
[CV] END colsample_bytree=0.7975182385457563, learning_rate=0.11454656587639882, max_depth=9, min_child_samples=94, n_estimators=10000, num_leaves=56, reg_alpha=0.4393365018657701, reg_lambda=1.1051576070061886, scale_pos_weight=1.611336989409985, subsample=0.8545641645055122, subsample_freq=1; total time=   3.1s
[CV] END colsample_bytree=0.7257423924305306, learning_rate=0.11171413823294056, max_depth=8, min_child_samples=27, n_estimators=10000, num_leaves=245, reg_alpha=0.41038292303562973, reg_lambda=2.766653415629146, scale_pos_weight=1.611336989409985, subsample=0.9771414282231924, subsample_freq=1; total time=   2.7s
[CV] END colsample_bytree=0.7257423924305306, learning_rate=0.11171413823294056, max_depth=8, min_child_samples=27, n_estimators=10000, num_leaves=245, reg_alpha=0.41038292303562973, reg_lambda=2.766653415629146, scale_pos_weight=1.611336989409985, subsample=0.9771414282231924, subsample_freq=1; total time=   2.7s
[CV] END colsample_bytree=0.7257423924305306, learning_rate=0.11171413823294056, max_depth=8, min_child_samples=27, n_estimators=10000, num_leaves=245, reg_alpha=0.41038292303562973, reg_lambda=2.766653415629146, scale_pos_weight=1.611336989409985, subsample=0.9771414282231924, subsample_freq=1; total time=   2.6s
[CV] END colsample_bytree=0.7257423924305306, learning_rate=0.11171413823294056, max_depth=8, min_child_samples=27, n_estimators=10000, num_leaves=245, reg_alpha=0.41038292303562973, reg_lambda=2.766653415629146, scale_pos_weight=1.611336989409985, subsample=0.9771414282231924, subsample_freq=1; total time=   2.6s
[CV] END colsample_bytree=0.7257423924305306, learning_rate=0.11171413823294056, max_depth=8, min_child_samples=27, n_estimators=10000, num_leaves=245, reg_alpha=0.41038292303562973, reg_lambda=2.766653415629146, scale_pos_weight=1.611336989409985, subsample=0.9771414282231924, subsample_freq=1; total time=   2.6s
[CV] END colsample_bytree=0.8395461865954144, learning_rate=0.14895698660794093, max_depth=6, min_child_samples=70, n_estimators=10000, num_leaves=184, reg_alpha=0.808120379564417, reg_lambda=2.4002112695312703, scale_pos_weight=1.611336989409985, subsample=0.782613828193164, subsample_freq=1; total time=   3.0s
[CV] END colsample_bytree=0.8395461865954144, learning_rate=0.14895698660794093, max_depth=6, min_child_samples=70, n_estimators=10000, num_leaves=184, reg_alpha=0.808120379564417, reg_lambda=2.4002112695312703, scale_pos_weight=1.611336989409985, subsample=0.782613828193164, subsample_freq=1; total time=   2.9s
[CV] END colsample_bytree=0.8395461865954144, learning_rate=0.14895698660794093, max_depth=6, min_child_samples=70, n_estimators=10000, num_leaves=184, reg_alpha=0.808120379564417, reg_lambda=2.4002112695312703, scale_pos_weight=1.611336989409985, subsample=0.782613828193164, subsample_freq=1; total time=   2.9s
[CV] END colsample_bytree=0.8395461865954144, learning_rate=0.14895698660794093, max_depth=6, min_child_samples=70, n_estimators=10000, num_leaves=184, reg_alpha=0.808120379564417, reg_lambda=2.4002112695312703, scale_pos_weight=1.611336989409985, subsample=0.782613828193164, subsample_freq=1; total time=   2.8s
[CV] END colsample_bytree=0.8395461865954144, learning_rate=0.14895698660794093, max_depth=6, min_child_samples=70, n_estimators=10000, num_leaves=184, reg_alpha=0.808120379564417, reg_lambda=2.4002112695312703, scale_pos_weight=1.611336989409985, subsample=0.782613828193164, subsample_freq=1; total time=   2.9s
[CV] END colsample_bytree=0.6873761748867334, learning_rate=0.09330198957407325, max_depth=8, min_child_samples=79, n_estimators=10000, num_leaves=142, reg_alpha=0.8074401551640625, reg_lambda=3.1882738997704796, scale_pos_weight=<scipy.stats._distn_infrastructure.rv_continuous_frozen object at 0x7f12465223d0>, subsample=0.9627313766183017, subsample_freq=1; total time=   0.0s
[CV] END colsample_bytree=0.6873761748867334, learning_rate=0.09330198957407325, max_depth=8, min_child_samples=79, n_estimators=10000, num_leaves=142, reg_alpha=0.8074401551640625, reg_lambda=3.1882738997704796, scale_pos_weight=<scipy.stats._distn_infrastructure.rv_continuous_frozen object at 0x7f12465223d0>, subsample=0.9627313766183017, subsample_freq=1; total time=   0.0s
[CV] END colsample_bytree=0.6873761748867334, learning_rate=0.09330198957407325, max_depth=8, min_child_samples=79, n_estimators=10000, num_leaves=142, reg_alpha=0.8074401551640625, reg_lambda=3.1882738997704796, scale_pos_weight=<scipy.stats._distn_infrastructure.rv_continuous_frozen object at 0x7f12465223d0>, subsample=0.9627313766183017, subsample_freq=1; total time=   0.0s
[CV] END colsample_bytree=0.6873761748867334, learning_rate=0.09330198957407325, max_depth=8, min_child_samples=79, n_estimators=10000, num_leaves=142, reg_alpha=0.8074401551640625, reg_lambda=3.1882738997704796, scale_pos_weight=<scipy.stats._distn_infrastructure.rv_continuous_frozen object at 0x7f12465223d0>, subsample=0.9627313766183017, subsample_freq=1; total time=   0.0s
[CV] END colsample_bytree=0.6873761748867334, learning_rate=0.09330198957407325, max_depth=8, min_child_samples=79, n_estimators=10000, num_leaves=142, reg_alpha=0.8074401551640625, reg_lambda=3.1882738997704796, scale_pos_weight=<scipy.stats._distn_infrastructure.rv_continuous_frozen object at 0x7f12465223d0>, subsample=0.9627313766183017, subsample_freq=1; total time=   0.0s
[CV] END colsample_bytree=0.7088528997538541, learning_rate=0.13953802410827248, max_depth=3, min_child_samples=81, n_estimators=10000, num_leaves=247, reg_alpha=0.30478125815802903, reg_lambda=0.9939675594288252, scale_pos_weight=<scipy.stats._distn_infrastructure.rv_continuous_frozen object at 0x7f12465223d0>, subsample=0.7669644012595116, subsample_freq=1; total time=   0.0s
[CV] END colsample_bytree=0.7088528997538541, learning_rate=0.13953802410827248, max_depth=3, min_child_samples=81, n_estimators=10000, num_leaves=247, reg_alpha=0.30478125815802903, reg_lambda=0.9939675594288252, scale_pos_weight=<scipy.stats._distn_infrastructure.rv_continuous_frozen object at 0x7f12465223d0>, subsample=0.7669644012595116, subsample_freq=1; total time=   0.0s
[CV] END colsample_bytree=0.7088528997538541, learning_rate=0.13953802410827248, max_depth=3, min_child_samples=81, n_estimators=10000, num_leaves=247, reg_alpha=0.30478125815802903, reg_lambda=0.9939675594288252, scale_pos_weight=<scipy.stats._distn_infrastructure.rv_continuous_frozen object at 0x7f12465223d0>, subsample=0.7669644012595116, subsample_freq=1; total time=   0.0s
[CV] END colsample_bytree=0.7088528997538541, learning_rate=0.13953802410827248, max_depth=3, min_child_samples=81, n_estimators=10000, num_leaves=247, reg_alpha=0.30478125815802903, reg_lambda=0.9939675594288252, scale_pos_weight=<scipy.stats._distn_infrastructure.rv_continuous_frozen object at 0x7f12465223d0>, subsample=0.7669644012595116, subsample_freq=1; total time=   0.0s
[CV] END colsample_bytree=0.7088528997538541, learning_rate=0.13953802410827248, max_depth=3, min_child_samples=81, n_estimators=10000, num_leaves=247, reg_alpha=0.30478125815802903, reg_lambda=0.9939675594288252, scale_pos_weight=<scipy.stats._distn_infrastructure.rv_continuous_frozen object at 0x7f12465223d0>, subsample=0.7669644012595116, subsample_freq=1; total time=   0.0s
[CV] END colsample_bytree=0.6888431241882921, learning_rate=0.033973073466736566, max_depth=6, min_child_samples=28, n_estimators=10000, num_leaves=221, reg_alpha=0.16829104217293056, reg_lambda=1.1562926587192108, scale_pos_weight=1.611336989409985, subsample=0.881207583558071, subsample_freq=1; total time=   5.9s
[CV] END colsample_bytree=0.6888431241882921, learning_rate=0.033973073466736566, max_depth=6, min_child_samples=28, n_estimators=10000, num_leaves=221, reg_alpha=0.16829104217293056, reg_lambda=1.1562926587192108, scale_pos_weight=1.611336989409985, subsample=0.881207583558071, subsample_freq=1; total time=   5.9s
[CV] END colsample_bytree=0.6888431241882921, learning_rate=0.033973073466736566, max_depth=6, min_child_samples=28, n_estimators=10000, num_leaves=221, reg_alpha=0.16829104217293056, reg_lambda=1.1562926587192108, scale_pos_weight=1.611336989409985, subsample=0.881207583558071, subsample_freq=1; total time=   5.8s
[CV] END colsample_bytree=0.6888431241882921, learning_rate=0.033973073466736566, max_depth=6, min_child_samples=28, n_estimators=10000, num_leaves=221, reg_alpha=0.16829104217293056, reg_lambda=1.1562926587192108, scale_pos_weight=1.611336989409985, subsample=0.881207583558071, subsample_freq=1; total time=   5.7s
[CV] END colsample_bytree=0.6888431241882921, learning_rate=0.033973073466736566, max_depth=6, min_child_samples=28, n_estimators=10000, num_leaves=221, reg_alpha=0.16829104217293056, reg_lambda=1.1562926587192108, scale_pos_weight=1.611336989409985, subsample=0.881207583558071, subsample_freq=1; total time=   5.7s
[CV] END colsample_bytree=0.7454518409517176, learning_rate=0.20435641654419215, max_depth=6, min_child_samples=16, n_estimators=10000, num_leaves=53, reg_alpha=0.49724850589238545, reg_lambda=1.402634929450309, scale_pos_weight=<scipy.stats._distn_infrastructure.rv_continuous_frozen object at 0x7f12465223d0>, subsample=0.9990961940195767, subsample_freq=1; total time=   0.0s
[CV] END colsample_bytree=0.7454518409517176, learning_rate=0.20435641654419215, max_depth=6, min_child_samples=16, n_estimators=10000, num_leaves=53, reg_alpha=0.49724850589238545, reg_lambda=1.402634929450309, scale_pos_weight=<scipy.stats._distn_infrastructure.rv_continuous_frozen object at 0x7f12465223d0>, subsample=0.9990961940195767, subsample_freq=1; total time=   0.0s
[CV] END colsample_bytree=0.7454518409517176, learning_rate=0.20435641654419215, max_depth=6, min_child_samples=16, n_estimators=10000, num_leaves=53, reg_alpha=0.49724850589238545, reg_lambda=1.402634929450309, scale_pos_weight=<scipy.stats._distn_infrastructure.rv_continuous_frozen object at 0x7f12465223d0>, subsample=0.9990961940195767, subsample_freq=1; total time=   0.0s
[CV] END colsample_bytree=0.7454518409517176, learning_rate=0.20435641654419215, max_depth=6, min_child_samples=16, n_estimators=10000, num_leaves=53, reg_alpha=0.49724850589238545, reg_lambda=1.402634929450309, scale_pos_weight=<scipy.stats._distn_infrastructure.rv_continuous_frozen object at 0x7f12465223d0>, subsample=0.9990961940195767, subsample_freq=1; total time=   0.0s
[CV] END colsample_bytree=0.7454518409517176, learning_rate=0.20435641654419215, max_depth=6, min_child_samples=16, n_estimators=10000, num_leaves=53, reg_alpha=0.49724850589238545, reg_lambda=1.402634929450309, scale_pos_weight=<scipy.stats._distn_infrastructure.rv_continuous_frozen object at 0x7f12465223d0>, subsample=0.9990961940195767, subsample_freq=1; total time=   0.0s
[CV] END colsample_bytree=0.706712405710114, learning_rate=0.2053229911665306, max_depth=6, min_child_samples=58, n_estimators=10000, num_leaves=101, reg_alpha=0.27864646423661144, reg_lambda=3.224797657899961, scale_pos_weight=<scipy.stats._distn_infrastructure.rv_continuous_frozen object at 0x7f12465223d0>, subsample=0.8722821806219068, subsample_freq=1; total time=   0.0s
[CV] END colsample_bytree=0.706712405710114, learning_rate=0.2053229911665306, max_depth=6, min_child_samples=58, n_estimators=10000, num_leaves=101, reg_alpha=0.27864646423661144, reg_lambda=3.224797657899961, scale_pos_weight=<scipy.stats._distn_infrastructure.rv_continuous_frozen object at 0x7f12465223d0>, subsample=0.8722821806219068, subsample_freq=1; total time=   0.0s
[CV] END colsample_bytree=0.706712405710114, learning_rate=0.2053229911665306, max_depth=6, min_child_samples=58, n_estimators=10000, num_leaves=101, reg_alpha=0.27864646423661144, reg_lambda=3.224797657899961, scale_pos_weight=<scipy.stats._distn_infrastructure.rv_continuous_frozen object at 0x7f12465223d0>, subsample=0.8722821806219068, subsample_freq=1; total time=   0.0s
[CV] END colsample_bytree=0.706712405710114, learning_rate=0.2053229911665306, max_depth=6, min_child_samples=58, n_estimators=10000, num_leaves=101, reg_alpha=0.27864646423661144, reg_lambda=3.224797657899961, scale_pos_weight=<scipy.stats._distn_infrastructure.rv_continuous_frozen object at 0x7f12465223d0>, subsample=0.8722821806219068, subsample_freq=1; total time=   0.0s
[CV] END colsample_bytree=0.706712405710114, learning_rate=0.2053229911665306, max_depth=6, min_child_samples=58, n_estimators=10000, num_leaves=101, reg_alpha=0.27864646423661144, reg_lambda=3.224797657899961, scale_pos_weight=<scipy.stats._distn_infrastructure.rv_continuous_frozen object at 0x7f12465223d0>, subsample=0.8722821806219068, subsample_freq=1; total time=   0.0s
[CV] END colsample_bytree=0.8123738333268545, learning_rate=0.09955663291461833, max_depth=8, min_child_samples=36, n_estimators=10000, num_leaves=82, reg_alpha=0.08085332633271525, reg_lambda=1.6089633681842135, scale_pos_weight=<scipy.stats._distn_infrastructure.rv_continuous_frozen object at 0x7f12465223d0>, subsample=0.8912865394447438, subsample_freq=1; total time=   0.0s
[CV] END colsample_bytree=0.8123738333268545, learning_rate=0.09955663291461833, max_depth=8, min_child_samples=36, n_estimators=10000, num_leaves=82, reg_alpha=0.08085332633271525, reg_lambda=1.6089633681842135, scale_pos_weight=<scipy.stats._distn_infrastructure.rv_continuous_frozen object at 0x7f12465223d0>, subsample=0.8912865394447438, subsample_freq=1; total time=   0.0s
[CV] END colsample_bytree=0.8123738333268545, learning_rate=0.09955663291461833, max_depth=8, min_child_samples=36, n_estimators=10000, num_leaves=82, reg_alpha=0.08085332633271525, reg_lambda=1.6089633681842135, scale_pos_weight=<scipy.stats._distn_infrastructure.rv_continuous_frozen object at 0x7f12465223d0>, subsample=0.8912865394447438, subsample_freq=1; total time=   0.0s
[CV] END colsample_bytree=0.8123738333268545, learning_rate=0.09955663291461833, max_depth=8, min_child_samples=36, n_estimators=10000, num_leaves=82, reg_alpha=0.08085332633271525, reg_lambda=1.6089633681842135, scale_pos_weight=<scipy.stats._distn_infrastructure.rv_continuous_frozen object at 0x7f12465223d0>, subsample=0.8912865394447438, subsample_freq=1; total time=   0.0s
[CV] END colsample_bytree=0.8123738333268545, learning_rate=0.09955663291461833, max_depth=8, min_child_samples=36, n_estimators=10000, num_leaves=82, reg_alpha=0.08085332633271525, reg_lambda=1.6089633681842135, scale_pos_weight=<scipy.stats._distn_infrastructure.rv_continuous_frozen object at 0x7f12465223d0>, subsample=0.8912865394447438, subsample_freq=1; total time=   0.0s
[CV] END colsample_bytree=0.7471132530877013, learning_rate=0.13646116611871592, max_depth=8, min_child_samples=90, n_estimators=10000, num_leaves=153, reg_alpha=0.8164318732193839, reg_lambda=2.8950353749536535, scale_pos_weight=<scipy.stats._distn_infrastructure.rv_continuous_frozen object at 0x7f12465223d0>, subsample=0.7283120259886944, subsample_freq=1; total time=   0.0s
[CV] END colsample_bytree=0.7471132530877013, learning_rate=0.13646116611871592, max_depth=8, min_child_samples=90, n_estimators=10000, num_leaves=153, reg_alpha=0.8164318732193839, reg_lambda=2.8950353749536535, scale_pos_weight=<scipy.stats._distn_infrastructure.rv_continuous_frozen object at 0x7f12465223d0>, subsample=0.7283120259886944, subsample_freq=1; total time=   0.0s
[CV] END colsample_bytree=0.7471132530877013, learning_rate=0.13646116611871592, max_depth=8, min_child_samples=90, n_estimators=10000, num_leaves=153, reg_alpha=0.8164318732193839, reg_lambda=2.8950353749536535, scale_pos_weight=<scipy.stats._distn_infrastructure.rv_continuous_frozen object at 0x7f12465223d0>, subsample=0.7283120259886944, subsample_freq=1; total time=   0.0s
[CV] END colsample_bytree=0.7471132530877013, learning_rate=0.13646116611871592, max_depth=8, min_child_samples=90, n_estimators=10000, num_leaves=153, reg_alpha=0.8164318732193839, reg_lambda=2.8950353749536535, scale_pos_weight=<scipy.stats._distn_infrastructure.rv_continuous_frozen object at 0x7f12465223d0>, subsample=0.7283120259886944, subsample_freq=1; total time=   0.0s
[CV] END colsample_bytree=0.7471132530877013, learning_rate=0.13646116611871592, max_depth=8, min_child_samples=90, n_estimators=10000, num_leaves=153, reg_alpha=0.8164318732193839, reg_lambda=2.8950353749536535, scale_pos_weight=<scipy.stats._distn_infrastructure.rv_continuous_frozen object at 0x7f12465223d0>, subsample=0.7283120259886944, subsample_freq=1; total time=   0.0s
[CV] END colsample_bytree=0.6746074041599417, learning_rate=0.018155028310952784, max_depth=6, min_child_samples=63, n_estimators=10000, num_leaves=178, reg_alpha=0.016587828927856152, reg_lambda=2.036279174897843, scale_pos_weight=<scipy.stats._distn_infrastructure.rv_continuous_frozen object at 0x7f12465223d0>, subsample=0.7394663949166917, subsample_freq=1; total time=   0.0s
[CV] END colsample_bytree=0.6746074041599417, learning_rate=0.018155028310952784, max_depth=6, min_child_samples=63, n_estimators=10000, num_leaves=178, reg_alpha=0.016587828927856152, reg_lambda=2.036279174897843, scale_pos_weight=<scipy.stats._distn_infrastructure.rv_continuous_frozen object at 0x7f12465223d0>, subsample=0.7394663949166917, subsample_freq=1; total time=   0.0s
[CV] END colsample_bytree=0.6746074041599417, learning_rate=0.018155028310952784, max_depth=6, min_child_samples=63, n_estimators=10000, num_leaves=178, reg_alpha=0.016587828927856152, reg_lambda=2.036279174897843, scale_pos_weight=<scipy.stats._distn_infrastructure.rv_continuous_frozen object at 0x7f12465223d0>, subsample=0.7394663949166917, subsample_freq=1; total time=   0.0s
[CV] END colsample_bytree=0.6746074041599417, learning_rate=0.018155028310952784, max_depth=6, min_child_samples=63, n_estimators=10000, num_leaves=178, reg_alpha=0.016587828927856152, reg_lambda=2.036279174897843, scale_pos_weight=<scipy.stats._distn_infrastructure.rv_continuous_frozen object at 0x7f12465223d0>, subsample=0.7394663949166917, subsample_freq=1; total time=   0.0s
[CV] END colsample_bytree=0.6746074041599417, learning_rate=0.018155028310952784, max_depth=6, min_child_samples=63, n_estimators=10000, num_leaves=178, reg_alpha=0.016587828927856152, reg_lambda=2.036279174897843, scale_pos_weight=<scipy.stats._distn_infrastructure.rv_continuous_frozen object at 0x7f12465223d0>, subsample=0.7394663949166917, subsample_freq=1; total time=   0.0s
[CV] END colsample_bytree=0.6384706204365683, learning_rate=0.1981046528979208, max_depth=9, min_child_samples=86, n_estimators=10000, num_leaves=118, reg_alpha=0.13752094414599325, reg_lambda=1.5231990531507755, scale_pos_weight=<scipy.stats._distn_infrastructure.rv_continuous_frozen object at 0x7f12465223d0>, subsample=0.6836286482950855, subsample_freq=1; total time=   0.0s
[CV] END colsample_bytree=0.6384706204365683, learning_rate=0.1981046528979208, max_depth=9, min_child_samples=86, n_estimators=10000, num_leaves=118, reg_alpha=0.13752094414599325, reg_lambda=1.5231990531507755, scale_pos_weight=<scipy.stats._distn_infrastructure.rv_continuous_frozen object at 0x7f12465223d0>, subsample=0.6836286482950855, subsample_freq=1; total time=   0.0s
[CV] END colsample_bytree=0.6384706204365683, learning_rate=0.1981046528979208, max_depth=9, min_child_samples=86, n_estimators=10000, num_leaves=118, reg_alpha=0.13752094414599325, reg_lambda=1.5231990531507755, scale_pos_weight=<scipy.stats._distn_infrastructure.rv_continuous_frozen object at 0x7f12465223d0>, subsample=0.6836286482950855, subsample_freq=1; total time=   0.0s
[CV] END colsample_bytree=0.6384706204365683, learning_rate=0.1981046528979208, max_depth=9, min_child_samples=86, n_estimators=10000, num_leaves=118, reg_alpha=0.13752094414599325, reg_lambda=1.5231990531507755, scale_pos_weight=<scipy.stats._distn_infrastructure.rv_continuous_frozen object at 0x7f12465223d0>, subsample=0.6836286482950855, subsample_freq=1; total time=   0.0s
[CV] END colsample_bytree=0.6384706204365683, learning_rate=0.1981046528979208, max_depth=9, min_child_samples=86, n_estimators=10000, num_leaves=118, reg_alpha=0.13752094414599325, reg_lambda=1.5231990531507755, scale_pos_weight=<scipy.stats._distn_infrastructure.rv_continuous_frozen object at 0x7f12465223d0>, subsample=0.6836286482950855, subsample_freq=1; total time=   0.0s
[CV] END colsample_bytree=0.8165791895310264, learning_rate=0.14915687986901646, max_depth=9, min_child_samples=20, n_estimators=10000, num_leaves=104, reg_alpha=0.9821683433294356, reg_lambda=2.049907673813043, scale_pos_weight=<scipy.stats._distn_infrastructure.rv_continuous_frozen object at 0x7f12465223d0>, subsample=0.6967409163601807, subsample_freq=1; total time=   0.0s
[CV] END colsample_bytree=0.8165791895310264, learning_rate=0.14915687986901646, max_depth=9, min_child_samples=20, n_estimators=10000, num_leaves=104, reg_alpha=0.9821683433294356, reg_lambda=2.049907673813043, scale_pos_weight=<scipy.stats._distn_infrastructure.rv_continuous_frozen object at 0x7f12465223d0>, subsample=0.6967409163601807, subsample_freq=1; total time=   0.0s
[CV] END colsample_bytree=0.8165791895310264, learning_rate=0.14915687986901646, max_depth=9, min_child_samples=20, n_estimators=10000, num_leaves=104, reg_alpha=0.9821683433294356, reg_lambda=2.049907673813043, scale_pos_weight=<scipy.stats._distn_infrastructure.rv_continuous_frozen object at 0x7f12465223d0>, subsample=0.6967409163601807, subsample_freq=1; total time=   0.0s
[CV] END colsample_bytree=0.8165791895310264, learning_rate=0.14915687986901646, max_depth=9, min_child_samples=20, n_estimators=10000, num_leaves=104, reg_alpha=0.9821683433294356, reg_lambda=2.049907673813043, scale_pos_weight=<scipy.stats._distn_infrastructure.rv_continuous_frozen object at 0x7f12465223d0>, subsample=0.6967409163601807, subsample_freq=1; total time=   0.0s
[CV] END colsample_bytree=0.8165791895310264, learning_rate=0.14915687986901646, max_depth=9, min_child_samples=20, n_estimators=10000, num_leaves=104, reg_alpha=0.9821683433294356, reg_lambda=2.049907673813043, scale_pos_weight=<scipy.stats._distn_infrastructure.rv_continuous_frozen object at 0x7f12465223d0>, subsample=0.6967409163601807, subsample_freq=1; total time=   0.0s
[CV] END colsample_bytree=0.6372411071223597, learning_rate=0.18944315159066538, max_depth=7, min_child_samples=36, n_estimators=10000, num_leaves=23, reg_alpha=0.2788713525921819, reg_lambda=2.601073489918314, scale_pos_weight=1.611336989409985, subsample=0.9588441039810308, subsample_freq=1; total time=   2.4s
[CV] END colsample_bytree=0.6372411071223597, learning_rate=0.18944315159066538, max_depth=7, min_child_samples=36, n_estimators=10000, num_leaves=23, reg_alpha=0.2788713525921819, reg_lambda=2.601073489918314, scale_pos_weight=1.611336989409985, subsample=0.9588441039810308, subsample_freq=1; total time=   2.4s
[CV] END colsample_bytree=0.6372411071223597, learning_rate=0.18944315159066538, max_depth=7, min_child_samples=36, n_estimators=10000, num_leaves=23, reg_alpha=0.2788713525921819, reg_lambda=2.601073489918314, scale_pos_weight=1.611336989409985, subsample=0.9588441039810308, subsample_freq=1; total time=   2.4s
[CV] END colsample_bytree=0.6372411071223597, learning_rate=0.18944315159066538, max_depth=7, min_child_samples=36, n_estimators=10000, num_leaves=23, reg_alpha=0.2788713525921819, reg_lambda=2.601073489918314, scale_pos_weight=1.611336989409985, subsample=0.9588441039810308, subsample_freq=1; total time=   2.3s
[CV] END colsample_bytree=0.6372411071223597, learning_rate=0.18944315159066538, max_depth=7, min_child_samples=36, n_estimators=10000, num_leaves=23, reg_alpha=0.2788713525921819, reg_lambda=2.601073489918314, scale_pos_weight=1.611336989409985, subsample=0.9588441039810308, subsample_freq=1; total time=   2.1s
[CV] END colsample_bytree=0.954834569706047, learning_rate=0.1659751091715248, max_depth=6, min_child_samples=79, n_estimators=10000, num_leaves=127, reg_alpha=0.16162871409461377, reg_lambda=3.195662565581238, scale_pos_weight=1.611336989409985, subsample=0.8322746485745819, subsample_freq=1; total time=   3.8s
[CV] END colsample_bytree=0.954834569706047, learning_rate=0.1659751091715248, max_depth=6, min_child_samples=79, n_estimators=10000, num_leaves=127, reg_alpha=0.16162871409461377, reg_lambda=3.195662565581238, scale_pos_weight=1.611336989409985, subsample=0.8322746485745819, subsample_freq=1; total time=   3.5s
[CV] END colsample_bytree=0.954834569706047, learning_rate=0.1659751091715248, max_depth=6, min_child_samples=79, n_estimators=10000, num_leaves=127, reg_alpha=0.16162871409461377, reg_lambda=3.195662565581238, scale_pos_weight=1.611336989409985, subsample=0.8322746485745819, subsample_freq=1; total time=   3.4s
[CV] END colsample_bytree=0.954834569706047, learning_rate=0.1659751091715248, max_depth=6, min_child_samples=79, n_estimators=10000, num_leaves=127, reg_alpha=0.16162871409461377, reg_lambda=3.195662565581238, scale_pos_weight=1.611336989409985, subsample=0.8322746485745819, subsample_freq=1; total time=   3.7s
[CV] END colsample_bytree=0.954834569706047, learning_rate=0.1659751091715248, max_depth=6, min_child_samples=79, n_estimators=10000, num_leaves=127, reg_alpha=0.16162871409461377, reg_lambda=3.195662565581238, scale_pos_weight=1.611336989409985, subsample=0.8322746485745819, subsample_freq=1; total time=   3.7s
[CV] END colsample_bytree=0.7489131066246972, learning_rate=0.1980266884915557, max_depth=3, min_child_samples=97, n_estimators=10000, num_leaves=160, reg_alpha=0.16080805141749865, reg_lambda=2.1462013680997583, scale_pos_weight=1.611336989409985, subsample=0.7793696571944989, subsample_freq=1; total time=   2.7s
[CV] END colsample_bytree=0.7489131066246972, learning_rate=0.1980266884915557, max_depth=3, min_child_samples=97, n_estimators=10000, num_leaves=160, reg_alpha=0.16080805141749865, reg_lambda=2.1462013680997583, scale_pos_weight=1.611336989409985, subsample=0.7793696571944989, subsample_freq=1; total time=   3.0s
[CV] END colsample_bytree=0.7489131066246972, learning_rate=0.1980266884915557, max_depth=3, min_child_samples=97, n_estimators=10000, num_leaves=160, reg_alpha=0.16080805141749865, reg_lambda=2.1462013680997583, scale_pos_weight=1.611336989409985, subsample=0.7793696571944989, subsample_freq=1; total time=   2.7s
[CV] END colsample_bytree=0.7489131066246972, learning_rate=0.1980266884915557, max_depth=3, min_child_samples=97, n_estimators=10000, num_leaves=160, reg_alpha=0.16080805141749865, reg_lambda=2.1462013680997583, scale_pos_weight=1.611336989409985, subsample=0.7793696571944989, subsample_freq=1; total time=   2.7s
[CV] END colsample_bytree=0.7489131066246972, learning_rate=0.1980266884915557, max_depth=3, min_child_samples=97, n_estimators=10000, num_leaves=160, reg_alpha=0.16080805141749865, reg_lambda=2.1462013680997583, scale_pos_weight=1.611336989409985, subsample=0.7793696571944989, subsample_freq=1; total time=   2.7s
[CV] END colsample_bytree=0.9977829850443283, learning_rate=0.045185050535469076, max_depth=6, min_child_samples=37, n_estimators=10000, num_leaves=156, reg_alpha=0.3253996981592677, reg_lambda=2.7394742153540723, scale_pos_weight=1.611336989409985, subsample=0.8976682092226249, subsample_freq=1; total time=   5.4s
[CV] END colsample_bytree=0.9977829850443283, learning_rate=0.045185050535469076, max_depth=6, min_child_samples=37, n_estimators=10000, num_leaves=156, reg_alpha=0.3253996981592677, reg_lambda=2.7394742153540723, scale_pos_weight=1.611336989409985, subsample=0.8976682092226249, subsample_freq=1; total time=   5.4s
[CV] END colsample_bytree=0.9977829850443283, learning_rate=0.045185050535469076, max_depth=6, min_child_samples=37, n_estimators=10000, num_leaves=156, reg_alpha=0.3253996981592677, reg_lambda=2.7394742153540723, scale_pos_weight=1.611336989409985, subsample=0.8976682092226249, subsample_freq=1; total time=   5.3s
[CV] END colsample_bytree=0.9977829850443283, learning_rate=0.045185050535469076, max_depth=6, min_child_samples=37, n_estimators=10000, num_leaves=156, reg_alpha=0.3253996981592677, reg_lambda=2.7394742153540723, scale_pos_weight=1.611336989409985, subsample=0.8976682092226249, subsample_freq=1; total time=   5.2s
[CV] END colsample_bytree=0.9977829850443283, learning_rate=0.045185050535469076, max_depth=6, min_child_samples=37, n_estimators=10000, num_leaves=156, reg_alpha=0.3253996981592677, reg_lambda=2.7394742153540723, scale_pos_weight=1.611336989409985, subsample=0.8976682092226249, subsample_freq=1; total time=   5.3s
[CV] END colsample_bytree=0.8883759697008518, learning_rate=0.07161215837047784, max_depth=6, min_child_samples=63, n_estimators=10000, num_leaves=129, reg_alpha=0.6363326181858954, reg_lambda=1.2513854558167523, scale_pos_weight=1.611336989409985, subsample=0.9892042219009782, subsample_freq=1; total time=   2.7s
[CV] END colsample_bytree=0.8883759697008518, learning_rate=0.07161215837047784, max_depth=6, min_child_samples=63, n_estimators=10000, num_leaves=129, reg_alpha=0.6363326181858954, reg_lambda=1.2513854558167523, scale_pos_weight=1.611336989409985, subsample=0.9892042219009782, subsample_freq=1; total time=   2.6s
[CV] END colsample_bytree=0.8883759697008518, learning_rate=0.07161215837047784, max_depth=6, min_child_samples=63, n_estimators=10000, num_leaves=129, reg_alpha=0.6363326181858954, reg_lambda=1.2513854558167523, scale_pos_weight=1.611336989409985, subsample=0.9892042219009782, subsample_freq=1; total time=   2.6s
[CV] END colsample_bytree=0.8883759697008518, learning_rate=0.07161215837047784, max_depth=6, min_child_samples=63, n_estimators=10000, num_leaves=129, reg_alpha=0.6363326181858954, reg_lambda=1.2513854558167523, scale_pos_weight=1.611336989409985, subsample=0.9892042219009782, subsample_freq=1; total time=   2.6s
[CV] END colsample_bytree=0.8883759697008518, learning_rate=0.07161215837047784, max_depth=6, min_child_samples=63, n_estimators=10000, num_leaves=129, reg_alpha=0.6363326181858954, reg_lambda=1.2513854558167523, scale_pos_weight=1.611336989409985, subsample=0.9892042219009782, subsample_freq=1; total time=   2.6s
[CV] END colsample_bytree=0.7572390898667042, learning_rate=0.1884093110354227, max_depth=5, min_child_samples=31, n_estimators=10000, num_leaves=240, reg_alpha=0.3500784076946757, reg_lambda=2.4353100860916945, scale_pos_weight=<scipy.stats._distn_infrastructure.rv_continuous_frozen object at 0x7f12465223d0>, subsample=0.7970070775275455, subsample_freq=1; total time=   0.0s
[CV] END colsample_bytree=0.7572390898667042, learning_rate=0.1884093110354227, max_depth=5, min_child_samples=31, n_estimators=10000, num_leaves=240, reg_alpha=0.3500784076946757, reg_lambda=2.4353100860916945, scale_pos_weight=<scipy.stats._distn_infrastructure.rv_continuous_frozen object at 0x7f12465223d0>, subsample=0.7970070775275455, subsample_freq=1; total time=   0.0s
[CV] END colsample_bytree=0.7572390898667042, learning_rate=0.1884093110354227, max_depth=5, min_child_samples=31, n_estimators=10000, num_leaves=240, reg_alpha=0.3500784076946757, reg_lambda=2.4353100860916945, scale_pos_weight=<scipy.stats._distn_infrastructure.rv_continuous_frozen object at 0x7f12465223d0>, subsample=0.7970070775275455, subsample_freq=1; total time=   0.0s
[CV] END colsample_bytree=0.7572390898667042, learning_rate=0.1884093110354227, max_depth=5, min_child_samples=31, n_estimators=10000, num_leaves=240, reg_alpha=0.3500784076946757, reg_lambda=2.4353100860916945, scale_pos_weight=<scipy.stats._distn_infrastructure.rv_continuous_frozen object at 0x7f12465223d0>, subsample=0.7970070775275455, subsample_freq=1; total time=   0.0s
[CV] END colsample_bytree=0.7572390898667042, learning_rate=0.1884093110354227, max_depth=5, min_child_samples=31, n_estimators=10000, num_leaves=240, reg_alpha=0.3500784076946757, reg_lambda=2.4353100860916945, scale_pos_weight=<scipy.stats._distn_infrastructure.rv_continuous_frozen object at 0x7f12465223d0>, subsample=0.7970070775275455, subsample_freq=1; total time=   0.0s
[CV] END colsample_bytree=0.6780971951192178, learning_rate=0.15449042305230107, max_depth=5, min_child_samples=8, n_estimators=10000, num_leaves=49, reg_alpha=0.768554014306309, reg_lambda=0.6308113152633013, scale_pos_weight=1.611336989409985, subsample=0.9761834337411657, subsample_freq=1; total time=   1.9s
[CV] END colsample_bytree=0.6780971951192178, learning_rate=0.15449042305230107, max_depth=5, min_child_samples=8, n_estimators=10000, num_leaves=49, reg_alpha=0.768554014306309, reg_lambda=0.6308113152633013, scale_pos_weight=1.611336989409985, subsample=0.9761834337411657, subsample_freq=1; total time=   1.9s
[CV] END colsample_bytree=0.6780971951192178, learning_rate=0.15449042305230107, max_depth=5, min_child_samples=8, n_estimators=10000, num_leaves=49, reg_alpha=0.768554014306309, reg_lambda=0.6308113152633013, scale_pos_weight=1.611336989409985, subsample=0.9761834337411657, subsample_freq=1; total time=   1.9s
[CV] END colsample_bytree=0.6780971951192178, learning_rate=0.15449042305230107, max_depth=5, min_child_samples=8, n_estimators=10000, num_leaves=49, reg_alpha=0.768554014306309, reg_lambda=0.6308113152633013, scale_pos_weight=1.611336989409985, subsample=0.9761834337411657, subsample_freq=1; total time=   1.8s
[CV] END colsample_bytree=0.6780971951192178, learning_rate=0.15449042305230107, max_depth=5, min_child_samples=8, n_estimators=10000, num_leaves=49, reg_alpha=0.768554014306309, reg_lambda=0.6308113152633013, scale_pos_weight=1.611336989409985, subsample=0.9761834337411657, subsample_freq=1; total time=   1.8s
[CV] END colsample_bytree=0.9815714308010349, learning_rate=0.19297287804408972, max_depth=5, min_child_samples=41, n_estimators=10000, num_leaves=38, reg_alpha=0.3307503046705137, reg_lambda=2.15829490050647, scale_pos_weight=<scipy.stats._distn_infrastructure.rv_continuous_frozen object at 0x7f12465223d0>, subsample=0.9854479908357011, subsample_freq=1; total time=   0.0s
[CV] END colsample_bytree=0.9815714308010349, learning_rate=0.19297287804408972, max_depth=5, min_child_samples=41, n_estimators=10000, num_leaves=38, reg_alpha=0.3307503046705137, reg_lambda=2.15829490050647, scale_pos_weight=<scipy.stats._distn_infrastructure.rv_continuous_frozen object at 0x7f12465223d0>, subsample=0.9854479908357011, subsample_freq=1; total time=   0.0s
[CV] END colsample_bytree=0.9815714308010349, learning_rate=0.19297287804408972, max_depth=5, min_child_samples=41, n_estimators=10000, num_leaves=38, reg_alpha=0.3307503046705137, reg_lambda=2.15829490050647, scale_pos_weight=<scipy.stats._distn_infrastructure.rv_continuous_frozen object at 0x7f12465223d0>, subsample=0.9854479908357011, subsample_freq=1; total time=   0.0s
[CV] END colsample_bytree=0.9815714308010349, learning_rate=0.19297287804408972, max_depth=5, min_child_samples=41, n_estimators=10000, num_leaves=38, reg_alpha=0.3307503046705137, reg_lambda=2.15829490050647, scale_pos_weight=<scipy.stats._distn_infrastructure.rv_continuous_frozen object at 0x7f12465223d0>, subsample=0.9854479908357011, subsample_freq=1; total time=   0.0s
[CV] END colsample_bytree=0.9815714308010349, learning_rate=0.19297287804408972, max_depth=5, min_child_samples=41, n_estimators=10000, num_leaves=38, reg_alpha=0.3307503046705137, reg_lambda=2.15829490050647, scale_pos_weight=<scipy.stats._distn_infrastructure.rv_continuous_frozen object at 0x7f12465223d0>, subsample=0.9854479908357011, subsample_freq=1; total time=   0.0s
[CV] END colsample_bytree=0.941203782186944, learning_rate=0.06888977841391714, max_depth=7, min_child_samples=36, n_estimators=10000, num_leaves=229, reg_alpha=0.2684748568901568, reg_lambda=1.9558396228289472, scale_pos_weight=1.611336989409985, subsample=0.82272050498334, subsample_freq=1; total time=   4.7s
[CV] END colsample_bytree=0.941203782186944, learning_rate=0.06888977841391714, max_depth=7, min_child_samples=36, n_estimators=10000, num_leaves=229, reg_alpha=0.2684748568901568, reg_lambda=1.9558396228289472, scale_pos_weight=1.611336989409985, subsample=0.82272050498334, subsample_freq=1; total time=   4.7s
[CV] END colsample_bytree=0.941203782186944, learning_rate=0.06888977841391714, max_depth=7, min_child_samples=36, n_estimators=10000, num_leaves=229, reg_alpha=0.2684748568901568, reg_lambda=1.9558396228289472, scale_pos_weight=1.611336989409985, subsample=0.82272050498334, subsample_freq=1; total time=   4.6s
[CV] END colsample_bytree=0.941203782186944, learning_rate=0.06888977841391714, max_depth=7, min_child_samples=36, n_estimators=10000, num_leaves=229, reg_alpha=0.2684748568901568, reg_lambda=1.9558396228289472, scale_pos_weight=1.611336989409985, subsample=0.82272050498334, subsample_freq=1; total time=   4.5s
[CV] END colsample_bytree=0.941203782186944, learning_rate=0.06888977841391714, max_depth=7, min_child_samples=36, n_estimators=10000, num_leaves=229, reg_alpha=0.2684748568901568, reg_lambda=1.9558396228289472, scale_pos_weight=1.611336989409985, subsample=0.82272050498334, subsample_freq=1; total time=   4.6s
[CV] END colsample_bytree=0.9744619096643123, learning_rate=0.14920595933499461, max_depth=8, min_child_samples=28, n_estimators=10000, num_leaves=128, reg_alpha=0.6150072266991697, reg_lambda=3.47016155031279, scale_pos_weight=1.611336989409985, subsample=0.7016654596278955, subsample_freq=1; total time=   3.3s
[CV] END colsample_bytree=0.9744619096643123, learning_rate=0.14920595933499461, max_depth=8, min_child_samples=28, n_estimators=10000, num_leaves=128, reg_alpha=0.6150072266991697, reg_lambda=3.47016155031279, scale_pos_weight=1.611336989409985, subsample=0.7016654596278955, subsample_freq=1; total time=   3.3s
[CV] END colsample_bytree=0.9744619096643123, learning_rate=0.14920595933499461, max_depth=8, min_child_samples=28, n_estimators=10000, num_leaves=128, reg_alpha=0.6150072266991697, reg_lambda=3.47016155031279, scale_pos_weight=1.611336989409985, subsample=0.7016654596278955, subsample_freq=1; total time=   3.2s
[CV] END colsample_bytree=0.9744619096643123, learning_rate=0.14920595933499461, max_depth=8, min_child_samples=28, n_estimators=10000, num_leaves=128, reg_alpha=0.6150072266991697, reg_lambda=3.47016155031279, scale_pos_weight=1.611336989409985, subsample=0.7016654596278955, subsample_freq=1; total time=   3.2s
[CV] END colsample_bytree=0.9744619096643123, learning_rate=0.14920595933499461, max_depth=8, min_child_samples=28, n_estimators=10000, num_leaves=128, reg_alpha=0.6150072266991697, reg_lambda=3.47016155031279, scale_pos_weight=1.611336989409985, subsample=0.7016654596278955, subsample_freq=1; total time=   3.2s
[CV] END colsample_bytree=0.7181162353675755, learning_rate=0.0745101528477201, max_depth=3, min_child_samples=13, n_estimators=10000, num_leaves=57, reg_alpha=0.7089109969101186, reg_lambda=2.158459930723723, scale_pos_weight=1.611336989409985, subsample=0.9237444621914055, subsample_freq=1; total time=   3.0s
[CV] END colsample_bytree=0.7181162353675755, learning_rate=0.0745101528477201, max_depth=3, min_child_samples=13, n_estimators=10000, num_leaves=57, reg_alpha=0.7089109969101186, reg_lambda=2.158459930723723, scale_pos_weight=1.611336989409985, subsample=0.9237444621914055, subsample_freq=1; total time=   3.0s
[CV] END colsample_bytree=0.7181162353675755, learning_rate=0.0745101528477201, max_depth=3, min_child_samples=13, n_estimators=10000, num_leaves=57, reg_alpha=0.7089109969101186, reg_lambda=2.158459930723723, scale_pos_weight=1.611336989409985, subsample=0.9237444621914055, subsample_freq=1; total time=   3.0s
[CV] END colsample_bytree=0.7181162353675755, learning_rate=0.0745101528477201, max_depth=3, min_child_samples=13, n_estimators=10000, num_leaves=57, reg_alpha=0.7089109969101186, reg_lambda=2.158459930723723, scale_pos_weight=1.611336989409985, subsample=0.9237444621914055, subsample_freq=1; total time=   3.0s
[CV] END colsample_bytree=0.7181162353675755, learning_rate=0.0745101528477201, max_depth=3, min_child_samples=13, n_estimators=10000, num_leaves=57, reg_alpha=0.7089109969101186, reg_lambda=2.158459930723723, scale_pos_weight=1.611336989409985, subsample=0.9237444621914055, subsample_freq=1; total time=   3.0s
[CV] END colsample_bytree=0.9240453578716723, learning_rate=0.18341446371602077, max_depth=7, min_child_samples=64, n_estimators=10000, num_leaves=149, reg_alpha=0.5015162946871996, reg_lambda=2.8948855369003255, scale_pos_weight=<scipy.stats._distn_infrastructure.rv_continuous_frozen object at 0x7f12465223d0>, subsample=0.628376366799971, subsample_freq=1; total time=   0.0s
[CV] END colsample_bytree=0.9240453578716723, learning_rate=0.18341446371602077, max_depth=7, min_child_samples=64, n_estimators=10000, num_leaves=149, reg_alpha=0.5015162946871996, reg_lambda=2.8948855369003255, scale_pos_weight=<scipy.stats._distn_infrastructure.rv_continuous_frozen object at 0x7f12465223d0>, subsample=0.628376366799971, subsample_freq=1; total time=   0.0s
[CV] END colsample_bytree=0.9240453578716723, learning_rate=0.18341446371602077, max_depth=7, min_child_samples=64, n_estimators=10000, num_leaves=149, reg_alpha=0.5015162946871996, reg_lambda=2.8948855369003255, scale_pos_weight=<scipy.stats._distn_infrastructure.rv_continuous_frozen object at 0x7f12465223d0>, subsample=0.628376366799971, subsample_freq=1; total time=   0.0s
[CV] END colsample_bytree=0.9240453578716723, learning_rate=0.18341446371602077, max_depth=7, min_child_samples=64, n_estimators=10000, num_leaves=149, reg_alpha=0.5015162946871996, reg_lambda=2.8948855369003255, scale_pos_weight=<scipy.stats._distn_infrastructure.rv_continuous_frozen object at 0x7f12465223d0>, subsample=0.628376366799971, subsample_freq=1; total time=   0.0s
[CV] END colsample_bytree=0.9240453578716723, learning_rate=0.18341446371602077, max_depth=7, min_child_samples=64, n_estimators=10000, num_leaves=149, reg_alpha=0.5015162946871996, reg_lambda=2.8948855369003255, scale_pos_weight=<scipy.stats._distn_infrastructure.rv_continuous_frozen object at 0x7f12465223d0>, subsample=0.628376366799971, subsample_freq=1; total time=   0.0s
[CV] END colsample_bytree=0.7587135308855554, learning_rate=0.020153706207879388, max_depth=5, min_child_samples=91, n_estimators=10000, num_leaves=157, reg_alpha=0.375582952639944, reg_lambda=0.781945819522607, scale_pos_weight=<scipy.stats._distn_infrastructure.rv_continuous_frozen object at 0x7f12465223d0>, subsample=0.8688104541180797, subsample_freq=1; total time=   0.0s
[CV] END colsample_bytree=0.7587135308855554, learning_rate=0.020153706207879388, max_depth=5, min_child_samples=91, n_estimators=10000, num_leaves=157, reg_alpha=0.375582952639944, reg_lambda=0.781945819522607, scale_pos_weight=<scipy.stats._distn_infrastructure.rv_continuous_frozen object at 0x7f12465223d0>, subsample=0.8688104541180797, subsample_freq=1; total time=   0.0s
[CV] END colsample_bytree=0.7587135308855554, learning_rate=0.020153706207879388, max_depth=5, min_child_samples=91, n_estimators=10000, num_leaves=157, reg_alpha=0.375582952639944, reg_lambda=0.781945819522607, scale_pos_weight=<scipy.stats._distn_infrastructure.rv_continuous_frozen object at 0x7f12465223d0>, subsample=0.8688104541180797, subsample_freq=1; total time=   0.0s
[CV] END colsample_bytree=0.7587135308855554, learning_rate=0.020153706207879388, max_depth=5, min_child_samples=91, n_estimators=10000, num_leaves=157, reg_alpha=0.375582952639944, reg_lambda=0.781945819522607, scale_pos_weight=<scipy.stats._distn_infrastructure.rv_continuous_frozen object at 0x7f12465223d0>, subsample=0.8688104541180797, subsample_freq=1; total time=   0.0s
[CV] END colsample_bytree=0.7587135308855554, learning_rate=0.020153706207879388, max_depth=5, min_child_samples=91, n_estimators=10000, num_leaves=157, reg_alpha=0.375582952639944, reg_lambda=0.781945819522607, scale_pos_weight=<scipy.stats._distn_infrastructure.rv_continuous_frozen object at 0x7f12465223d0>, subsample=0.8688104541180797, subsample_freq=1; total time=   0.0s
[CV] END colsample_bytree=0.7312610669898928, learning_rate=0.04100832334554884, max_depth=8, min_child_samples=26, n_estimators=10000, num_leaves=72, reg_alpha=0.8604046183116753, reg_lambda=1.2507540815475922, scale_pos_weight=1.611336989409985, subsample=0.9290402242638633, subsample_freq=1; total time=   3.9s
[CV] END colsample_bytree=0.7312610669898928, learning_rate=0.04100832334554884, max_depth=8, min_child_samples=26, n_estimators=10000, num_leaves=72, reg_alpha=0.8604046183116753, reg_lambda=1.2507540815475922, scale_pos_weight=1.611336989409985, subsample=0.9290402242638633, subsample_freq=1; total time=   4.1s
[CV] END colsample_bytree=0.7312610669898928, learning_rate=0.04100832334554884, max_depth=8, min_child_samples=26, n_estimators=10000, num_leaves=72, reg_alpha=0.8604046183116753, reg_lambda=1.2507540815475922, scale_pos_weight=1.611336989409985, subsample=0.9290402242638633, subsample_freq=1; total time=   3.8s
[CV] END colsample_bytree=0.7312610669898928, learning_rate=0.04100832334554884, max_depth=8, min_child_samples=26, n_estimators=10000, num_leaves=72, reg_alpha=0.8604046183116753, reg_lambda=1.2507540815475922, scale_pos_weight=1.611336989409985, subsample=0.9290402242638633, subsample_freq=1; total time=   3.7s
[CV] END colsample_bytree=0.7312610669898928, learning_rate=0.04100832334554884, max_depth=8, min_child_samples=26, n_estimators=10000, num_leaves=72, reg_alpha=0.8604046183116753, reg_lambda=1.2507540815475922, scale_pos_weight=1.611336989409985, subsample=0.9290402242638633, subsample_freq=1; total time=   4.1s
----------
iter: 1
n_candidates: 14
n_resources: 24546
Fitting 5 folds for each of 14 candidates, totalling 70 fits
[CV] END colsample_bytree=0.6056319290860338, learning_rate=0.049768480817761036, max_depth=5, min_child_samples=39, n_estimators=10000, num_leaves=47, reg_alpha=0.6059599747810114, reg_lambda=3.278902635540047, scale_pos_weight=1.611336989409985, subsample=0.6463476238100518, subsample_freq=1; total time=   8.9s
[CV] END colsample_bytree=0.6056319290860338, learning_rate=0.049768480817761036, max_depth=5, min_child_samples=39, n_estimators=10000, num_leaves=47, reg_alpha=0.6059599747810114, reg_lambda=3.278902635540047, scale_pos_weight=1.611336989409985, subsample=0.6463476238100518, subsample_freq=1; total time=   9.4s
[CV] END colsample_bytree=0.6056319290860338, learning_rate=0.049768480817761036, max_depth=5, min_child_samples=39, n_estimators=10000, num_leaves=47, reg_alpha=0.6059599747810114, reg_lambda=3.278902635540047, scale_pos_weight=1.611336989409985, subsample=0.6463476238100518, subsample_freq=1; total time=   8.7s
[CV] END colsample_bytree=0.6056319290860338, learning_rate=0.049768480817761036, max_depth=5, min_child_samples=39, n_estimators=10000, num_leaves=47, reg_alpha=0.6059599747810114, reg_lambda=3.278902635540047, scale_pos_weight=1.611336989409985, subsample=0.6463476238100518, subsample_freq=1; total time=   9.5s
[CV] END colsample_bytree=0.6056319290860338, learning_rate=0.049768480817761036, max_depth=5, min_child_samples=39, n_estimators=10000, num_leaves=47, reg_alpha=0.6059599747810114, reg_lambda=3.278902635540047, scale_pos_weight=1.611336989409985, subsample=0.6463476238100518, subsample_freq=1; total time=   9.4s
[CV] END colsample_bytree=0.9844688097397396, learning_rate=0.1789067697356303, max_depth=7, min_child_samples=86, n_estimators=10000, num_leaves=125, reg_alpha=0.8287375091519293, reg_lambda=1.5702599800807677, scale_pos_weight=1.611336989409985, subsample=0.8428136990746738, subsample_freq=1; total time=   6.7s
[CV] END colsample_bytree=0.9844688097397396, learning_rate=0.1789067697356303, max_depth=7, min_child_samples=86, n_estimators=10000, num_leaves=125, reg_alpha=0.8287375091519293, reg_lambda=1.5702599800807677, scale_pos_weight=1.611336989409985, subsample=0.8428136990746738, subsample_freq=1; total time=   7.3s
[CV] END colsample_bytree=0.9844688097397396, learning_rate=0.1789067697356303, max_depth=7, min_child_samples=86, n_estimators=10000, num_leaves=125, reg_alpha=0.8287375091519293, reg_lambda=1.5702599800807677, scale_pos_weight=1.611336989409985, subsample=0.8428136990746738, subsample_freq=1; total time=   7.2s
[CV] END colsample_bytree=0.9844688097397396, learning_rate=0.1789067697356303, max_depth=7, min_child_samples=86, n_estimators=10000, num_leaves=125, reg_alpha=0.8287375091519293, reg_lambda=1.5702599800807677, scale_pos_weight=1.611336989409985, subsample=0.8428136990746738, subsample_freq=1; total time=   7.2s
[CV] END colsample_bytree=0.9844688097397396, learning_rate=0.1789067697356303, max_depth=7, min_child_samples=86, n_estimators=10000, num_leaves=125, reg_alpha=0.8287375091519293, reg_lambda=1.5702599800807677, scale_pos_weight=1.611336989409985, subsample=0.8428136990746738, subsample_freq=1; total time=   7.1s
[CV] END colsample_bytree=0.7168578594140873, learning_rate=0.08327236865873834, max_depth=8, min_child_samples=66, n_estimators=10000, num_leaves=189, reg_alpha=0.6183860093330873, reg_lambda=1.6473859738014882, scale_pos_weight=1.611336989409985, subsample=0.836965827544817, subsample_freq=1; total time=   9.0s
[CV] END colsample_bytree=0.7168578594140873, learning_rate=0.08327236865873834, max_depth=8, min_child_samples=66, n_estimators=10000, num_leaves=189, reg_alpha=0.6183860093330873, reg_lambda=1.6473859738014882, scale_pos_weight=1.611336989409985, subsample=0.836965827544817, subsample_freq=1; total time=   9.1s
[CV] END colsample_bytree=0.7168578594140873, learning_rate=0.08327236865873834, max_depth=8, min_child_samples=66, n_estimators=10000, num_leaves=189, reg_alpha=0.6183860093330873, reg_lambda=1.6473859738014882, scale_pos_weight=1.611336989409985, subsample=0.836965827544817, subsample_freq=1; total time=   9.5s
[CV] END colsample_bytree=0.7168578594140873, learning_rate=0.08327236865873834, max_depth=8, min_child_samples=66, n_estimators=10000, num_leaves=189, reg_alpha=0.6183860093330873, reg_lambda=1.6473859738014882, scale_pos_weight=1.611336989409985, subsample=0.836965827544817, subsample_freq=1; total time=   9.5s
[CV] END colsample_bytree=0.7168578594140873, learning_rate=0.08327236865873834, max_depth=8, min_child_samples=66, n_estimators=10000, num_leaves=189, reg_alpha=0.6183860093330873, reg_lambda=1.6473859738014882, scale_pos_weight=1.611336989409985, subsample=0.836965827544817, subsample_freq=1; total time=   8.9s
[CV] END colsample_bytree=0.6372411071223597, learning_rate=0.18944315159066538, max_depth=7, min_child_samples=36, n_estimators=10000, num_leaves=23, reg_alpha=0.2788713525921819, reg_lambda=2.601073489918314, scale_pos_weight=1.611336989409985, subsample=0.9588441039810308, subsample_freq=1; total time=   6.5s
[CV] END colsample_bytree=0.6372411071223597, learning_rate=0.18944315159066538, max_depth=7, min_child_samples=36, n_estimators=10000, num_leaves=23, reg_alpha=0.2788713525921819, reg_lambda=2.601073489918314, scale_pos_weight=1.611336989409985, subsample=0.9588441039810308, subsample_freq=1; total time=   6.9s
[CV] END colsample_bytree=0.6372411071223597, learning_rate=0.18944315159066538, max_depth=7, min_child_samples=36, n_estimators=10000, num_leaves=23, reg_alpha=0.2788713525921819, reg_lambda=2.601073489918314, scale_pos_weight=1.611336989409985, subsample=0.9588441039810308, subsample_freq=1; total time=   6.5s
[CV] END colsample_bytree=0.6372411071223597, learning_rate=0.18944315159066538, max_depth=7, min_child_samples=36, n_estimators=10000, num_leaves=23, reg_alpha=0.2788713525921819, reg_lambda=2.601073489918314, scale_pos_weight=1.611336989409985, subsample=0.9588441039810308, subsample_freq=1; total time=   7.0s
[CV] END colsample_bytree=0.6372411071223597, learning_rate=0.18944315159066538, max_depth=7, min_child_samples=36, n_estimators=10000, num_leaves=23, reg_alpha=0.2788713525921819, reg_lambda=2.601073489918314, scale_pos_weight=1.611336989409985, subsample=0.9588441039810308, subsample_freq=1; total time=   6.7s
[CV] END colsample_bytree=0.7103996728090174, learning_rate=0.06925470114081649, max_depth=7, min_child_samples=69, n_estimators=10000, num_leaves=103, reg_alpha=0.9868869366005173, reg_lambda=2.8167343078899725, scale_pos_weight=1.611336989409985, subsample=0.7173952698872152, subsample_freq=1; total time=   9.5s
[CV] END colsample_bytree=0.7103996728090174, learning_rate=0.06925470114081649, max_depth=7, min_child_samples=69, n_estimators=10000, num_leaves=103, reg_alpha=0.9868869366005173, reg_lambda=2.8167343078899725, scale_pos_weight=1.611336989409985, subsample=0.7173952698872152, subsample_freq=1; total time=  10.1s
[CV] END colsample_bytree=0.7103996728090174, learning_rate=0.06925470114081649, max_depth=7, min_child_samples=69, n_estimators=10000, num_leaves=103, reg_alpha=0.9868869366005173, reg_lambda=2.8167343078899725, scale_pos_weight=1.611336989409985, subsample=0.7173952698872152, subsample_freq=1; total time=   9.4s
[CV] END colsample_bytree=0.7103996728090174, learning_rate=0.06925470114081649, max_depth=7, min_child_samples=69, n_estimators=10000, num_leaves=103, reg_alpha=0.9868869366005173, reg_lambda=2.8167343078899725, scale_pos_weight=1.611336989409985, subsample=0.7173952698872152, subsample_freq=1; total time=   9.7s
[CV] END colsample_bytree=0.7103996728090174, learning_rate=0.06925470114081649, max_depth=7, min_child_samples=69, n_estimators=10000, num_leaves=103, reg_alpha=0.9868869366005173, reg_lambda=2.8167343078899725, scale_pos_weight=1.611336989409985, subsample=0.7173952698872152, subsample_freq=1; total time=  10.0s
[CV] END colsample_bytree=0.6185801650879991, learning_rate=0.1315089703802877, max_depth=7, min_child_samples=77, n_estimators=10000, num_leaves=181, reg_alpha=0.013264961159866528, reg_lambda=3.3266052670545583, scale_pos_weight=1.611336989409985, subsample=0.9233589392465844, subsample_freq=1; total time=  13.0s
[CV] END colsample_bytree=0.6185801650879991, learning_rate=0.1315089703802877, max_depth=7, min_child_samples=77, n_estimators=10000, num_leaves=181, reg_alpha=0.013264961159866528, reg_lambda=3.3266052670545583, scale_pos_weight=1.611336989409985, subsample=0.9233589392465844, subsample_freq=1; total time=  13.1s
[CV] END colsample_bytree=0.6185801650879991, learning_rate=0.1315089703802877, max_depth=7, min_child_samples=77, n_estimators=10000, num_leaves=181, reg_alpha=0.013264961159866528, reg_lambda=3.3266052670545583, scale_pos_weight=1.611336989409985, subsample=0.9233589392465844, subsample_freq=1; total time=  12.6s
[CV] END colsample_bytree=0.6185801650879991, learning_rate=0.1315089703802877, max_depth=7, min_child_samples=77, n_estimators=10000, num_leaves=181, reg_alpha=0.013264961159866528, reg_lambda=3.3266052670545583, scale_pos_weight=1.611336989409985, subsample=0.9233589392465844, subsample_freq=1; total time=  13.1s
[CV] END colsample_bytree=0.6185801650879991, learning_rate=0.1315089703802877, max_depth=7, min_child_samples=77, n_estimators=10000, num_leaves=181, reg_alpha=0.013264961159866528, reg_lambda=3.3266052670545583, scale_pos_weight=1.611336989409985, subsample=0.9233589392465844, subsample_freq=1; total time=  12.7s
[CV] END colsample_bytree=0.8883759697008518, learning_rate=0.07161215837047784, max_depth=6, min_child_samples=63, n_estimators=10000, num_leaves=129, reg_alpha=0.6363326181858954, reg_lambda=1.2513854558167523, scale_pos_weight=1.611336989409985, subsample=0.9892042219009782, subsample_freq=1; total time=   7.3s
[CV] END colsample_bytree=0.8883759697008518, learning_rate=0.07161215837047784, max_depth=6, min_child_samples=63, n_estimators=10000, num_leaves=129, reg_alpha=0.6363326181858954, reg_lambda=1.2513854558167523, scale_pos_weight=1.611336989409985, subsample=0.9892042219009782, subsample_freq=1; total time=   7.5s
[CV] END colsample_bytree=0.8883759697008518, learning_rate=0.07161215837047784, max_depth=6, min_child_samples=63, n_estimators=10000, num_leaves=129, reg_alpha=0.6363326181858954, reg_lambda=1.2513854558167523, scale_pos_weight=1.611336989409985, subsample=0.9892042219009782, subsample_freq=1; total time=   7.4s
[CV] END colsample_bytree=0.8883759697008518, learning_rate=0.07161215837047784, max_depth=6, min_child_samples=63, n_estimators=10000, num_leaves=129, reg_alpha=0.6363326181858954, reg_lambda=1.2513854558167523, scale_pos_weight=1.611336989409985, subsample=0.9892042219009782, subsample_freq=1; total time=   7.6s
[CV] END colsample_bytree=0.8883759697008518, learning_rate=0.07161215837047784, max_depth=6, min_child_samples=63, n_estimators=10000, num_leaves=129, reg_alpha=0.6363326181858954, reg_lambda=1.2513854558167523, scale_pos_weight=1.611336989409985, subsample=0.9892042219009782, subsample_freq=1; total time=   7.2s
[CV] END colsample_bytree=0.9744619096643123, learning_rate=0.14920595933499461, max_depth=8, min_child_samples=28, n_estimators=10000, num_leaves=128, reg_alpha=0.6150072266991697, reg_lambda=3.47016155031279, scale_pos_weight=1.611336989409985, subsample=0.7016654596278955, subsample_freq=1; total time=   8.3s
[CV] END colsample_bytree=0.9744619096643123, learning_rate=0.14920595933499461, max_depth=8, min_child_samples=28, n_estimators=10000, num_leaves=128, reg_alpha=0.6150072266991697, reg_lambda=3.47016155031279, scale_pos_weight=1.611336989409985, subsample=0.7016654596278955, subsample_freq=1; total time=   8.7s
[CV] END colsample_bytree=0.9744619096643123, learning_rate=0.14920595933499461, max_depth=8, min_child_samples=28, n_estimators=10000, num_leaves=128, reg_alpha=0.6150072266991697, reg_lambda=3.47016155031279, scale_pos_weight=1.611336989409985, subsample=0.7016654596278955, subsample_freq=1; total time=   9.0s
[CV] END colsample_bytree=0.9744619096643123, learning_rate=0.14920595933499461, max_depth=8, min_child_samples=28, n_estimators=10000, num_leaves=128, reg_alpha=0.6150072266991697, reg_lambda=3.47016155031279, scale_pos_weight=1.611336989409985, subsample=0.7016654596278955, subsample_freq=1; total time=   9.0s
[CV] END colsample_bytree=0.9744619096643123, learning_rate=0.14920595933499461, max_depth=8, min_child_samples=28, n_estimators=10000, num_leaves=128, reg_alpha=0.6150072266991697, reg_lambda=3.47016155031279, scale_pos_weight=1.611336989409985, subsample=0.7016654596278955, subsample_freq=1; total time=   8.8s
[CV] END colsample_bytree=0.941203782186944, learning_rate=0.06888977841391714, max_depth=7, min_child_samples=36, n_estimators=10000, num_leaves=229, reg_alpha=0.2684748568901568, reg_lambda=1.9558396228289472, scale_pos_weight=1.611336989409985, subsample=0.82272050498334, subsample_freq=1; total time=  11.6s
[CV] END colsample_bytree=0.941203782186944, learning_rate=0.06888977841391714, max_depth=7, min_child_samples=36, n_estimators=10000, num_leaves=229, reg_alpha=0.2684748568901568, reg_lambda=1.9558396228289472, scale_pos_weight=1.611336989409985, subsample=0.82272050498334, subsample_freq=1; total time=  11.7s
[CV] END colsample_bytree=0.941203782186944, learning_rate=0.06888977841391714, max_depth=7, min_child_samples=36, n_estimators=10000, num_leaves=229, reg_alpha=0.2684748568901568, reg_lambda=1.9558396228289472, scale_pos_weight=1.611336989409985, subsample=0.82272050498334, subsample_freq=1; total time=  11.7s
[CV] END colsample_bytree=0.941203782186944, learning_rate=0.06888977841391714, max_depth=7, min_child_samples=36, n_estimators=10000, num_leaves=229, reg_alpha=0.2684748568901568, reg_lambda=1.9558396228289472, scale_pos_weight=1.611336989409985, subsample=0.82272050498334, subsample_freq=1; total time=  11.6s
[CV] END colsample_bytree=0.941203782186944, learning_rate=0.06888977841391714, max_depth=7, min_child_samples=36, n_estimators=10000, num_leaves=229, reg_alpha=0.2684748568901568, reg_lambda=1.9558396228289472, scale_pos_weight=1.611336989409985, subsample=0.82272050498334, subsample_freq=1; total time=  11.1s
[CV] END colsample_bytree=0.9977829850443283, learning_rate=0.045185050535469076, max_depth=6, min_child_samples=37, n_estimators=10000, num_leaves=156, reg_alpha=0.3253996981592677, reg_lambda=2.7394742153540723, scale_pos_weight=1.611336989409985, subsample=0.8976682092226249, subsample_freq=1; total time=  12.1s
[CV] END colsample_bytree=0.9977829850443283, learning_rate=0.045185050535469076, max_depth=6, min_child_samples=37, n_estimators=10000, num_leaves=156, reg_alpha=0.3253996981592677, reg_lambda=2.7394742153540723, scale_pos_weight=1.611336989409985, subsample=0.8976682092226249, subsample_freq=1; total time=  11.9s
[CV] END colsample_bytree=0.9977829850443283, learning_rate=0.045185050535469076, max_depth=6, min_child_samples=37, n_estimators=10000, num_leaves=156, reg_alpha=0.3253996981592677, reg_lambda=2.7394742153540723, scale_pos_weight=1.611336989409985, subsample=0.8976682092226249, subsample_freq=1; total time=  12.1s
[CV] END colsample_bytree=0.9977829850443283, learning_rate=0.045185050535469076, max_depth=6, min_child_samples=37, n_estimators=10000, num_leaves=156, reg_alpha=0.3253996981592677, reg_lambda=2.7394742153540723, scale_pos_weight=1.611336989409985, subsample=0.8976682092226249, subsample_freq=1; total time=  11.8s
[CV] END colsample_bytree=0.9977829850443283, learning_rate=0.045185050535469076, max_depth=6, min_child_samples=37, n_estimators=10000, num_leaves=156, reg_alpha=0.3253996981592677, reg_lambda=2.7394742153540723, scale_pos_weight=1.611336989409985, subsample=0.8976682092226249, subsample_freq=1; total time=  12.2s
[CV] END colsample_bytree=0.7312610669898928, learning_rate=0.04100832334554884, max_depth=8, min_child_samples=26, n_estimators=10000, num_leaves=72, reg_alpha=0.8604046183116753, reg_lambda=1.2507540815475922, scale_pos_weight=1.611336989409985, subsample=0.9290402242638633, subsample_freq=1; total time=  10.7s
[CV] END colsample_bytree=0.7312610669898928, learning_rate=0.04100832334554884, max_depth=8, min_child_samples=26, n_estimators=10000, num_leaves=72, reg_alpha=0.8604046183116753, reg_lambda=1.2507540815475922, scale_pos_weight=1.611336989409985, subsample=0.9290402242638633, subsample_freq=1; total time=  11.0s
[CV] END colsample_bytree=0.7312610669898928, learning_rate=0.04100832334554884, max_depth=8, min_child_samples=26, n_estimators=10000, num_leaves=72, reg_alpha=0.8604046183116753, reg_lambda=1.2507540815475922, scale_pos_weight=1.611336989409985, subsample=0.9290402242638633, subsample_freq=1; total time=  10.5s
[CV] END colsample_bytree=0.7312610669898928, learning_rate=0.04100832334554884, max_depth=8, min_child_samples=26, n_estimators=10000, num_leaves=72, reg_alpha=0.8604046183116753, reg_lambda=1.2507540815475922, scale_pos_weight=1.611336989409985, subsample=0.9290402242638633, subsample_freq=1; total time=  10.6s
[CV] END colsample_bytree=0.7312610669898928, learning_rate=0.04100832334554884, max_depth=8, min_child_samples=26, n_estimators=10000, num_leaves=72, reg_alpha=0.8604046183116753, reg_lambda=1.2507540815475922, scale_pos_weight=1.611336989409985, subsample=0.9290402242638633, subsample_freq=1; total time=  10.4s
[CV] END colsample_bytree=0.6888431241882921, learning_rate=0.033973073466736566, max_depth=6, min_child_samples=28, n_estimators=10000, num_leaves=221, reg_alpha=0.16829104217293056, reg_lambda=1.1562926587192108, scale_pos_weight=1.611336989409985, subsample=0.881207583558071, subsample_freq=1; total time=  11.4s
[CV] END colsample_bytree=0.6888431241882921, learning_rate=0.033973073466736566, max_depth=6, min_child_samples=28, n_estimators=10000, num_leaves=221, reg_alpha=0.16829104217293056, reg_lambda=1.1562926587192108, scale_pos_weight=1.611336989409985, subsample=0.881207583558071, subsample_freq=1; total time=  11.6s
[CV] END colsample_bytree=0.6888431241882921, learning_rate=0.033973073466736566, max_depth=6, min_child_samples=28, n_estimators=10000, num_leaves=221, reg_alpha=0.16829104217293056, reg_lambda=1.1562926587192108, scale_pos_weight=1.611336989409985, subsample=0.881207583558071, subsample_freq=1; total time=  11.7s
[CV] END colsample_bytree=0.6888431241882921, learning_rate=0.033973073466736566, max_depth=6, min_child_samples=28, n_estimators=10000, num_leaves=221, reg_alpha=0.16829104217293056, reg_lambda=1.1562926587192108, scale_pos_weight=1.611336989409985, subsample=0.881207583558071, subsample_freq=1; total time=  11.7s
[CV] END colsample_bytree=0.6888431241882921, learning_rate=0.033973073466736566, max_depth=6, min_child_samples=28, n_estimators=10000, num_leaves=221, reg_alpha=0.16829104217293056, reg_lambda=1.1562926587192108, scale_pos_weight=1.611336989409985, subsample=0.881207583558071, subsample_freq=1; total time=  11.8s
[CV] END colsample_bytree=0.6780971951192178, learning_rate=0.15449042305230107, max_depth=5, min_child_samples=8, n_estimators=10000, num_leaves=49, reg_alpha=0.768554014306309, reg_lambda=0.6308113152633013, scale_pos_weight=1.611336989409985, subsample=0.9761834337411657, subsample_freq=1; total time=   5.4s
[CV] END colsample_bytree=0.6780971951192178, learning_rate=0.15449042305230107, max_depth=5, min_child_samples=8, n_estimators=10000, num_leaves=49, reg_alpha=0.768554014306309, reg_lambda=0.6308113152633013, scale_pos_weight=1.611336989409985, subsample=0.9761834337411657, subsample_freq=1; total time=   5.4s
[CV] END colsample_bytree=0.6780971951192178, learning_rate=0.15449042305230107, max_depth=5, min_child_samples=8, n_estimators=10000, num_leaves=49, reg_alpha=0.768554014306309, reg_lambda=0.6308113152633013, scale_pos_weight=1.611336989409985, subsample=0.9761834337411657, subsample_freq=1; total time=   5.5s
[CV] END colsample_bytree=0.6780971951192178, learning_rate=0.15449042305230107, max_depth=5, min_child_samples=8, n_estimators=10000, num_leaves=49, reg_alpha=0.768554014306309, reg_lambda=0.6308113152633013, scale_pos_weight=1.611336989409985, subsample=0.9761834337411657, subsample_freq=1; total time=   5.2s
[CV] END colsample_bytree=0.6780971951192178, learning_rate=0.15449042305230107, max_depth=5, min_child_samples=8, n_estimators=10000, num_leaves=49, reg_alpha=0.768554014306309, reg_lambda=0.6308113152633013, scale_pos_weight=1.611336989409985, subsample=0.9761834337411657, subsample_freq=1; total time=   5.4s
[CV] END colsample_bytree=0.7257423924305306, learning_rate=0.11171413823294056, max_depth=8, min_child_samples=27, n_estimators=10000, num_leaves=245, reg_alpha=0.41038292303562973, reg_lambda=2.766653415629146, scale_pos_weight=1.611336989409985, subsample=0.9771414282231924, subsample_freq=1; total time=   7.3s
[CV] END colsample_bytree=0.7257423924305306, learning_rate=0.11171413823294056, max_depth=8, min_child_samples=27, n_estimators=10000, num_leaves=245, reg_alpha=0.41038292303562973, reg_lambda=2.766653415629146, scale_pos_weight=1.611336989409985, subsample=0.9771414282231924, subsample_freq=1; total time=   7.4s
[CV] END colsample_bytree=0.7257423924305306, learning_rate=0.11171413823294056, max_depth=8, min_child_samples=27, n_estimators=10000, num_leaves=245, reg_alpha=0.41038292303562973, reg_lambda=2.766653415629146, scale_pos_weight=1.611336989409985, subsample=0.9771414282231924, subsample_freq=1; total time=   7.2s
[CV] END colsample_bytree=0.7257423924305306, learning_rate=0.11171413823294056, max_depth=8, min_child_samples=27, n_estimators=10000, num_leaves=245, reg_alpha=0.41038292303562973, reg_lambda=2.766653415629146, scale_pos_weight=1.611336989409985, subsample=0.9771414282231924, subsample_freq=1; total time=   7.0s
[CV] END colsample_bytree=0.7257423924305306, learning_rate=0.11171413823294056, max_depth=8, min_child_samples=27, n_estimators=10000, num_leaves=245, reg_alpha=0.41038292303562973, reg_lambda=2.766653415629146, scale_pos_weight=1.611336989409985, subsample=0.9771414282231924, subsample_freq=1; total time=   7.1s
----------
iter: 2
n_candidates: 5
n_resources: 73638
Fitting 5 folds for each of 5 candidates, totalling 25 fits
[CV] END colsample_bytree=0.9977829850443283, learning_rate=0.045185050535469076, max_depth=6, min_child_samples=37, n_estimators=10000, num_leaves=156, reg_alpha=0.3253996981592677, reg_lambda=2.7394742153540723, scale_pos_weight=1.611336989409985, subsample=0.8976682092226249, subsample_freq=1; total time=  20.5s
[CV] END colsample_bytree=0.9977829850443283, learning_rate=0.045185050535469076, max_depth=6, min_child_samples=37, n_estimators=10000, num_leaves=156, reg_alpha=0.3253996981592677, reg_lambda=2.7394742153540723, scale_pos_weight=1.611336989409985, subsample=0.8976682092226249, subsample_freq=1; total time=  20.3s
[CV] END colsample_bytree=0.9977829850443283, learning_rate=0.045185050535469076, max_depth=6, min_child_samples=37, n_estimators=10000, num_leaves=156, reg_alpha=0.3253996981592677, reg_lambda=2.7394742153540723, scale_pos_weight=1.611336989409985, subsample=0.8976682092226249, subsample_freq=1; total time=  20.9s
[CV] END colsample_bytree=0.9977829850443283, learning_rate=0.045185050535469076, max_depth=6, min_child_samples=37, n_estimators=10000, num_leaves=156, reg_alpha=0.3253996981592677, reg_lambda=2.7394742153540723, scale_pos_weight=1.611336989409985, subsample=0.8976682092226249, subsample_freq=1; total time=  20.7s
[CV] END colsample_bytree=0.9977829850443283, learning_rate=0.045185050535469076, max_depth=6, min_child_samples=37, n_estimators=10000, num_leaves=156, reg_alpha=0.3253996981592677, reg_lambda=2.7394742153540723, scale_pos_weight=1.611336989409985, subsample=0.8976682092226249, subsample_freq=1; total time=  21.3s
[CV] END colsample_bytree=0.6185801650879991, learning_rate=0.1315089703802877, max_depth=7, min_child_samples=77, n_estimators=10000, num_leaves=181, reg_alpha=0.013264961159866528, reg_lambda=3.3266052670545583, scale_pos_weight=1.611336989409985, subsample=0.9233589392465844, subsample_freq=1; total time=  24.2s
[CV] END colsample_bytree=0.6185801650879991, learning_rate=0.1315089703802877, max_depth=7, min_child_samples=77, n_estimators=10000, num_leaves=181, reg_alpha=0.013264961159866528, reg_lambda=3.3266052670545583, scale_pos_weight=1.611336989409985, subsample=0.9233589392465844, subsample_freq=1; total time=  24.6s
[CV] END colsample_bytree=0.6185801650879991, learning_rate=0.1315089703802877, max_depth=7, min_child_samples=77, n_estimators=10000, num_leaves=181, reg_alpha=0.013264961159866528, reg_lambda=3.3266052670545583, scale_pos_weight=1.611336989409985, subsample=0.9233589392465844, subsample_freq=1; total time=  24.5s
[CV] END colsample_bytree=0.6185801650879991, learning_rate=0.1315089703802877, max_depth=7, min_child_samples=77, n_estimators=10000, num_leaves=181, reg_alpha=0.013264961159866528, reg_lambda=3.3266052670545583, scale_pos_weight=1.611336989409985, subsample=0.9233589392465844, subsample_freq=1; total time=  24.5s
[CV] END colsample_bytree=0.6185801650879991, learning_rate=0.1315089703802877, max_depth=7, min_child_samples=77, n_estimators=10000, num_leaves=181, reg_alpha=0.013264961159866528, reg_lambda=3.3266052670545583, scale_pos_weight=1.611336989409985, subsample=0.9233589392465844, subsample_freq=1; total time=  25.4s
[CV] END colsample_bytree=0.941203782186944, learning_rate=0.06888977841391714, max_depth=7, min_child_samples=36, n_estimators=10000, num_leaves=229, reg_alpha=0.2684748568901568, reg_lambda=1.9558396228289472, scale_pos_weight=1.611336989409985, subsample=0.82272050498334, subsample_freq=1; total time=  27.2s
[CV] END colsample_bytree=0.941203782186944, learning_rate=0.06888977841391714, max_depth=7, min_child_samples=36, n_estimators=10000, num_leaves=229, reg_alpha=0.2684748568901568, reg_lambda=1.9558396228289472, scale_pos_weight=1.611336989409985, subsample=0.82272050498334, subsample_freq=1; total time=  27.8s
[CV] END colsample_bytree=0.941203782186944, learning_rate=0.06888977841391714, max_depth=7, min_child_samples=36, n_estimators=10000, num_leaves=229, reg_alpha=0.2684748568901568, reg_lambda=1.9558396228289472, scale_pos_weight=1.611336989409985, subsample=0.82272050498334, subsample_freq=1; total time=  27.0s
[CV] END colsample_bytree=0.941203782186944, learning_rate=0.06888977841391714, max_depth=7, min_child_samples=36, n_estimators=10000, num_leaves=229, reg_alpha=0.2684748568901568, reg_lambda=1.9558396228289472, scale_pos_weight=1.611336989409985, subsample=0.82272050498334, subsample_freq=1; total time=  27.3s
[CV] END colsample_bytree=0.941203782186944, learning_rate=0.06888977841391714, max_depth=7, min_child_samples=36, n_estimators=10000, num_leaves=229, reg_alpha=0.2684748568901568, reg_lambda=1.9558396228289472, scale_pos_weight=1.611336989409985, subsample=0.82272050498334, subsample_freq=1; total time=  27.1s
[CV] END colsample_bytree=0.6888431241882921, learning_rate=0.033973073466736566, max_depth=6, min_child_samples=28, n_estimators=10000, num_leaves=221, reg_alpha=0.16829104217293056, reg_lambda=1.1562926587192108, scale_pos_weight=1.611336989409985, subsample=0.881207583558071, subsample_freq=1; total time=  19.3s
[CV] END colsample_bytree=0.6888431241882921, learning_rate=0.033973073466736566, max_depth=6, min_child_samples=28, n_estimators=10000, num_leaves=221, reg_alpha=0.16829104217293056, reg_lambda=1.1562926587192108, scale_pos_weight=1.611336989409985, subsample=0.881207583558071, subsample_freq=1; total time=  20.0s
[CV] END colsample_bytree=0.6888431241882921, learning_rate=0.033973073466736566, max_depth=6, min_child_samples=28, n_estimators=10000, num_leaves=221, reg_alpha=0.16829104217293056, reg_lambda=1.1562926587192108, scale_pos_weight=1.611336989409985, subsample=0.881207583558071, subsample_freq=1; total time=  19.4s
[CV] END colsample_bytree=0.6888431241882921, learning_rate=0.033973073466736566, max_depth=6, min_child_samples=28, n_estimators=10000, num_leaves=221, reg_alpha=0.16829104217293056, reg_lambda=1.1562926587192108, scale_pos_weight=1.611336989409985, subsample=0.881207583558071, subsample_freq=1; total time=  19.2s
[CV] END colsample_bytree=0.6888431241882921, learning_rate=0.033973073466736566, max_depth=6, min_child_samples=28, n_estimators=10000, num_leaves=221, reg_alpha=0.16829104217293056, reg_lambda=1.1562926587192108, scale_pos_weight=1.611336989409985, subsample=0.881207583558071, subsample_freq=1; total time=  19.6s
[CV] END colsample_bytree=0.7312610669898928, learning_rate=0.04100832334554884, max_depth=8, min_child_samples=26, n_estimators=10000, num_leaves=72, reg_alpha=0.8604046183116753, reg_lambda=1.2507540815475922, scale_pos_weight=1.611336989409985, subsample=0.9290402242638633, subsample_freq=1; total time=  26.8s
[CV] END colsample_bytree=0.7312610669898928, learning_rate=0.04100832334554884, max_depth=8, min_child_samples=26, n_estimators=10000, num_leaves=72, reg_alpha=0.8604046183116753, reg_lambda=1.2507540815475922, scale_pos_weight=1.611336989409985, subsample=0.9290402242638633, subsample_freq=1; total time=  26.7s
[CV] END colsample_bytree=0.7312610669898928, learning_rate=0.04100832334554884, max_depth=8, min_child_samples=26, n_estimators=10000, num_leaves=72, reg_alpha=0.8604046183116753, reg_lambda=1.2507540815475922, scale_pos_weight=1.611336989409985, subsample=0.9290402242638633, subsample_freq=1; total time=  26.7s
[CV] END colsample_bytree=0.7312610669898928, learning_rate=0.04100832334554884, max_depth=8, min_child_samples=26, n_estimators=10000, num_leaves=72, reg_alpha=0.8604046183116753, reg_lambda=1.2507540815475922, scale_pos_weight=1.611336989409985, subsample=0.9290402242638633, subsample_freq=1; total time=  26.8s
[CV] END colsample_bytree=0.7312610669898928, learning_rate=0.04100832334554884, max_depth=8, min_child_samples=26, n_estimators=10000, num_leaves=72, reg_alpha=0.8604046183116753, reg_lambda=1.2507540815475922, scale_pos_weight=1.611336989409985, subsample=0.9290402242638633, subsample_freq=1; total time=  26.7s
----------
iter: 3
n_candidates: 2
n_resources: 220914
Fitting 5 folds for each of 2 candidates, totalling 10 fits
[CV] END colsample_bytree=0.941203782186944, learning_rate=0.06888977841391714, max_depth=7, min_child_samples=36, n_estimators=10000, num_leaves=229, reg_alpha=0.2684748568901568, reg_lambda=1.9558396228289472, scale_pos_weight=1.611336989409985, subsample=0.82272050498334, subsample_freq=1; total time=  59.5s
[CV] END colsample_bytree=0.941203782186944, learning_rate=0.06888977841391714, max_depth=7, min_child_samples=36, n_estimators=10000, num_leaves=229, reg_alpha=0.2684748568901568, reg_lambda=1.9558396228289472, scale_pos_weight=1.611336989409985, subsample=0.82272050498334, subsample_freq=1; total time= 1.0min
[CV] END colsample_bytree=0.941203782186944, learning_rate=0.06888977841391714, max_depth=7, min_child_samples=36, n_estimators=10000, num_leaves=229, reg_alpha=0.2684748568901568, reg_lambda=1.9558396228289472, scale_pos_weight=1.611336989409985, subsample=0.82272050498334, subsample_freq=1; total time=  59.6s
[CV] END colsample_bytree=0.941203782186944, learning_rate=0.06888977841391714, max_depth=7, min_child_samples=36, n_estimators=10000, num_leaves=229, reg_alpha=0.2684748568901568, reg_lambda=1.9558396228289472, scale_pos_weight=1.611336989409985, subsample=0.82272050498334, subsample_freq=1; total time=  56.6s
[CV] END colsample_bytree=0.941203782186944, learning_rate=0.06888977841391714, max_depth=7, min_child_samples=36, n_estimators=10000, num_leaves=229, reg_alpha=0.2684748568901568, reg_lambda=1.9558396228289472, scale_pos_weight=1.611336989409985, subsample=0.82272050498334, subsample_freq=1; total time=  57.9s
[CV] END colsample_bytree=0.7312610669898928, learning_rate=0.04100832334554884, max_depth=8, min_child_samples=26, n_estimators=10000, num_leaves=72, reg_alpha=0.8604046183116753, reg_lambda=1.2507540815475922, scale_pos_weight=1.611336989409985, subsample=0.9290402242638633, subsample_freq=1; total time=  42.7s
[CV] END colsample_bytree=0.7312610669898928, learning_rate=0.04100832334554884, max_depth=8, min_child_samples=26, n_estimators=10000, num_leaves=72, reg_alpha=0.8604046183116753, reg_lambda=1.2507540815475922, scale_pos_weight=1.611336989409985, subsample=0.9290402242638633, subsample_freq=1; total time=  42.5s
[CV] END colsample_bytree=0.7312610669898928, learning_rate=0.04100832334554884, max_depth=8, min_child_samples=26, n_estimators=10000, num_leaves=72, reg_alpha=0.8604046183116753, reg_lambda=1.2507540815475922, scale_pos_weight=1.611336989409985, subsample=0.9290402242638633, subsample_freq=1; total time=  43.9s
[CV] END colsample_bytree=0.7312610669898928, learning_rate=0.04100832334554884, max_depth=8, min_child_samples=26, n_estimators=10000, num_leaves=72, reg_alpha=0.8604046183116753, reg_lambda=1.2507540815475922, scale_pos_weight=1.611336989409985, subsample=0.9290402242638633, subsample_freq=1; total time=  42.6s
[CV] END colsample_bytree=0.7312610669898928, learning_rate=0.04100832334554884, max_depth=8, min_child_samples=26, n_estimators=10000, num_leaves=72, reg_alpha=0.8604046183116753, reg_lambda=1.2507540815475922, scale_pos_weight=1.611336989409985, subsample=0.9290402242638633, subsample_freq=1; total time=  41.8s

Best F1-macro (CV on train): 0.9381

======================================================================
Threshold tuning on validation set 
======================================================================
  Best F1-macro   threshold (val): 0.35  : f1_macro=0.8928  recall_anom=0.8517
  Best F1-anomaly threshold (val): 0.35
  Best Youden     threshold (val): 0.35
  Best recall≥90  threshold (val): 0.05

======================================================================
Evaluation on TEST  (threshold=0.35 from val)
======================================================================

BASELINE  (test, threshold=0.5)
======================================================================
              precision    recall  f1-score   support

        Good     0.7521    0.9136    0.8250     29565
         Bad     0.9242    0.7776    0.8446     40033

    accuracy                         0.8354     69598
   macro avg     0.8381    0.8456    0.8348     69598
weighted avg     0.8511    0.8354    0.8363     69598


OPTIMIZED  (test, threshold=0.35 tuned on val, scoring=f1_macro)
======================================================================
              precision    recall  f1-score   support

        Good     0.7713    0.8964    0.8292     29565
         Bad     0.9131    0.8037    0.8549     40033

    accuracy                         0.8431     69598
   macro avg     0.8422    0.8501    0.8420     69598
weighted avg     0.8528    0.8431    0.8440     69598


======================================================================
Saving artifacts
======================================================================
  - Model
  - Plot bundle
  - Test results parquet
  - Threshold info
  - Best params JSON
  - HP search CSV
  - Threshold CSV
  - Classification report
  - MLflow model log
# Train completed for 3 oceans (Atlantic, Indian, Pacific)
Results saved in 
Done c:
