
######################################################################
#  OCEANO: Atlantic
######################################################################
  Train : 124,369 profiles | 32.75% anomalous
  Val   : 25,075   profiles | 33.25% anomalous
  Test  : 15,924  profiles | 28.05% anomalous
  Features: 24  →  ['TEMP_max', 'TEMP_min', 'TEMP_mean', 'TEMP_std', 'TEMP_range', 'TEMP_max_grad', 'TEMP_mean_grad', 'TEMP_grad_std', 'PSAL_max', 'PSAL_min', 'PSAL_mean', 'PSAL_std', 'PSAL_range', 'PSAL_max_grad', 'PSAL_mean_grad', 'PSAL_grad_std', 'PRES_max', 'PRES_min', 'PRES_mean', 'PRES_std', 'PRES_range', 'PRES_max_grad', 'PRES_mean_grad', 'PRES_grad_std']
  Imbalance ratio (scale_pos_weight): 2.05

Using experiment 'XGBoost_Atlantic_2021_2025_TemporalSplit' (id=52)

======================================================================
Baseline XGBoost (200 trees, default threshold 0.5)
======================================================================
  Baseline ROC-AUC (test) : 0.9211
  Baseline F1-macro (test): 0.8351

======================================================================
HalvingRandomSearchCV — scoring=f1_macro  (CV en train only)
======================================================================

Starting hyperparameter search...
n_iterations: 4
n_required_iterations: 4
n_possible_iterations: 4
min_resources_: 4606
max_resources_: 124369
aggressive_elimination: False
factor: 3
----------
iter: 0
n_candidates: 40
n_resources: 4606
Fitting 5 folds for each of 40 candidates, totalling 200 fits
[CV] END colsample_bytree=0.749816047538945, gamma=0.4753571532049581, learning_rate=0.15639878836228102, max_depth=7, min_child_weight=5, n_estimators=10000, reg_alpha=0.15601864044243652, reg_lambda=0.9679835610086079, scale_pos_weight=<scipy.stats._distn_infrastructure.rv_continuous_frozen object at 0x7f98741c5190>, subsample=0.9673991135726937; total time=   0.0s
[CV] END colsample_bytree=0.749816047538945, gamma=0.4753571532049581, learning_rate=0.15639878836228102, max_depth=7, min_child_weight=5, n_estimators=10000, reg_alpha=0.15601864044243652, reg_lambda=0.9679835610086079, scale_pos_weight=<scipy.stats._distn_infrastructure.rv_continuous_frozen object at 0x7f98741c5190>, subsample=0.9673991135726937; total time=   0.0s
[CV] END colsample_bytree=0.749816047538945, gamma=0.4753571532049581, learning_rate=0.15639878836228102, max_depth=7, min_child_weight=5, n_estimators=10000, reg_alpha=0.15601864044243652, reg_lambda=0.9679835610086079, scale_pos_weight=<scipy.stats._distn_infrastructure.rv_continuous_frozen object at 0x7f98741c5190>, subsample=0.9673991135726937; total time=   0.0s
[CV] END colsample_bytree=0.749816047538945, gamma=0.4753571532049581, learning_rate=0.15639878836228102, max_depth=7, min_child_weight=5, n_estimators=10000, reg_alpha=0.15601864044243652, reg_lambda=0.9679835610086079, scale_pos_weight=<scipy.stats._distn_infrastructure.rv_continuous_frozen object at 0x7f98741c5190>, subsample=0.9673991135726937; total time=   0.0s
[CV] END colsample_bytree=0.749816047538945, gamma=0.4753571532049581, learning_rate=0.15639878836228102, max_depth=7, min_child_weight=5, n_estimators=10000, reg_alpha=0.15601864044243652, reg_lambda=0.9679835610086079, scale_pos_weight=<scipy.stats._distn_infrastructure.rv_continuous_frozen object at 0x7f98741c5190>, subsample=0.9673991135726937; total time=   0.0s
[CV] END colsample_bytree=0.7334834444556088, gamma=0.07143340896097039, learning_rate=0.14017769458977059, max_depth=7, min_child_weight=2, n_estimators=10000, reg_alpha=0.7219987722668247, reg_lambda=3.3156581270472505, scale_pos_weight=2.0536485955607935, subsample=0.7454599737656805; total time=   1.8s
[CV] END colsample_bytree=0.7334834444556088, gamma=0.07143340896097039, learning_rate=0.14017769458977059, max_depth=7, min_child_weight=2, n_estimators=10000, reg_alpha=0.7219987722668247, reg_lambda=3.3156581270472505, scale_pos_weight=2.0536485955607935, subsample=0.7454599737656805; total time=   1.9s
[CV] END colsample_bytree=0.7334834444556088, gamma=0.07143340896097039, learning_rate=0.14017769458977059, max_depth=7, min_child_weight=2, n_estimators=10000, reg_alpha=0.7219987722668247, reg_lambda=3.3156581270472505, scale_pos_weight=2.0536485955607935, subsample=0.7454599737656805; total time=   1.8s
[CV] END colsample_bytree=0.7334834444556088, gamma=0.07143340896097039, learning_rate=0.14017769458977059, max_depth=7, min_child_weight=2, n_estimators=10000, reg_alpha=0.7219987722668247, reg_lambda=3.3156581270472505, scale_pos_weight=2.0536485955607935, subsample=0.7454599737656805; total time=   1.8s
[CV] END colsample_bytree=0.7334834444556088, gamma=0.07143340896097039, learning_rate=0.14017769458977059, max_depth=7, min_child_weight=2, n_estimators=10000, reg_alpha=0.7219987722668247, reg_lambda=3.3156581270472505, scale_pos_weight=2.0536485955607935, subsample=0.7454599737656805; total time=   1.9s
[CV] END colsample_bytree=0.6733618039413735, gamma=0.15212112147976886, learning_rate=0.11495128632644756, max_depth=6, min_child_weight=9, n_estimators=10000, reg_alpha=0.2912291401980419, reg_lambda=2.3355586841671383, scale_pos_weight=2.0536485955607935, subsample=0.6373325305708923; total time=   2.1s
[CV] END colsample_bytree=0.6733618039413735, gamma=0.15212112147976886, learning_rate=0.11495128632644756, max_depth=6, min_child_weight=9, n_estimators=10000, reg_alpha=0.2912291401980419, reg_lambda=2.3355586841671383, scale_pos_weight=2.0536485955607935, subsample=0.6373325305708923; total time=   2.1s
[CV] END colsample_bytree=0.6733618039413735, gamma=0.15212112147976886, learning_rate=0.11495128632644756, max_depth=6, min_child_weight=9, n_estimators=10000, reg_alpha=0.2912291401980419, reg_lambda=2.3355586841671383, scale_pos_weight=2.0536485955607935, subsample=0.6373325305708923; total time=   2.2s
[CV] END colsample_bytree=0.6733618039413735, gamma=0.15212112147976886, learning_rate=0.11495128632644756, max_depth=6, min_child_weight=9, n_estimators=10000, reg_alpha=0.2912291401980419, reg_lambda=2.3355586841671383, scale_pos_weight=2.0536485955607935, subsample=0.6373325305708923; total time=   2.1s
[CV] END colsample_bytree=0.6733618039413735, gamma=0.15212112147976886, learning_rate=0.11495128632644756, max_depth=6, min_child_weight=9, n_estimators=10000, reg_alpha=0.2912291401980419, reg_lambda=2.3355586841671383, scale_pos_weight=2.0536485955607935, subsample=0.6373325305708923; total time=   2.1s
[CV] END colsample_bytree=0.9895022075365837, gamma=0.11638567021515211, learning_rate=0.02812128690656416, max_depth=8, min_child_weight=3, n_estimators=10000, reg_alpha=0.38246199126716274, reg_lambda=3.4496926574203646, scale_pos_weight=<scipy.stats._distn_infrastructure.rv_continuous_frozen object at 0x7f98741c5190>, subsample=0.6371603301759982; total time=   0.0s
[CV] END colsample_bytree=0.9895022075365837, gamma=0.11638567021515211, learning_rate=0.02812128690656416, max_depth=8, min_child_weight=3, n_estimators=10000, reg_alpha=0.38246199126716274, reg_lambda=3.4496926574203646, scale_pos_weight=<scipy.stats._distn_infrastructure.rv_continuous_frozen object at 0x7f98741c5190>, subsample=0.6371603301759982; total time=   0.0s
[CV] END colsample_bytree=0.9895022075365837, gamma=0.11638567021515211, learning_rate=0.02812128690656416, max_depth=8, min_child_weight=3, n_estimators=10000, reg_alpha=0.38246199126716274, reg_lambda=3.4496926574203646, scale_pos_weight=<scipy.stats._distn_infrastructure.rv_continuous_frozen object at 0x7f98741c5190>, subsample=0.6371603301759982; total time=   0.0s
[CV] END colsample_bytree=0.9895022075365837, gamma=0.11638567021515211, learning_rate=0.02812128690656416, max_depth=8, min_child_weight=3, n_estimators=10000, reg_alpha=0.38246199126716274, reg_lambda=3.4496926574203646, scale_pos_weight=<scipy.stats._distn_infrastructure.rv_continuous_frozen object at 0x7f98741c5190>, subsample=0.6371603301759982; total time=   0.0s
[CV] END colsample_bytree=0.9895022075365837, gamma=0.11638567021515211, learning_rate=0.02812128690656416, max_depth=8, min_child_weight=3, n_estimators=10000, reg_alpha=0.38246199126716274, reg_lambda=3.4496926574203646, scale_pos_weight=<scipy.stats._distn_infrastructure.rv_continuous_frozen object at 0x7f98741c5190>, subsample=0.6371603301759982; total time=   0.0s
[CV] END colsample_bytree=0.8430179407605753, gamma=0.08526206184364576, learning_rate=0.023010318597055907, max_depth=6, min_child_weight=9, n_estimators=10000, reg_alpha=0.9656320330745594, reg_lambda=2.9251920443493833, scale_pos_weight=<scipy.stats._distn_infrastructure.rv_continuous_frozen object at 0x7f98741c5190>, subsample=0.6127730017761713; total time=   0.0s
[CV] END colsample_bytree=0.8430179407605753, gamma=0.08526206184364576, learning_rate=0.023010318597055907, max_depth=6, min_child_weight=9, n_estimators=10000, reg_alpha=0.9656320330745594, reg_lambda=2.9251920443493833, scale_pos_weight=<scipy.stats._distn_infrastructure.rv_continuous_frozen object at 0x7f98741c5190>, subsample=0.6127730017761713; total time=   0.0s
[CV] END colsample_bytree=0.8430179407605753, gamma=0.08526206184364576, learning_rate=0.023010318597055907, max_depth=6, min_child_weight=9, n_estimators=10000, reg_alpha=0.9656320330745594, reg_lambda=2.9251920443493833, scale_pos_weight=<scipy.stats._distn_infrastructure.rv_continuous_frozen object at 0x7f98741c5190>, subsample=0.6127730017761713; total time=   0.0s
[CV] END colsample_bytree=0.8430179407605753, gamma=0.08526206184364576, learning_rate=0.023010318597055907, max_depth=6, min_child_weight=9, n_estimators=10000, reg_alpha=0.9656320330745594, reg_lambda=2.9251920443493833, scale_pos_weight=<scipy.stats._distn_infrastructure.rv_continuous_frozen object at 0x7f98741c5190>, subsample=0.6127730017761713; total time=   0.0s
[CV] END colsample_bytree=0.8430179407605753, gamma=0.08526206184364576, learning_rate=0.023010318597055907, max_depth=6, min_child_weight=9, n_estimators=10000, reg_alpha=0.9656320330745594, reg_lambda=2.9251920443493833, scale_pos_weight=<scipy.stats._distn_infrastructure.rv_continuous_frozen object at 0x7f98741c5190>, subsample=0.6127730017761713; total time=   0.0s
[CV] END colsample_bytree=0.6923575302488596, gamma=0.12051273301300586, learning_rate=0.14665270376509165, max_depth=6, min_child_weight=8, n_estimators=10000, reg_alpha=0.034388521115218396, reg_lambda=3.2279612062363463, scale_pos_weight=2.0536485955607935, subsample=0.7457888702304498; total time=   1.9s
[CV] END colsample_bytree=0.6923575302488596, gamma=0.12051273301300586, learning_rate=0.14665270376509165, max_depth=6, min_child_weight=8, n_estimators=10000, reg_alpha=0.034388521115218396, reg_lambda=3.2279612062363463, scale_pos_weight=2.0536485955607935, subsample=0.7457888702304498; total time=   1.9s
[CV] END colsample_bytree=0.6923575302488596, gamma=0.12051273301300586, learning_rate=0.14665270376509165, max_depth=6, min_child_weight=8, n_estimators=10000, reg_alpha=0.034388521115218396, reg_lambda=3.2279612062363463, scale_pos_weight=2.0536485955607935, subsample=0.7457888702304498; total time=   1.9s
[CV] END colsample_bytree=0.6923575302488596, gamma=0.12051273301300586, learning_rate=0.14665270376509165, max_depth=6, min_child_weight=8, n_estimators=10000, reg_alpha=0.034388521115218396, reg_lambda=3.2279612062363463, scale_pos_weight=2.0536485955607935, subsample=0.7457888702304498; total time=   1.9s
[CV] END colsample_bytree=0.6923575302488596, gamma=0.12051273301300586, learning_rate=0.14665270376509165, max_depth=6, min_child_weight=8, n_estimators=10000, reg_alpha=0.034388521115218396, reg_lambda=3.2279612062363463, scale_pos_weight=2.0536485955607935, subsample=0.7457888702304498; total time=   1.9s
[CV] END colsample_bytree=0.902144564127061, gamma=0.21257793724562235, learning_rate=0.05158833257363777, max_depth=6, min_child_weight=6, n_estimators=10000, reg_alpha=0.03131329245555858, reg_lambda=3.0268543237849954, scale_pos_weight=2.0536485955607935, subsample=1.3515991532513514; total time=   0.0s
[CV] END colsample_bytree=0.902144564127061, gamma=0.21257793724562235, learning_rate=0.05158833257363777, max_depth=6, min_child_weight=6, n_estimators=10000, reg_alpha=0.03131329245555858, reg_lambda=3.0268543237849954, scale_pos_weight=2.0536485955607935, subsample=1.3515991532513514; total time=   0.0s
[CV] END colsample_bytree=0.902144564127061, gamma=0.21257793724562235, learning_rate=0.05158833257363777, max_depth=6, min_child_weight=6, n_estimators=10000, reg_alpha=0.03131329245555858, reg_lambda=3.0268543237849954, scale_pos_weight=2.0536485955607935, subsample=1.3515991532513514; total time=   0.0s
[CV] END colsample_bytree=0.902144564127061, gamma=0.21257793724562235, learning_rate=0.05158833257363777, max_depth=6, min_child_weight=6, n_estimators=10000, reg_alpha=0.03131329245555858, reg_lambda=3.0268543237849954, scale_pos_weight=2.0536485955607935, subsample=1.3515991532513514; total time=   0.0s
[CV] END colsample_bytree=0.902144564127061, gamma=0.21257793724562235, learning_rate=0.05158833257363777, max_depth=6, min_child_weight=6, n_estimators=10000, reg_alpha=0.03131329245555858, reg_lambda=3.0268543237849954, scale_pos_weight=2.0536485955607935, subsample=1.3515991532513514; total time=   0.0s
[CV] END colsample_bytree=0.9579309401710595, gamma=0.29894998940554257, learning_rate=0.19437484700462337, max_depth=8, min_child_weight=7, n_estimators=10000, reg_alpha=0.5208342600258237, reg_lambda=3.3835160730480474, scale_pos_weight=<scipy.stats._distn_infrastructure.rv_continuous_frozen object at 0x7f98741c5190>, subsample=0.9109418317515856; total time=   0.0s
[CV] END colsample_bytree=0.9579309401710595, gamma=0.29894998940554257, learning_rate=0.19437484700462337, max_depth=8, min_child_weight=7, n_estimators=10000, reg_alpha=0.5208342600258237, reg_lambda=3.3835160730480474, scale_pos_weight=<scipy.stats._distn_infrastructure.rv_continuous_frozen object at 0x7f98741c5190>, subsample=0.9109418317515856; total time=   0.0s
[CV] END colsample_bytree=0.9579309401710595, gamma=0.29894998940554257, learning_rate=0.19437484700462337, max_depth=8, min_child_weight=7, n_estimators=10000, reg_alpha=0.5208342600258237, reg_lambda=3.3835160730480474, scale_pos_weight=<scipy.stats._distn_infrastructure.rv_continuous_frozen object at 0x7f98741c5190>, subsample=0.9109418317515856; total time=   0.0s
[CV] END colsample_bytree=0.9579309401710595, gamma=0.29894998940554257, learning_rate=0.19437484700462337, max_depth=8, min_child_weight=7, n_estimators=10000, reg_alpha=0.5208342600258237, reg_lambda=3.3835160730480474, scale_pos_weight=<scipy.stats._distn_infrastructure.rv_continuous_frozen object at 0x7f98741c5190>, subsample=0.9109418317515856; total time=   0.0s
[CV] END colsample_bytree=0.9579309401710595, gamma=0.29894998940554257, learning_rate=0.19437484700462337, max_depth=8, min_child_weight=7, n_estimators=10000, reg_alpha=0.5208342600258237, reg_lambda=3.3835160730480474, scale_pos_weight=<scipy.stats._distn_infrastructure.rv_continuous_frozen object at 0x7f98741c5190>, subsample=0.9109418317515856; total time=   0.0s
[CV] END colsample_bytree=0.7085396127095583, gamma=0.41436875457596467, learning_rate=0.08135066533871785, max_depth=6, min_child_weight=9, n_estimators=10000, reg_alpha=0.2962735057040824, reg_lambda=0.9958008171890075, scale_pos_weight=<scipy.stats._distn_infrastructure.rv_continuous_frozen object at 0x7f98741c5190>, subsample=1.389509549280414; total time=   0.0s
[CV] END colsample_bytree=0.7085396127095583, gamma=0.41436875457596467, learning_rate=0.08135066533871785, max_depth=6, min_child_weight=9, n_estimators=10000, reg_alpha=0.2962735057040824, reg_lambda=0.9958008171890075, scale_pos_weight=<scipy.stats._distn_infrastructure.rv_continuous_frozen object at 0x7f98741c5190>, subsample=1.389509549280414; total time=   0.0s
[CV] END colsample_bytree=0.7085396127095583, gamma=0.41436875457596467, learning_rate=0.08135066533871785, max_depth=6, min_child_weight=9, n_estimators=10000, reg_alpha=0.2962735057040824, reg_lambda=0.9958008171890075, scale_pos_weight=<scipy.stats._distn_infrastructure.rv_continuous_frozen object at 0x7f98741c5190>, subsample=1.389509549280414; total time=   0.0s
[CV] END colsample_bytree=0.7085396127095583, gamma=0.41436875457596467, learning_rate=0.08135066533871785, max_depth=6, min_child_weight=9, n_estimators=10000, reg_alpha=0.2962735057040824, reg_lambda=0.9958008171890075, scale_pos_weight=<scipy.stats._distn_infrastructure.rv_continuous_frozen object at 0x7f98741c5190>, subsample=1.389509549280414; total time=   0.0s
[CV] END colsample_bytree=0.7085396127095583, gamma=0.41436875457596467, learning_rate=0.08135066533871785, max_depth=6, min_child_weight=9, n_estimators=10000, reg_alpha=0.2962735057040824, reg_lambda=0.9958008171890075, scale_pos_weight=<scipy.stats._distn_infrastructure.rv_continuous_frozen object at 0x7f98741c5190>, subsample=1.389509549280414; total time=   0.0s
[CV] END colsample_bytree=0.908897907718663, gamma=0.0993578407670862, learning_rate=0.01110442342472048, max_depth=5, min_child_weight=3, n_estimators=10000, reg_alpha=0.7068573438476171, reg_lambda=2.6870215041229617, scale_pos_weight=<scipy.stats._distn_infrastructure.rv_continuous_frozen object at 0x7f98741c5190>, subsample=1.084767979824809; total time=   0.0s
[CV] END colsample_bytree=0.908897907718663, gamma=0.0993578407670862, learning_rate=0.01110442342472048, max_depth=5, min_child_weight=3, n_estimators=10000, reg_alpha=0.7068573438476171, reg_lambda=2.6870215041229617, scale_pos_weight=<scipy.stats._distn_infrastructure.rv_continuous_frozen object at 0x7f98741c5190>, subsample=1.084767979824809; total time=   0.0s
[CV] END colsample_bytree=0.908897907718663, gamma=0.0993578407670862, learning_rate=0.01110442342472048, max_depth=5, min_child_weight=3, n_estimators=10000, reg_alpha=0.7068573438476171, reg_lambda=2.6870215041229617, scale_pos_weight=<scipy.stats._distn_infrastructure.rv_continuous_frozen object at 0x7f98741c5190>, subsample=1.084767979824809; total time=   0.0s
[CV] END colsample_bytree=0.908897907718663, gamma=0.0993578407670862, learning_rate=0.01110442342472048, max_depth=5, min_child_weight=3, n_estimators=10000, reg_alpha=0.7068573438476171, reg_lambda=2.6870215041229617, scale_pos_weight=<scipy.stats._distn_infrastructure.rv_continuous_frozen object at 0x7f98741c5190>, subsample=1.084767979824809; total time=   0.0s
[CV] END colsample_bytree=0.908897907718663, gamma=0.0993578407670862, learning_rate=0.01110442342472048, max_depth=5, min_child_weight=3, n_estimators=10000, reg_alpha=0.7068573438476171, reg_lambda=2.6870215041229617, scale_pos_weight=<scipy.stats._distn_infrastructure.rv_continuous_frozen object at 0x7f98741c5190>, subsample=1.084767979824809; total time=   0.0s
[CV] END colsample_bytree=0.9705203514053395, gamma=0.32553851275097223, learning_rate=0.19299193510875617, max_depth=3, min_child_weight=8, n_estimators=10000, reg_alpha=0.4494506741382034, reg_lambda=0.7862303494712339, scale_pos_weight=<scipy.stats._distn_infrastructure.rv_continuous_frozen object at 0x7f98741c5190>, subsample=0.8487858573725298; total time=   0.0s
[CV] END colsample_bytree=0.9705203514053395, gamma=0.32553851275097223, learning_rate=0.19299193510875617, max_depth=3, min_child_weight=8, n_estimators=10000, reg_alpha=0.4494506741382034, reg_lambda=0.7862303494712339, scale_pos_weight=<scipy.stats._distn_infrastructure.rv_continuous_frozen object at 0x7f98741c5190>, subsample=0.8487858573725298; total time=   0.0s
[CV] END colsample_bytree=0.9705203514053395, gamma=0.32553851275097223, learning_rate=0.19299193510875617, max_depth=3, min_child_weight=8, n_estimators=10000, reg_alpha=0.4494506741382034, reg_lambda=0.7862303494712339, scale_pos_weight=<scipy.stats._distn_infrastructure.rv_continuous_frozen object at 0x7f98741c5190>, subsample=0.8487858573725298; total time=   0.0s
[CV] END colsample_bytree=0.9705203514053395, gamma=0.32553851275097223, learning_rate=0.19299193510875617, max_depth=3, min_child_weight=8, n_estimators=10000, reg_alpha=0.4494506741382034, reg_lambda=0.7862303494712339, scale_pos_weight=<scipy.stats._distn_infrastructure.rv_continuous_frozen object at 0x7f98741c5190>, subsample=0.8487858573725298; total time=   0.0s
[CV] END colsample_bytree=0.9705203514053395, gamma=0.32553851275097223, learning_rate=0.19299193510875617, max_depth=3, min_child_weight=8, n_estimators=10000, reg_alpha=0.4494506741382034, reg_lambda=0.7862303494712339, scale_pos_weight=<scipy.stats._distn_infrastructure.rv_continuous_frozen object at 0x7f98741c5190>, subsample=0.8487858573725298; total time=   0.0s
[CV] END colsample_bytree=0.7300733288106989, gamma=0.36480308916903204, learning_rate=0.13751149427104264, max_depth=5, min_child_weight=3, n_estimators=10000, reg_alpha=0.4722149251619493, reg_lambda=0.8587827378149051, scale_pos_weight=2.0536485955607935, subsample=1.279131059412867; total time=   0.0s
[CV] END colsample_bytree=0.7300733288106989, gamma=0.36480308916903204, learning_rate=0.13751149427104264, max_depth=5, min_child_weight=3, n_estimators=10000, reg_alpha=0.4722149251619493, reg_lambda=0.8587827378149051, scale_pos_weight=2.0536485955607935, subsample=1.279131059412867; total time=   0.0s
[CV] END colsample_bytree=0.7300733288106989, gamma=0.36480308916903204, learning_rate=0.13751149427104264, max_depth=5, min_child_weight=3, n_estimators=10000, reg_alpha=0.4722149251619493, reg_lambda=0.8587827378149051, scale_pos_weight=2.0536485955607935, subsample=1.279131059412867; total time=   0.0s
[CV] END colsample_bytree=0.7300733288106989, gamma=0.36480308916903204, learning_rate=0.13751149427104264, max_depth=5, min_child_weight=3, n_estimators=10000, reg_alpha=0.4722149251619493, reg_lambda=0.8587827378149051, scale_pos_weight=2.0536485955607935, subsample=1.279131059412867; total time=   0.0s
[CV] END colsample_bytree=0.7300733288106989, gamma=0.36480308916903204, learning_rate=0.13751149427104264, max_depth=5, min_child_weight=3, n_estimators=10000, reg_alpha=0.4722149251619493, reg_lambda=0.8587827378149051, scale_pos_weight=2.0536485955607935, subsample=1.279131059412867; total time=   0.0s
[CV] END colsample_bytree=0.8886918084659492, gamma=0.11799245987447787, learning_rate=0.0612136645522648, max_depth=5, min_child_weight=9, n_estimators=10000, reg_alpha=0.7106628896857874, reg_lambda=0.832672462435494, scale_pos_weight=2.0536485955607935, subsample=0.6863131415946435; total time=   2.8s
[CV] END colsample_bytree=0.8886918084659492, gamma=0.11799245987447787, learning_rate=0.0612136645522648, max_depth=5, min_child_weight=9, n_estimators=10000, reg_alpha=0.7106628896857874, reg_lambda=0.832672462435494, scale_pos_weight=2.0536485955607935, subsample=0.6863131415946435; total time=   2.8s
[CV] END colsample_bytree=0.8886918084659492, gamma=0.11799245987447787, learning_rate=0.0612136645522648, max_depth=5, min_child_weight=9, n_estimators=10000, reg_alpha=0.7106628896857874, reg_lambda=0.832672462435494, scale_pos_weight=2.0536485955607935, subsample=0.6863131415946435; total time=   2.8s
[CV] END colsample_bytree=0.8886918084659492, gamma=0.11799245987447787, learning_rate=0.0612136645522648, max_depth=5, min_child_weight=9, n_estimators=10000, reg_alpha=0.7106628896857874, reg_lambda=0.832672462435494, scale_pos_weight=2.0536485955607935, subsample=0.6863131415946435; total time=   2.8s
[CV] END colsample_bytree=0.8886918084659492, gamma=0.11799245987447787, learning_rate=0.0612136645522648, max_depth=5, min_child_weight=9, n_estimators=10000, reg_alpha=0.7106628896857874, reg_lambda=0.832672462435494, scale_pos_weight=2.0536485955607935, subsample=0.6863131415946435; total time=   2.8s
[CV] END colsample_bytree=0.6125716742746937, gamma=0.3182052056318902, learning_rate=0.07287119621526533, max_depth=6, min_child_weight=5, n_estimators=10000, reg_alpha=0.24929222914887494, reg_lambda=1.7311487691068892, scale_pos_weight=<scipy.stats._distn_infrastructure.rv_continuous_frozen object at 0x7f98741c5190>, subsample=0.7624489797878156; total time=   0.0s
[CV] END colsample_bytree=0.6125716742746937, gamma=0.3182052056318902, learning_rate=0.07287119621526533, max_depth=6, min_child_weight=5, n_estimators=10000, reg_alpha=0.24929222914887494, reg_lambda=1.7311487691068892, scale_pos_weight=<scipy.stats._distn_infrastructure.rv_continuous_frozen object at 0x7f98741c5190>, subsample=0.7624489797878156; total time=   0.0s
[CV] END colsample_bytree=0.6125716742746937, gamma=0.3182052056318902, learning_rate=0.07287119621526533, max_depth=6, min_child_weight=5, n_estimators=10000, reg_alpha=0.24929222914887494, reg_lambda=1.7311487691068892, scale_pos_weight=<scipy.stats._distn_infrastructure.rv_continuous_frozen object at 0x7f98741c5190>, subsample=0.7624489797878156; total time=   0.0s
[CV] END colsample_bytree=0.6125716742746937, gamma=0.3182052056318902, learning_rate=0.07287119621526533, max_depth=6, min_child_weight=5, n_estimators=10000, reg_alpha=0.24929222914887494, reg_lambda=1.7311487691068892, scale_pos_weight=<scipy.stats._distn_infrastructure.rv_continuous_frozen object at 0x7f98741c5190>, subsample=0.7624489797878156; total time=   0.0s
[CV] END colsample_bytree=0.6125716742746937, gamma=0.3182052056318902, learning_rate=0.07287119621526533, max_depth=6, min_child_weight=5, n_estimators=10000, reg_alpha=0.24929222914887494, reg_lambda=1.7311487691068892, scale_pos_weight=<scipy.stats._distn_infrastructure.rv_continuous_frozen object at 0x7f98741c5190>, subsample=0.7624489797878156; total time=   0.0s
[CV] END colsample_bytree=0.9771414282231924, gamma=0.299432733244268, learning_rate=0.14895698660794093, max_depth=6, min_child_weight=2, n_estimators=10000, reg_alpha=0.6243540481337932, reg_lambda=1.386901057513142, scale_pos_weight=<scipy.stats._distn_infrastructure.rv_continuous_frozen object at 0x7f98741c5190>, subsample=1.2971684721501742; total time=   0.0s
[CV] END colsample_bytree=0.9771414282231924, gamma=0.299432733244268, learning_rate=0.14895698660794093, max_depth=6, min_child_weight=2, n_estimators=10000, reg_alpha=0.6243540481337932, reg_lambda=1.386901057513142, scale_pos_weight=<scipy.stats._distn_infrastructure.rv_continuous_frozen object at 0x7f98741c5190>, subsample=1.2971684721501742; total time=   0.0s
[CV] END colsample_bytree=0.9771414282231924, gamma=0.299432733244268, learning_rate=0.14895698660794093, max_depth=6, min_child_weight=2, n_estimators=10000, reg_alpha=0.6243540481337932, reg_lambda=1.386901057513142, scale_pos_weight=<scipy.stats._distn_infrastructure.rv_continuous_frozen object at 0x7f98741c5190>, subsample=1.2971684721501742; total time=   0.0s
[CV] END colsample_bytree=0.9771414282231924, gamma=0.299432733244268, learning_rate=0.14895698660794093, max_depth=6, min_child_weight=2, n_estimators=10000, reg_alpha=0.6243540481337932, reg_lambda=1.386901057513142, scale_pos_weight=<scipy.stats._distn_infrastructure.rv_continuous_frozen object at 0x7f98741c5190>, subsample=1.2971684721501742; total time=   0.0s
[CV] END colsample_bytree=0.9771414282231924, gamma=0.299432733244268, learning_rate=0.14895698660794093, max_depth=6, min_child_weight=2, n_estimators=10000, reg_alpha=0.6243540481337932, reg_lambda=1.386901057513142, scale_pos_weight=<scipy.stats._distn_infrastructure.rv_continuous_frozen object at 0x7f98741c5190>, subsample=1.2971684721501742; total time=   0.0s
[CV] END colsample_bytree=0.9214688307596458, gamma=0.09328502944301792, learning_rate=0.18851179969799559, max_depth=5, min_child_weight=7, n_estimators=10000, reg_alpha=0.8960912999234932, reg_lambda=1.4540104249155916, scale_pos_weight=<scipy.stats._distn_infrastructure.rv_continuous_frozen object at 0x7f98741c5190>, subsample=0.8177057995077083; total time=   0.0s
[CV] END colsample_bytree=0.9214688307596458, gamma=0.09328502944301792, learning_rate=0.18851179969799559, max_depth=5, min_child_weight=7, n_estimators=10000, reg_alpha=0.8960912999234932, reg_lambda=1.4540104249155916, scale_pos_weight=<scipy.stats._distn_infrastructure.rv_continuous_frozen object at 0x7f98741c5190>, subsample=0.8177057995077083; total time=   0.0s
[CV] END colsample_bytree=0.9214688307596458, gamma=0.09328502944301792, learning_rate=0.18851179969799559, max_depth=5, min_child_weight=7, n_estimators=10000, reg_alpha=0.8960912999234932, reg_lambda=1.4540104249155916, scale_pos_weight=<scipy.stats._distn_infrastructure.rv_continuous_frozen object at 0x7f98741c5190>, subsample=0.8177057995077083; total time=   0.0s
[CV] END colsample_bytree=0.9214688307596458, gamma=0.09328502944301792, learning_rate=0.18851179969799559, max_depth=5, min_child_weight=7, n_estimators=10000, reg_alpha=0.8960912999234932, reg_lambda=1.4540104249155916, scale_pos_weight=<scipy.stats._distn_infrastructure.rv_continuous_frozen object at 0x7f98741c5190>, subsample=0.8177057995077083; total time=   0.0s
[CV] END colsample_bytree=0.9214688307596458, gamma=0.09328502944301792, learning_rate=0.18851179969799559, max_depth=5, min_child_weight=7, n_estimators=10000, reg_alpha=0.8960912999234932, reg_lambda=1.4540104249155916, scale_pos_weight=<scipy.stats._distn_infrastructure.rv_continuous_frozen object at 0x7f98741c5190>, subsample=0.8177057995077083; total time=   0.0s
[CV] END colsample_bytree=0.8590760482165449, gamma=0.0002601884976579094, learning_rate=0.0805137712668338, max_depth=5, min_child_weight=7, n_estimators=10000, reg_alpha=0.16465585314294173, reg_lambda=2.102268258126326, scale_pos_weight=2.0536485955607935, subsample=0.7776862483765842; total time=   3.2s
[CV] END colsample_bytree=0.8590760482165449, gamma=0.0002601884976579094, learning_rate=0.0805137712668338, max_depth=5, min_child_weight=7, n_estimators=10000, reg_alpha=0.16465585314294173, reg_lambda=2.102268258126326, scale_pos_weight=2.0536485955607935, subsample=0.7776862483765842; total time=   3.3s
[CV] END colsample_bytree=0.8590760482165449, gamma=0.0002601884976579094, learning_rate=0.0805137712668338, max_depth=5, min_child_weight=7, n_estimators=10000, reg_alpha=0.16465585314294173, reg_lambda=2.102268258126326, scale_pos_weight=2.0536485955607935, subsample=0.7776862483765842; total time=   3.2s
[CV] END colsample_bytree=0.8590760482165449, gamma=0.0002601884976579094, learning_rate=0.0805137712668338, max_depth=5, min_child_weight=7, n_estimators=10000, reg_alpha=0.16465585314294173, reg_lambda=2.102268258126326, scale_pos_weight=2.0536485955607935, subsample=0.7776862483765842; total time=   3.2s
[CV] END colsample_bytree=0.8590760482165449, gamma=0.0002601884976579094, learning_rate=0.0805137712668338, max_depth=5, min_child_weight=7, n_estimators=10000, reg_alpha=0.16465585314294173, reg_lambda=2.102268258126326, scale_pos_weight=2.0536485955607935, subsample=0.7776862483765842; total time=   3.2s
[CV] END colsample_bytree=0.6479461469334731, gamma=0.16880758570181398, learning_rate=0.19858194078250385, max_depth=8, min_child_weight=8, n_estimators=10000, reg_alpha=0.7030189588951778, reg_lambda=1.590888807137882, scale_pos_weight=<scipy.stats._distn_infrastructure.rv_continuous_frozen object at 0x7f98741c5190>, subsample=0.8031323311474757; total time=   0.0s
[CV] END colsample_bytree=0.6479461469334731, gamma=0.16880758570181398, learning_rate=0.19858194078250385, max_depth=8, min_child_weight=8, n_estimators=10000, reg_alpha=0.7030189588951778, reg_lambda=1.590888807137882, scale_pos_weight=<scipy.stats._distn_infrastructure.rv_continuous_frozen object at 0x7f98741c5190>, subsample=0.8031323311474757; total time=   0.0s
[CV] END colsample_bytree=0.6479461469334731, gamma=0.16880758570181398, learning_rate=0.19858194078250385, max_depth=8, min_child_weight=8, n_estimators=10000, reg_alpha=0.7030189588951778, reg_lambda=1.590888807137882, scale_pos_weight=<scipy.stats._distn_infrastructure.rv_continuous_frozen object at 0x7f98741c5190>, subsample=0.8031323311474757; total time=   0.0s
[CV] END colsample_bytree=0.6479461469334731, gamma=0.16880758570181398, learning_rate=0.19858194078250385, max_depth=8, min_child_weight=8, n_estimators=10000, reg_alpha=0.7030189588951778, reg_lambda=1.590888807137882, scale_pos_weight=<scipy.stats._distn_infrastructure.rv_continuous_frozen object at 0x7f98741c5190>, subsample=0.8031323311474757; total time=   0.0s
[CV] END colsample_bytree=0.6479461469334731, gamma=0.16880758570181398, learning_rate=0.19858194078250385, max_depth=8, min_child_weight=8, n_estimators=10000, reg_alpha=0.7030189588951778, reg_lambda=1.590888807137882, scale_pos_weight=<scipy.stats._distn_infrastructure.rv_continuous_frozen object at 0x7f98741c5190>, subsample=0.8031323311474757; total time=   0.0s
[CV] END colsample_bytree=0.6987504251354405, gamma=0.3481521364198942, learning_rate=0.15245411798488842, max_depth=7, min_child_weight=1, n_estimators=10000, reg_alpha=0.9977404850489419, reg_lambda=1.3003430428258551, scale_pos_weight=2.0536485955607935, subsample=1.0021432185830892; total time=   0.0s
[CV] END colsample_bytree=0.6987504251354405, gamma=0.3481521364198942, learning_rate=0.15245411798488842, max_depth=7, min_child_weight=1, n_estimators=10000, reg_alpha=0.9977404850489419, reg_lambda=1.3003430428258551, scale_pos_weight=2.0536485955607935, subsample=1.0021432185830892; total time=   0.0s
[CV] END colsample_bytree=0.6987504251354405, gamma=0.3481521364198942, learning_rate=0.15245411798488842, max_depth=7, min_child_weight=1, n_estimators=10000, reg_alpha=0.9977404850489419, reg_lambda=1.3003430428258551, scale_pos_weight=2.0536485955607935, subsample=1.0021432185830892; total time=   0.0s
[CV] END colsample_bytree=0.6987504251354405, gamma=0.3481521364198942, learning_rate=0.15245411798488842, max_depth=7, min_child_weight=1, n_estimators=10000, reg_alpha=0.9977404850489419, reg_lambda=1.3003430428258551, scale_pos_weight=2.0536485955607935, subsample=1.0021432185830892; total time=   0.0s
[CV] END colsample_bytree=0.6987504251354405, gamma=0.3481521364198942, learning_rate=0.15245411798488842, max_depth=7, min_child_weight=1, n_estimators=10000, reg_alpha=0.9977404850489419, reg_lambda=1.3003430428258551, scale_pos_weight=2.0536485955607935, subsample=1.0021432185830892; total time=   0.0s
[CV] END colsample_bytree=0.6205915004999957, gamma=0.13932323211830572, learning_rate=0.19165317719333075, max_depth=5, min_child_weight=2, n_estimators=10000, reg_alpha=0.5309345833171364, reg_lambda=1.843349493719275, scale_pos_weight=2.0536485955607935, subsample=0.7936442172092003; total time=   1.5s
[CV] END colsample_bytree=0.6205915004999957, gamma=0.13932323211830572, learning_rate=0.19165317719333075, max_depth=5, min_child_weight=2, n_estimators=10000, reg_alpha=0.5309345833171364, reg_lambda=1.843349493719275, scale_pos_weight=2.0536485955607935, subsample=0.7936442172092003; total time=   1.5s
[CV] END colsample_bytree=0.6205915004999957, gamma=0.13932323211830572, learning_rate=0.19165317719333075, max_depth=5, min_child_weight=2, n_estimators=10000, reg_alpha=0.5309345833171364, reg_lambda=1.843349493719275, scale_pos_weight=2.0536485955607935, subsample=0.7936442172092003; total time=   1.5s
[CV] END colsample_bytree=0.6205915004999957, gamma=0.13932323211830572, learning_rate=0.19165317719333075, max_depth=5, min_child_weight=2, n_estimators=10000, reg_alpha=0.5309345833171364, reg_lambda=1.843349493719275, scale_pos_weight=2.0536485955607935, subsample=0.7936442172092003; total time=   1.4s
[CV] END colsample_bytree=0.6205915004999957, gamma=0.13932323211830572, learning_rate=0.19165317719333075, max_depth=5, min_child_weight=2, n_estimators=10000, reg_alpha=0.5309345833171364, reg_lambda=1.843349493719275, scale_pos_weight=2.0536485955607935, subsample=0.7936442172092003; total time=   1.4s
[CV] END colsample_bytree=0.8688542189623514, gamma=0.3808098076643588, learning_rate=0.05752750879847994, max_depth=9, min_child_weight=6, n_estimators=10000, reg_alpha=0.3677831327192532, reg_lambda=2.3969174917807385, scale_pos_weight=2.0536485955607935, subsample=0.9190595539556424; total time=   1.6s
[CV] END colsample_bytree=0.8688542189623514, gamma=0.3808098076643588, learning_rate=0.05752750879847994, max_depth=9, min_child_weight=6, n_estimators=10000, reg_alpha=0.3677831327192532, reg_lambda=2.3969174917807385, scale_pos_weight=2.0536485955607935, subsample=0.9190595539556424; total time=   1.6s
[CV] END colsample_bytree=0.8688542189623514, gamma=0.3808098076643588, learning_rate=0.05752750879847994, max_depth=9, min_child_weight=6, n_estimators=10000, reg_alpha=0.3677831327192532, reg_lambda=2.3969174917807385, scale_pos_weight=2.0536485955607935, subsample=0.9190595539556424; total time=   1.6s
[CV] END colsample_bytree=0.8688542189623514, gamma=0.3808098076643588, learning_rate=0.05752750879847994, max_depth=9, min_child_weight=6, n_estimators=10000, reg_alpha=0.3677831327192532, reg_lambda=2.3969174917807385, scale_pos_weight=2.0536485955607935, subsample=0.9190595539556424; total time=   1.6s
[CV] END colsample_bytree=0.8688542189623514, gamma=0.3808098076643588, learning_rate=0.05752750879847994, max_depth=9, min_child_weight=6, n_estimators=10000, reg_alpha=0.3677831327192532, reg_lambda=2.3969174917807385, scale_pos_weight=2.0536485955607935, subsample=0.9190595539556424; total time=   1.6s
[CV] END colsample_bytree=0.9265727492877536, gamma=0.39917256249227556, learning_rate=0.0401435087930859, max_depth=5, min_child_weight=6, n_estimators=10000, reg_alpha=0.6958128067908819, reg_lambda=3.0750764144411598, scale_pos_weight=2.0536485955607935, subsample=1.1420514894738258; total time=   0.0s
[CV] END colsample_bytree=0.9265727492877536, gamma=0.39917256249227556, learning_rate=0.0401435087930859, max_depth=5, min_child_weight=6, n_estimators=10000, reg_alpha=0.6958128067908819, reg_lambda=3.0750764144411598, scale_pos_weight=2.0536485955607935, subsample=1.1420514894738258; total time=   0.0s
[CV] END colsample_bytree=0.9265727492877536, gamma=0.39917256249227556, learning_rate=0.0401435087930859, max_depth=5, min_child_weight=6, n_estimators=10000, reg_alpha=0.6958128067908819, reg_lambda=3.0750764144411598, scale_pos_weight=2.0536485955607935, subsample=1.1420514894738258; total time=   0.0s
[CV] END colsample_bytree=0.9265727492877536, gamma=0.39917256249227556, learning_rate=0.0401435087930859, max_depth=5, min_child_weight=6, n_estimators=10000, reg_alpha=0.6958128067908819, reg_lambda=3.0750764144411598, scale_pos_weight=2.0536485955607935, subsample=1.1420514894738258; total time=   0.0s
[CV] END colsample_bytree=0.9265727492877536, gamma=0.39917256249227556, learning_rate=0.0401435087930859, max_depth=5, min_child_weight=6, n_estimators=10000, reg_alpha=0.6958128067908819, reg_lambda=3.0750764144411598, scale_pos_weight=2.0536485955607935, subsample=1.1420514894738258; total time=   0.0s
[CV] END colsample_bytree=0.6066351315711425, gamma=0.2560465291496405, learning_rate=0.05529915503958759, max_depth=9, min_child_weight=4, n_estimators=10000, reg_alpha=0.940523264489604, reg_lambda=1.692716063262567, scale_pos_weight=<scipy.stats._distn_infrastructure.rv_continuous_frozen object at 0x7f98741c5190>, subsample=1.3493839909893877; total time=   0.0s
[CV] END colsample_bytree=0.6066351315711425, gamma=0.2560465291496405, learning_rate=0.05529915503958759, max_depth=9, min_child_weight=4, n_estimators=10000, reg_alpha=0.940523264489604, reg_lambda=1.692716063262567, scale_pos_weight=<scipy.stats._distn_infrastructure.rv_continuous_frozen object at 0x7f98741c5190>, subsample=1.3493839909893877; total time=   0.0s
[CV] END colsample_bytree=0.6066351315711425, gamma=0.2560465291496405, learning_rate=0.05529915503958759, max_depth=9, min_child_weight=4, n_estimators=10000, reg_alpha=0.940523264489604, reg_lambda=1.692716063262567, scale_pos_weight=<scipy.stats._distn_infrastructure.rv_continuous_frozen object at 0x7f98741c5190>, subsample=1.3493839909893877; total time=   0.0s
[CV] END colsample_bytree=0.6066351315711425, gamma=0.2560465291496405, learning_rate=0.05529915503958759, max_depth=9, min_child_weight=4, n_estimators=10000, reg_alpha=0.940523264489604, reg_lambda=1.692716063262567, scale_pos_weight=<scipy.stats._distn_infrastructure.rv_continuous_frozen object at 0x7f98741c5190>, subsample=1.3493839909893877; total time=   0.0s
[CV] END colsample_bytree=0.6066351315711425, gamma=0.2560465291496405, learning_rate=0.05529915503958759, max_depth=9, min_child_weight=4, n_estimators=10000, reg_alpha=0.940523264489604, reg_lambda=1.692716063262567, scale_pos_weight=<scipy.stats._distn_infrastructure.rv_continuous_frozen object at 0x7f98741c5190>, subsample=1.3493839909893877; total time=   0.0s
[CV] END colsample_bytree=0.6550083776583973, gamma=0.17053317552512925, learning_rate=0.032694704248117816, max_depth=9, min_child_weight=3, n_estimators=10000, reg_alpha=0.22855002179729966, reg_lambda=1.0248647812878087, scale_pos_weight=2.0536485955607935, subsample=1.0441606492795699; total time=   0.0s
[CV] END colsample_bytree=0.6550083776583973, gamma=0.17053317552512925, learning_rate=0.032694704248117816, max_depth=9, min_child_weight=3, n_estimators=10000, reg_alpha=0.22855002179729966, reg_lambda=1.0248647812878087, scale_pos_weight=2.0536485955607935, subsample=1.0441606492795699; total time=   0.0s
[CV] END colsample_bytree=0.6550083776583973, gamma=0.17053317552512925, learning_rate=0.032694704248117816, max_depth=9, min_child_weight=3, n_estimators=10000, reg_alpha=0.22855002179729966, reg_lambda=1.0248647812878087, scale_pos_weight=2.0536485955607935, subsample=1.0441606492795699; total time=   0.0s
[CV] END colsample_bytree=0.6550083776583973, gamma=0.17053317552512925, learning_rate=0.032694704248117816, max_depth=9, min_child_weight=3, n_estimators=10000, reg_alpha=0.22855002179729966, reg_lambda=1.0248647812878087, scale_pos_weight=2.0536485955607935, subsample=1.0441606492795699; total time=   0.0s
[CV] END colsample_bytree=0.6550083776583973, gamma=0.17053317552512925, learning_rate=0.032694704248117816, max_depth=9, min_child_weight=3, n_estimators=10000, reg_alpha=0.22855002179729966, reg_lambda=1.0248647812878087, scale_pos_weight=2.0536485955607935, subsample=1.0441606492795699; total time=   0.0s
[CV] END colsample_bytree=0.8118602313424026, gamma=0.12092614545022584, learning_rate=0.028620553561179846, max_depth=6, min_child_weight=5, n_estimators=10000, reg_alpha=0.9004180571633305, reg_lambda=2.3993043718198037, scale_pos_weight=<scipy.stats._distn_infrastructure.rv_continuous_frozen object at 0x7f98741c5190>, subsample=0.8230970820737455; total time=   0.0s
[CV] END colsample_bytree=0.8118602313424026, gamma=0.12092614545022584, learning_rate=0.028620553561179846, max_depth=6, min_child_weight=5, n_estimators=10000, reg_alpha=0.9004180571633305, reg_lambda=2.3993043718198037, scale_pos_weight=<scipy.stats._distn_infrastructure.rv_continuous_frozen object at 0x7f98741c5190>, subsample=0.8230970820737455; total time=   0.0s
[CV] END colsample_bytree=0.8118602313424026, gamma=0.12092614545022584, learning_rate=0.028620553561179846, max_depth=6, min_child_weight=5, n_estimators=10000, reg_alpha=0.9004180571633305, reg_lambda=2.3993043718198037, scale_pos_weight=<scipy.stats._distn_infrastructure.rv_continuous_frozen object at 0x7f98741c5190>, subsample=0.8230970820737455; total time=   0.0s
[CV] END colsample_bytree=0.8118602313424026, gamma=0.12092614545022584, learning_rate=0.028620553561179846, max_depth=6, min_child_weight=5, n_estimators=10000, reg_alpha=0.9004180571633305, reg_lambda=2.3993043718198037, scale_pos_weight=<scipy.stats._distn_infrastructure.rv_continuous_frozen object at 0x7f98741c5190>, subsample=0.8230970820737455; total time=   0.0s
[CV] END colsample_bytree=0.8118602313424026, gamma=0.12092614545022584, learning_rate=0.028620553561179846, max_depth=6, min_child_weight=5, n_estimators=10000, reg_alpha=0.9004180571633305, reg_lambda=2.3993043718198037, scale_pos_weight=<scipy.stats._distn_infrastructure.rv_continuous_frozen object at 0x7f98741c5190>, subsample=0.8230970820737455; total time=   0.0s
[CV] END colsample_bytree=0.8801431319891084, gamma=0.42333057111915295, learning_rate=0.1812648583756185, max_depth=8, min_child_weight=8, n_estimators=10000, reg_alpha=0.8877700987609598, reg_lambda=3.0527853463025383, scale_pos_weight=<scipy.stats._distn_infrastructure.rv_continuous_frozen object at 0x7f98741c5190>, subsample=0.729302971275691; total time=   0.0s
[CV] END colsample_bytree=0.8801431319891084, gamma=0.42333057111915295, learning_rate=0.1812648583756185, max_depth=8, min_child_weight=8, n_estimators=10000, reg_alpha=0.8877700987609598, reg_lambda=3.0527853463025383, scale_pos_weight=<scipy.stats._distn_infrastructure.rv_continuous_frozen object at 0x7f98741c5190>, subsample=0.729302971275691; total time=   0.0s
[CV] END colsample_bytree=0.8801431319891084, gamma=0.42333057111915295, learning_rate=0.1812648583756185, max_depth=8, min_child_weight=8, n_estimators=10000, reg_alpha=0.8877700987609598, reg_lambda=3.0527853463025383, scale_pos_weight=<scipy.stats._distn_infrastructure.rv_continuous_frozen object at 0x7f98741c5190>, subsample=0.729302971275691; total time=   0.0s
[CV] END colsample_bytree=0.8801431319891084, gamma=0.42333057111915295, learning_rate=0.1812648583756185, max_depth=8, min_child_weight=8, n_estimators=10000, reg_alpha=0.8877700987609598, reg_lambda=3.0527853463025383, scale_pos_weight=<scipy.stats._distn_infrastructure.rv_continuous_frozen object at 0x7f98741c5190>, subsample=0.729302971275691; total time=   0.0s
[CV] END colsample_bytree=0.8801431319891084, gamma=0.42333057111915295, learning_rate=0.1812648583756185, max_depth=8, min_child_weight=8, n_estimators=10000, reg_alpha=0.8877700987609598, reg_lambda=3.0527853463025383, scale_pos_weight=<scipy.stats._distn_infrastructure.rv_continuous_frozen object at 0x7f98741c5190>, subsample=0.729302971275691; total time=   0.0s
[CV] END colsample_bytree=0.9594216754108317, gamma=0.30321452982979497, learning_rate=0.01183941032332593, max_depth=8, min_child_weight=9, n_estimators=10000, reg_alpha=0.6635017691080558, reg_lambda=0.5151847515386561, scale_pos_weight=2.0536485955607935, subsample=0.8442910882755148; total time=   4.2s
[CV] END colsample_bytree=0.9594216754108317, gamma=0.30321452982979497, learning_rate=0.01183941032332593, max_depth=8, min_child_weight=9, n_estimators=10000, reg_alpha=0.6635017691080558, reg_lambda=0.5151847515386561, scale_pos_weight=2.0536485955607935, subsample=0.8442910882755148; total time=   4.2s
[CV] END colsample_bytree=0.9594216754108317, gamma=0.30321452982979497, learning_rate=0.01183941032332593, max_depth=8, min_child_weight=9, n_estimators=10000, reg_alpha=0.6635017691080558, reg_lambda=0.5151847515386561, scale_pos_weight=2.0536485955607935, subsample=0.8442910882755148; total time=   4.2s
[CV] END colsample_bytree=0.9594216754108317, gamma=0.30321452982979497, learning_rate=0.01183941032332593, max_depth=8, min_child_weight=9, n_estimators=10000, reg_alpha=0.6635017691080558, reg_lambda=0.5151847515386561, scale_pos_weight=2.0536485955607935, subsample=0.8442910882755148; total time=   4.1s
[CV] END colsample_bytree=0.9594216754108317, gamma=0.30321452982979497, learning_rate=0.01183941032332593, max_depth=8, min_child_weight=9, n_estimators=10000, reg_alpha=0.6635017691080558, reg_lambda=0.5151847515386561, scale_pos_weight=2.0536485955607935, subsample=0.8442910882755148; total time=   4.0s
[CV] END colsample_bytree=0.7942455014344907, gamma=0.22421207149312367, learning_rate=0.20889149252216416, max_depth=6, min_child_weight=1, n_estimators=10000, reg_alpha=0.018075363615520867, reg_lambda=1.9816811455503038, scale_pos_weight=2.0536485955607935, subsample=1.1971931240944194; total time=   0.0s
[CV] END colsample_bytree=0.7942455014344907, gamma=0.22421207149312367, learning_rate=0.20889149252216416, max_depth=6, min_child_weight=1, n_estimators=10000, reg_alpha=0.018075363615520867, reg_lambda=1.9816811455503038, scale_pos_weight=2.0536485955607935, subsample=1.1971931240944194; total time=   0.0s
[CV] END colsample_bytree=0.7942455014344907, gamma=0.22421207149312367, learning_rate=0.20889149252216416, max_depth=6, min_child_weight=1, n_estimators=10000, reg_alpha=0.018075363615520867, reg_lambda=1.9816811455503038, scale_pos_weight=2.0536485955607935, subsample=1.1971931240944194; total time=   0.0s
[CV] END colsample_bytree=0.7942455014344907, gamma=0.22421207149312367, learning_rate=0.20889149252216416, max_depth=6, min_child_weight=1, n_estimators=10000, reg_alpha=0.018075363615520867, reg_lambda=1.9816811455503038, scale_pos_weight=2.0536485955607935, subsample=1.1971931240944194; total time=   0.0s
[CV] END colsample_bytree=0.7942455014344907, gamma=0.22421207149312367, learning_rate=0.20889149252216416, max_depth=6, min_child_weight=1, n_estimators=10000, reg_alpha=0.018075363615520867, reg_lambda=1.9816811455503038, scale_pos_weight=2.0536485955607935, subsample=1.1971931240944194; total time=   0.0s
[CV] END colsample_bytree=0.8598531596188859, gamma=0.42461170524708897, learning_rate=0.1415225784600687, max_depth=3, min_child_weight=3, n_estimators=10000, reg_alpha=0.6363326181858954, reg_lambda=1.2513854558167523, scale_pos_weight=2.0536485955607935, subsample=1.3784084438019564; total time=   0.0s
[CV] END colsample_bytree=0.8598531596188859, gamma=0.42461170524708897, learning_rate=0.1415225784600687, max_depth=3, min_child_weight=3, n_estimators=10000, reg_alpha=0.6363326181858954, reg_lambda=1.2513854558167523, scale_pos_weight=2.0536485955607935, subsample=1.3784084438019564; total time=   0.0s
[CV] END colsample_bytree=0.8598531596188859, gamma=0.42461170524708897, learning_rate=0.1415225784600687, max_depth=3, min_child_weight=3, n_estimators=10000, reg_alpha=0.6363326181858954, reg_lambda=1.2513854558167523, scale_pos_weight=2.0536485955607935, subsample=1.3784084438019564; total time=   0.0s
[CV] END colsample_bytree=0.8598531596188859, gamma=0.42461170524708897, learning_rate=0.1415225784600687, max_depth=3, min_child_weight=3, n_estimators=10000, reg_alpha=0.6363326181858954, reg_lambda=1.2513854558167523, scale_pos_weight=2.0536485955607935, subsample=1.3784084438019564; total time=   0.0s
[CV] END colsample_bytree=0.8598531596188859, gamma=0.42461170524708897, learning_rate=0.1415225784600687, max_depth=3, min_child_weight=3, n_estimators=10000, reg_alpha=0.6363326181858954, reg_lambda=1.2513854558167523, scale_pos_weight=2.0536485955607935, subsample=1.3784084438019564; total time=   0.0s
[CV] END colsample_bytree=0.7572390898667042, gamma=0.44602327758855664, learning_rate=0.1362277251994526, max_depth=4, min_child_weight=5, n_estimators=10000, reg_alpha=0.5026370931051921, reg_lambda=2.2307116538790774, scale_pos_weight=2.0536485955607935, subsample=1.2913340520575225; total time=   0.0s
[CV] END colsample_bytree=0.7572390898667042, gamma=0.44602327758855664, learning_rate=0.1362277251994526, max_depth=4, min_child_weight=5, n_estimators=10000, reg_alpha=0.5026370931051921, reg_lambda=2.2307116538790774, scale_pos_weight=2.0536485955607935, subsample=1.2913340520575225; total time=   0.0s
[CV] END colsample_bytree=0.7572390898667042, gamma=0.44602327758855664, learning_rate=0.1362277251994526, max_depth=4, min_child_weight=5, n_estimators=10000, reg_alpha=0.5026370931051921, reg_lambda=2.2307116538790774, scale_pos_weight=2.0536485955607935, subsample=1.2913340520575225; total time=   0.0s
[CV] END colsample_bytree=0.7572390898667042, gamma=0.44602327758855664, learning_rate=0.1362277251994526, max_depth=4, min_child_weight=5, n_estimators=10000, reg_alpha=0.5026370931051921, reg_lambda=2.2307116538790774, scale_pos_weight=2.0536485955607935, subsample=1.2913340520575225; total time=   0.0s
[CV] END colsample_bytree=0.7572390898667042, gamma=0.44602327758855664, learning_rate=0.1362277251994526, max_depth=4, min_child_weight=5, n_estimators=10000, reg_alpha=0.5026370931051921, reg_lambda=2.2307116538790774, scale_pos_weight=2.0536485955607935, subsample=1.2913340520575225; total time=   0.0s
[CV] END colsample_bytree=0.6920741072966221, gamma=0.24959668994237616, learning_rate=0.12440083984183663, max_depth=3, min_child_weight=1, n_estimators=10000, reg_alpha=0.994550510797341, reg_lambda=1.9098335419728287, scale_pos_weight=2.0536485955607935, subsample=1.3318915121763588; total time=   0.0s
[CV] END colsample_bytree=0.6920741072966221, gamma=0.24959668994237616, learning_rate=0.12440083984183663, max_depth=3, min_child_weight=1, n_estimators=10000, reg_alpha=0.994550510797341, reg_lambda=1.9098335419728287, scale_pos_weight=2.0536485955607935, subsample=1.3318915121763588; total time=   0.0s
[CV] END colsample_bytree=0.6920741072966221, gamma=0.24959668994237616, learning_rate=0.12440083984183663, max_depth=3, min_child_weight=1, n_estimators=10000, reg_alpha=0.994550510797341, reg_lambda=1.9098335419728287, scale_pos_weight=2.0536485955607935, subsample=1.3318915121763588; total time=   0.0s
[CV] END colsample_bytree=0.6920741072966221, gamma=0.24959668994237616, learning_rate=0.12440083984183663, max_depth=3, min_child_weight=1, n_estimators=10000, reg_alpha=0.994550510797341, reg_lambda=1.9098335419728287, scale_pos_weight=2.0536485955607935, subsample=1.3318915121763588; total time=   0.0s
[CV] END colsample_bytree=0.6920741072966221, gamma=0.24959668994237616, learning_rate=0.12440083984183663, max_depth=3, min_child_weight=1, n_estimators=10000, reg_alpha=0.994550510797341, reg_lambda=1.9098335419728287, scale_pos_weight=2.0536485955607935, subsample=1.3318915121763588; total time=   0.0s
[CV] END colsample_bytree=0.7480634801021777, gamma=0.007728308264433714, learning_rate=0.1956637125175451, max_depth=3, min_child_weight=5, n_estimators=10000, reg_alpha=0.5722924691708383, reg_lambda=3.440994751148137, scale_pos_weight=2.0536485955607935, subsample=0.8355591136556686; total time=   2.1s
[CV] END colsample_bytree=0.7480634801021777, gamma=0.007728308264433714, learning_rate=0.1956637125175451, max_depth=3, min_child_weight=5, n_estimators=10000, reg_alpha=0.5722924691708383, reg_lambda=3.440994751148137, scale_pos_weight=2.0536485955607935, subsample=0.8355591136556686; total time=   2.1s
[CV] END colsample_bytree=0.7480634801021777, gamma=0.007728308264433714, learning_rate=0.1956637125175451, max_depth=3, min_child_weight=5, n_estimators=10000, reg_alpha=0.5722924691708383, reg_lambda=3.440994751148137, scale_pos_weight=2.0536485955607935, subsample=0.8355591136556686; total time=   2.1s
[CV] END colsample_bytree=0.7480634801021777, gamma=0.007728308264433714, learning_rate=0.1956637125175451, max_depth=3, min_child_weight=5, n_estimators=10000, reg_alpha=0.5722924691708383, reg_lambda=3.440994751148137, scale_pos_weight=2.0536485955607935, subsample=0.8355591136556686; total time=   2.1s
[CV] END colsample_bytree=0.7480634801021777, gamma=0.007728308264433714, learning_rate=0.1956637125175451, max_depth=3, min_child_weight=5, n_estimators=10000, reg_alpha=0.5722924691708383, reg_lambda=3.440994751148137, scale_pos_weight=2.0536485955607935, subsample=0.8355591136556686; total time=   2.2s
[CV] END colsample_bytree=0.7540390914407701, gamma=0.42556833575842845, learning_rate=0.07338440103125553, max_depth=4, min_child_weight=9, n_estimators=10000, reg_alpha=0.3946914668094722, reg_lambda=3.032639422178934, scale_pos_weight=<scipy.stats._distn_infrastructure.rv_continuous_frozen object at 0x7f98741c5190>, subsample=1.056048936071492; total time=   0.0s
[CV] END colsample_bytree=0.7540390914407701, gamma=0.42556833575842845, learning_rate=0.07338440103125553, max_depth=4, min_child_weight=9, n_estimators=10000, reg_alpha=0.3946914668094722, reg_lambda=3.032639422178934, scale_pos_weight=<scipy.stats._distn_infrastructure.rv_continuous_frozen object at 0x7f98741c5190>, subsample=1.056048936071492; total time=   0.0s
[CV] END colsample_bytree=0.7540390914407701, gamma=0.42556833575842845, learning_rate=0.07338440103125553, max_depth=4, min_child_weight=9, n_estimators=10000, reg_alpha=0.3946914668094722, reg_lambda=3.032639422178934, scale_pos_weight=<scipy.stats._distn_infrastructure.rv_continuous_frozen object at 0x7f98741c5190>, subsample=1.056048936071492; total time=   0.0s
[CV] END colsample_bytree=0.7540390914407701, gamma=0.42556833575842845, learning_rate=0.07338440103125553, max_depth=4, min_child_weight=9, n_estimators=10000, reg_alpha=0.3946914668094722, reg_lambda=3.032639422178934, scale_pos_weight=<scipy.stats._distn_infrastructure.rv_continuous_frozen object at 0x7f98741c5190>, subsample=1.056048936071492; total time=   0.0s
[CV] END colsample_bytree=0.7540390914407701, gamma=0.42556833575842845, learning_rate=0.07338440103125553, max_depth=4, min_child_weight=9, n_estimators=10000, reg_alpha=0.3946914668094722, reg_lambda=3.032639422178934, scale_pos_weight=<scipy.stats._distn_infrastructure.rv_continuous_frozen object at 0x7f98741c5190>, subsample=1.056048936071492; total time=   0.0s
[CV] END colsample_bytree=0.6388705975083074, gamma=0.30750361334958487, learning_rate=0.20801077002085266, max_depth=4, min_child_weight=2, n_estimators=10000, reg_alpha=0.3225507642386005, reg_lambda=3.046009384774023, scale_pos_weight=<scipy.stats._distn_infrastructure.rv_continuous_frozen object at 0x7f98741c5190>, subsample=1.1619872671896874; total time=   0.0s
[CV] END colsample_bytree=0.6388705975083074, gamma=0.30750361334958487, learning_rate=0.20801077002085266, max_depth=4, min_child_weight=2, n_estimators=10000, reg_alpha=0.3225507642386005, reg_lambda=3.046009384774023, scale_pos_weight=<scipy.stats._distn_infrastructure.rv_continuous_frozen object at 0x7f98741c5190>, subsample=1.1619872671896874; total time=   0.0s
[CV] END colsample_bytree=0.6388705975083074, gamma=0.30750361334958487, learning_rate=0.20801077002085266, max_depth=4, min_child_weight=2, n_estimators=10000, reg_alpha=0.3225507642386005, reg_lambda=3.046009384774023, scale_pos_weight=<scipy.stats._distn_infrastructure.rv_continuous_frozen object at 0x7f98741c5190>, subsample=1.1619872671896874; total time=   0.0s
[CV] END colsample_bytree=0.6388705975083074, gamma=0.30750361334958487, learning_rate=0.20801077002085266, max_depth=4, min_child_weight=2, n_estimators=10000, reg_alpha=0.3225507642386005, reg_lambda=3.046009384774023, scale_pos_weight=<scipy.stats._distn_infrastructure.rv_continuous_frozen object at 0x7f98741c5190>, subsample=1.1619872671896874; total time=   0.0s
[CV] END colsample_bytree=0.6388705975083074, gamma=0.30750361334958487, learning_rate=0.20801077002085266, max_depth=4, min_child_weight=2, n_estimators=10000, reg_alpha=0.3225507642386005, reg_lambda=3.046009384774023, scale_pos_weight=<scipy.stats._distn_infrastructure.rv_continuous_frozen object at 0x7f98741c5190>, subsample=1.1619872671896874; total time=   0.0s
[CV] END colsample_bytree=0.743796460487902, gamma=0.14679592213224668, learning_rate=0.17187223109570274, max_depth=5, min_child_weight=2, n_estimators=10000, reg_alpha=0.8670723185801037, reg_lambda=3.239721657669414, scale_pos_weight=2.0536485955607935, subsample=0.6041478902191894; total time=   1.8s
[CV] END colsample_bytree=0.743796460487902, gamma=0.14679592213224668, learning_rate=0.17187223109570274, max_depth=5, min_child_weight=2, n_estimators=10000, reg_alpha=0.8670723185801037, reg_lambda=3.239721657669414, scale_pos_weight=2.0536485955607935, subsample=0.6041478902191894; total time=   1.8s
[CV] END colsample_bytree=0.743796460487902, gamma=0.14679592213224668, learning_rate=0.17187223109570274, max_depth=5, min_child_weight=2, n_estimators=10000, reg_alpha=0.8670723185801037, reg_lambda=3.239721657669414, scale_pos_weight=2.0536485955607935, subsample=0.6041478902191894; total time=   1.8s
[CV] END colsample_bytree=0.743796460487902, gamma=0.14679592213224668, learning_rate=0.17187223109570274, max_depth=5, min_child_weight=2, n_estimators=10000, reg_alpha=0.8670723185801037, reg_lambda=3.239721657669414, scale_pos_weight=2.0536485955607935, subsample=0.6041478902191894; total time=   1.7s
[CV] END colsample_bytree=0.743796460487902, gamma=0.14679592213224668, learning_rate=0.17187223109570274, max_depth=5, min_child_weight=2, n_estimators=10000, reg_alpha=0.8670723185801037, reg_lambda=3.239721657669414, scale_pos_weight=2.0536485955607935, subsample=0.6041478902191894; total time=   1.8s
[CV] END colsample_bytree=0.8511577659794545, gamma=0.09713697675602112, learning_rate=0.024188183399985533, max_depth=8, min_child_weight=3, n_estimators=10000, reg_alpha=0.3379951568515358, reg_lambda=1.6267488579198321, scale_pos_weight=2.0536485955607935, subsample=0.9507792984144696; total time=   2.6s
[CV] END colsample_bytree=0.8511577659794545, gamma=0.09713697675602112, learning_rate=0.024188183399985533, max_depth=8, min_child_weight=3, n_estimators=10000, reg_alpha=0.3379951568515358, reg_lambda=1.6267488579198321, scale_pos_weight=2.0536485955607935, subsample=0.9507792984144696; total time=   2.6s
[CV] END colsample_bytree=0.8511577659794545, gamma=0.09713697675602112, learning_rate=0.024188183399985533, max_depth=8, min_child_weight=3, n_estimators=10000, reg_alpha=0.3379951568515358, reg_lambda=1.6267488579198321, scale_pos_weight=2.0536485955607935, subsample=0.9507792984144696; total time=   2.6s
[CV] END colsample_bytree=0.8511577659794545, gamma=0.09713697675602112, learning_rate=0.024188183399985533, max_depth=8, min_child_weight=3, n_estimators=10000, reg_alpha=0.3379951568515358, reg_lambda=1.6267488579198321, scale_pos_weight=2.0536485955607935, subsample=0.9507792984144696; total time=   2.5s
[CV] END colsample_bytree=0.8511577659794545, gamma=0.09713697675602112, learning_rate=0.024188183399985533, max_depth=8, min_child_weight=3, n_estimators=10000, reg_alpha=0.3379951568515358, reg_lambda=1.6267488579198321, scale_pos_weight=2.0536485955607935, subsample=0.9507792984144696; total time=   2.6s
[CV] END colsample_bytree=0.8688104541180797, gamma=0.16407633373736596, learning_rate=0.04100832334554884, max_depth=8, min_child_weight=6, n_estimators=10000, reg_alpha=0.5908332605690108, reg_lambda=0.5915007498171483, scale_pos_weight=2.0536485955607935, subsample=0.6310677875435385; total time=   2.9s
[CV] END colsample_bytree=0.8688104541180797, gamma=0.16407633373736596, learning_rate=0.04100832334554884, max_depth=8, min_child_weight=6, n_estimators=10000, reg_alpha=0.5908332605690108, reg_lambda=0.5915007498171483, scale_pos_weight=2.0536485955607935, subsample=0.6310677875435385; total time=   2.9s
[CV] END colsample_bytree=0.8688104541180797, gamma=0.16407633373736596, learning_rate=0.04100832334554884, max_depth=8, min_child_weight=6, n_estimators=10000, reg_alpha=0.5908332605690108, reg_lambda=0.5915007498171483, scale_pos_weight=2.0536485955607935, subsample=0.6310677875435385; total time=   2.9s
[CV] END colsample_bytree=0.8688104541180797, gamma=0.16407633373736596, learning_rate=0.04100832334554884, max_depth=8, min_child_weight=6, n_estimators=10000, reg_alpha=0.5908332605690108, reg_lambda=0.5915007498171483, scale_pos_weight=2.0536485955607935, subsample=0.6310677875435385; total time=   2.8s
[CV] END colsample_bytree=0.8688104541180797, gamma=0.16407633373736596, learning_rate=0.04100832334554884, max_depth=8, min_child_weight=6, n_estimators=10000, reg_alpha=0.5908332605690108, reg_lambda=0.5915007498171483, scale_pos_weight=2.0536485955607935, subsample=0.6310677875435385; total time=   2.9s
[CV] END colsample_bytree=0.7213062058692892, gamma=0.2685412135983277, learning_rate=0.07533024835920818, max_depth=7, min_child_weight=5, n_estimators=10000, reg_alpha=0.45726516161372854, reg_lambda=3.026069225035944, scale_pos_weight=2.0536485955607935, subsample=1.0250837052545183; total time=   0.0s
[CV] END colsample_bytree=0.7213062058692892, gamma=0.2685412135983277, learning_rate=0.07533024835920818, max_depth=7, min_child_weight=5, n_estimators=10000, reg_alpha=0.45726516161372854, reg_lambda=3.026069225035944, scale_pos_weight=2.0536485955607935, subsample=1.0250837052545183; total time=   0.0s
[CV] END colsample_bytree=0.7213062058692892, gamma=0.2685412135983277, learning_rate=0.07533024835920818, max_depth=7, min_child_weight=5, n_estimators=10000, reg_alpha=0.45726516161372854, reg_lambda=3.026069225035944, scale_pos_weight=2.0536485955607935, subsample=1.0250837052545183; total time=   0.0s
[CV] END colsample_bytree=0.7213062058692892, gamma=0.2685412135983277, learning_rate=0.07533024835920818, max_depth=7, min_child_weight=5, n_estimators=10000, reg_alpha=0.45726516161372854, reg_lambda=3.026069225035944, scale_pos_weight=2.0536485955607935, subsample=1.0250837052545183; total time=   0.0s
[CV] END colsample_bytree=0.7213062058692892, gamma=0.2685412135983277, learning_rate=0.07533024835920818, max_depth=7, min_child_weight=5, n_estimators=10000, reg_alpha=0.45726516161372854, reg_lambda=3.026069225035944, scale_pos_weight=2.0536485955607935, subsample=1.0250837052545183; total time=   0.0s
[CV] END colsample_bytree=0.8162540486440426, gamma=0.3187149507491033, learning_rate=0.15521826674453232, max_depth=7, min_child_weight=2, n_estimators=10000, reg_alpha=0.5163003483011953, reg_lambda=1.468869418823738, scale_pos_weight=<scipy.stats._distn_infrastructure.rv_continuous_frozen object at 0x7f98741c5190>, subsample=0.9190567211558356; total time=   0.0s
[CV] END colsample_bytree=0.8162540486440426, gamma=0.3187149507491033, learning_rate=0.15521826674453232, max_depth=7, min_child_weight=2, n_estimators=10000, reg_alpha=0.5163003483011953, reg_lambda=1.468869418823738, scale_pos_weight=<scipy.stats._distn_infrastructure.rv_continuous_frozen object at 0x7f98741c5190>, subsample=0.9190567211558356; total time=   0.0s
[CV] END colsample_bytree=0.8162540486440426, gamma=0.3187149507491033, learning_rate=0.15521826674453232, max_depth=7, min_child_weight=2, n_estimators=10000, reg_alpha=0.5163003483011953, reg_lambda=1.468869418823738, scale_pos_weight=<scipy.stats._distn_infrastructure.rv_continuous_frozen object at 0x7f98741c5190>, subsample=0.9190567211558356; total time=   0.0s
[CV] END colsample_bytree=0.8162540486440426, gamma=0.3187149507491033, learning_rate=0.15521826674453232, max_depth=7, min_child_weight=2, n_estimators=10000, reg_alpha=0.5163003483011953, reg_lambda=1.468869418823738, scale_pos_weight=<scipy.stats._distn_infrastructure.rv_continuous_frozen object at 0x7f98741c5190>, subsample=0.9190567211558356; total time=   0.0s
[CV] END colsample_bytree=0.8162540486440426, gamma=0.3187149507491033, learning_rate=0.15521826674453232, max_depth=7, min_child_weight=2, n_estimators=10000, reg_alpha=0.5163003483011953, reg_lambda=1.468869418823738, scale_pos_weight=<scipy.stats._distn_infrastructure.rv_continuous_frozen object at 0x7f98741c5190>, subsample=0.9190567211558356; total time=   0.0s
[CV] END colsample_bytree=0.7734082950322968, gamma=0.3720213214995577, learning_rate=0.06017210546933224, max_depth=4, min_child_weight=5, n_estimators=10000, reg_alpha=0.08087296661719767, reg_lambda=1.7849434248203233, scale_pos_weight=2.0536485955607935, subsample=0.9271623555314159; total time=   1.7s
[CV] END colsample_bytree=0.7734082950322968, gamma=0.3720213214995577, learning_rate=0.06017210546933224, max_depth=4, min_child_weight=5, n_estimators=10000, reg_alpha=0.08087296661719767, reg_lambda=1.7849434248203233, scale_pos_weight=2.0536485955607935, subsample=0.9271623555314159; total time=   1.7s
[CV] END colsample_bytree=0.7734082950322968, gamma=0.3720213214995577, learning_rate=0.06017210546933224, max_depth=4, min_child_weight=5, n_estimators=10000, reg_alpha=0.08087296661719767, reg_lambda=1.7849434248203233, scale_pos_weight=2.0536485955607935, subsample=0.9271623555314159; total time=   1.7s
[CV] END colsample_bytree=0.7734082950322968, gamma=0.3720213214995577, learning_rate=0.06017210546933224, max_depth=4, min_child_weight=5, n_estimators=10000, reg_alpha=0.08087296661719767, reg_lambda=1.7849434248203233, scale_pos_weight=2.0536485955607935, subsample=0.9271623555314159; total time=   1.6s
[CV] END colsample_bytree=0.7734082950322968, gamma=0.3720213214995577, learning_rate=0.06017210546933224, max_depth=4, min_child_weight=5, n_estimators=10000, reg_alpha=0.08087296661719767, reg_lambda=1.7849434248203233, scale_pos_weight=2.0536485955607935, subsample=0.9271623555314159; total time=   1.7s
----------
iter: 1
n_candidates: 14
n_resources: 13818
Fitting 5 folds for each of 14 candidates, totalling 70 fits
[CV] END colsample_bytree=0.9705203514053395, gamma=0.32553851275097223, learning_rate=0.19299193510875617, max_depth=3, min_child_weight=8, n_estimators=10000, reg_alpha=0.4494506741382034, reg_lambda=0.7862303494712339, scale_pos_weight=<scipy.stats._distn_infrastructure.rv_continuous_frozen object at 0x7f98741c5190>, subsample=0.8487858573725298; total time=   0.0s
[CV] END colsample_bytree=0.9705203514053395, gamma=0.32553851275097223, learning_rate=0.19299193510875617, max_depth=3, min_child_weight=8, n_estimators=10000, reg_alpha=0.4494506741382034, reg_lambda=0.7862303494712339, scale_pos_weight=<scipy.stats._distn_infrastructure.rv_continuous_frozen object at 0x7f98741c5190>, subsample=0.8487858573725298; total time=   0.0s
[CV] END colsample_bytree=0.9705203514053395, gamma=0.32553851275097223, learning_rate=0.19299193510875617, max_depth=3, min_child_weight=8, n_estimators=10000, reg_alpha=0.4494506741382034, reg_lambda=0.7862303494712339, scale_pos_weight=<scipy.stats._distn_infrastructure.rv_continuous_frozen object at 0x7f98741c5190>, subsample=0.8487858573725298; total time=   0.0s
[CV] END colsample_bytree=0.9705203514053395, gamma=0.32553851275097223, learning_rate=0.19299193510875617, max_depth=3, min_child_weight=8, n_estimators=10000, reg_alpha=0.4494506741382034, reg_lambda=0.7862303494712339, scale_pos_weight=<scipy.stats._distn_infrastructure.rv_continuous_frozen object at 0x7f98741c5190>, subsample=0.8487858573725298; total time=   0.0s
[CV] END colsample_bytree=0.9705203514053395, gamma=0.32553851275097223, learning_rate=0.19299193510875617, max_depth=3, min_child_weight=8, n_estimators=10000, reg_alpha=0.4494506741382034, reg_lambda=0.7862303494712339, scale_pos_weight=<scipy.stats._distn_infrastructure.rv_continuous_frozen object at 0x7f98741c5190>, subsample=0.8487858573725298; total time=   0.0s
[CV] END colsample_bytree=0.7480634801021777, gamma=0.007728308264433714, learning_rate=0.1956637125175451, max_depth=3, min_child_weight=5, n_estimators=10000, reg_alpha=0.5722924691708383, reg_lambda=3.440994751148137, scale_pos_weight=2.0536485955607935, subsample=0.8355591136556686; total time=   4.4s
[CV] END colsample_bytree=0.7480634801021777, gamma=0.007728308264433714, learning_rate=0.1956637125175451, max_depth=3, min_child_weight=5, n_estimators=10000, reg_alpha=0.5722924691708383, reg_lambda=3.440994751148137, scale_pos_weight=2.0536485955607935, subsample=0.8355591136556686; total time=   4.5s
[CV] END colsample_bytree=0.7480634801021777, gamma=0.007728308264433714, learning_rate=0.1956637125175451, max_depth=3, min_child_weight=5, n_estimators=10000, reg_alpha=0.5722924691708383, reg_lambda=3.440994751148137, scale_pos_weight=2.0536485955607935, subsample=0.8355591136556686; total time=   4.4s
[CV] END colsample_bytree=0.7480634801021777, gamma=0.007728308264433714, learning_rate=0.1956637125175451, max_depth=3, min_child_weight=5, n_estimators=10000, reg_alpha=0.5722924691708383, reg_lambda=3.440994751148137, scale_pos_weight=2.0536485955607935, subsample=0.8355591136556686; total time=   4.4s
[CV] END colsample_bytree=0.7480634801021777, gamma=0.007728308264433714, learning_rate=0.1956637125175451, max_depth=3, min_child_weight=5, n_estimators=10000, reg_alpha=0.5722924691708383, reg_lambda=3.440994751148137, scale_pos_weight=2.0536485955607935, subsample=0.8355591136556686; total time=   4.5s
[CV] END colsample_bytree=0.6733618039413735, gamma=0.15212112147976886, learning_rate=0.11495128632644756, max_depth=6, min_child_weight=9, n_estimators=10000, reg_alpha=0.2912291401980419, reg_lambda=2.3355586841671383, scale_pos_weight=2.0536485955607935, subsample=0.6373325305708923; total time=   4.0s
[CV] END colsample_bytree=0.6733618039413735, gamma=0.15212112147976886, learning_rate=0.11495128632644756, max_depth=6, min_child_weight=9, n_estimators=10000, reg_alpha=0.2912291401980419, reg_lambda=2.3355586841671383, scale_pos_weight=2.0536485955607935, subsample=0.6373325305708923; total time=   4.0s
[CV] END colsample_bytree=0.6733618039413735, gamma=0.15212112147976886, learning_rate=0.11495128632644756, max_depth=6, min_child_weight=9, n_estimators=10000, reg_alpha=0.2912291401980419, reg_lambda=2.3355586841671383, scale_pos_weight=2.0536485955607935, subsample=0.6373325305708923; total time=   4.0s
[CV] END colsample_bytree=0.6733618039413735, gamma=0.15212112147976886, learning_rate=0.11495128632644756, max_depth=6, min_child_weight=9, n_estimators=10000, reg_alpha=0.2912291401980419, reg_lambda=2.3355586841671383, scale_pos_weight=2.0536485955607935, subsample=0.6373325305708923; total time=   3.9s
[CV] END colsample_bytree=0.6733618039413735, gamma=0.15212112147976886, learning_rate=0.11495128632644756, max_depth=6, min_child_weight=9, n_estimators=10000, reg_alpha=0.2912291401980419, reg_lambda=2.3355586841671383, scale_pos_weight=2.0536485955607935, subsample=0.6373325305708923; total time=   3.9s
[CV] END colsample_bytree=0.6923575302488596, gamma=0.12051273301300586, learning_rate=0.14665270376509165, max_depth=6, min_child_weight=8, n_estimators=10000, reg_alpha=0.034388521115218396, reg_lambda=3.2279612062363463, scale_pos_weight=2.0536485955607935, subsample=0.7457888702304498; total time=   3.4s
[CV] END colsample_bytree=0.6923575302488596, gamma=0.12051273301300586, learning_rate=0.14665270376509165, max_depth=6, min_child_weight=8, n_estimators=10000, reg_alpha=0.034388521115218396, reg_lambda=3.2279612062363463, scale_pos_weight=2.0536485955607935, subsample=0.7457888702304498; total time=   3.5s
[CV] END colsample_bytree=0.6923575302488596, gamma=0.12051273301300586, learning_rate=0.14665270376509165, max_depth=6, min_child_weight=8, n_estimators=10000, reg_alpha=0.034388521115218396, reg_lambda=3.2279612062363463, scale_pos_weight=2.0536485955607935, subsample=0.7457888702304498; total time=   3.4s
[CV] END colsample_bytree=0.6923575302488596, gamma=0.12051273301300586, learning_rate=0.14665270376509165, max_depth=6, min_child_weight=8, n_estimators=10000, reg_alpha=0.034388521115218396, reg_lambda=3.2279612062363463, scale_pos_weight=2.0536485955607935, subsample=0.7457888702304498; total time=   3.4s
[CV] END colsample_bytree=0.6923575302488596, gamma=0.12051273301300586, learning_rate=0.14665270376509165, max_depth=6, min_child_weight=8, n_estimators=10000, reg_alpha=0.034388521115218396, reg_lambda=3.2279612062363463, scale_pos_weight=2.0536485955607935, subsample=0.7457888702304498; total time=   3.4s
[CV] END colsample_bytree=0.7734082950322968, gamma=0.3720213214995577, learning_rate=0.06017210546933224, max_depth=4, min_child_weight=5, n_estimators=10000, reg_alpha=0.08087296661719767, reg_lambda=1.7849434248203233, scale_pos_weight=2.0536485955607935, subsample=0.9271623555314159; total time=   2.9s
[CV] END colsample_bytree=0.7734082950322968, gamma=0.3720213214995577, learning_rate=0.06017210546933224, max_depth=4, min_child_weight=5, n_estimators=10000, reg_alpha=0.08087296661719767, reg_lambda=1.7849434248203233, scale_pos_weight=2.0536485955607935, subsample=0.9271623555314159; total time=   2.9s
[CV] END colsample_bytree=0.7734082950322968, gamma=0.3720213214995577, learning_rate=0.06017210546933224, max_depth=4, min_child_weight=5, n_estimators=10000, reg_alpha=0.08087296661719767, reg_lambda=1.7849434248203233, scale_pos_weight=2.0536485955607935, subsample=0.9271623555314159; total time=   2.9s
[CV] END colsample_bytree=0.7734082950322968, gamma=0.3720213214995577, learning_rate=0.06017210546933224, max_depth=4, min_child_weight=5, n_estimators=10000, reg_alpha=0.08087296661719767, reg_lambda=1.7849434248203233, scale_pos_weight=2.0536485955607935, subsample=0.9271623555314159; total time=   2.8s
[CV] END colsample_bytree=0.7734082950322968, gamma=0.3720213214995577, learning_rate=0.06017210546933224, max_depth=4, min_child_weight=5, n_estimators=10000, reg_alpha=0.08087296661719767, reg_lambda=1.7849434248203233, scale_pos_weight=2.0536485955607935, subsample=0.9271623555314159; total time=   2.9s
[CV] END colsample_bytree=0.743796460487902, gamma=0.14679592213224668, learning_rate=0.17187223109570274, max_depth=5, min_child_weight=2, n_estimators=10000, reg_alpha=0.8670723185801037, reg_lambda=3.239721657669414, scale_pos_weight=2.0536485955607935, subsample=0.6041478902191894; total time=   3.3s
[CV] END colsample_bytree=0.743796460487902, gamma=0.14679592213224668, learning_rate=0.17187223109570274, max_depth=5, min_child_weight=2, n_estimators=10000, reg_alpha=0.8670723185801037, reg_lambda=3.239721657669414, scale_pos_weight=2.0536485955607935, subsample=0.6041478902191894; total time=   3.3s
[CV] END colsample_bytree=0.743796460487902, gamma=0.14679592213224668, learning_rate=0.17187223109570274, max_depth=5, min_child_weight=2, n_estimators=10000, reg_alpha=0.8670723185801037, reg_lambda=3.239721657669414, scale_pos_weight=2.0536485955607935, subsample=0.6041478902191894; total time=   3.3s
[CV] END colsample_bytree=0.743796460487902, gamma=0.14679592213224668, learning_rate=0.17187223109570274, max_depth=5, min_child_weight=2, n_estimators=10000, reg_alpha=0.8670723185801037, reg_lambda=3.239721657669414, scale_pos_weight=2.0536485955607935, subsample=0.6041478902191894; total time=   3.2s
[CV] END colsample_bytree=0.743796460487902, gamma=0.14679592213224668, learning_rate=0.17187223109570274, max_depth=5, min_child_weight=2, n_estimators=10000, reg_alpha=0.8670723185801037, reg_lambda=3.239721657669414, scale_pos_weight=2.0536485955607935, subsample=0.6041478902191894; total time=   3.3s
[CV] END colsample_bytree=0.8590760482165449, gamma=0.0002601884976579094, learning_rate=0.0805137712668338, max_depth=5, min_child_weight=7, n_estimators=10000, reg_alpha=0.16465585314294173, reg_lambda=2.102268258126326, scale_pos_weight=2.0536485955607935, subsample=0.7776862483765842; total time=   6.1s
[CV] END colsample_bytree=0.8590760482165449, gamma=0.0002601884976579094, learning_rate=0.0805137712668338, max_depth=5, min_child_weight=7, n_estimators=10000, reg_alpha=0.16465585314294173, reg_lambda=2.102268258126326, scale_pos_weight=2.0536485955607935, subsample=0.7776862483765842; total time=   6.2s
[CV] END colsample_bytree=0.8590760482165449, gamma=0.0002601884976579094, learning_rate=0.0805137712668338, max_depth=5, min_child_weight=7, n_estimators=10000, reg_alpha=0.16465585314294173, reg_lambda=2.102268258126326, scale_pos_weight=2.0536485955607935, subsample=0.7776862483765842; total time=   6.1s
[CV] END colsample_bytree=0.8590760482165449, gamma=0.0002601884976579094, learning_rate=0.0805137712668338, max_depth=5, min_child_weight=7, n_estimators=10000, reg_alpha=0.16465585314294173, reg_lambda=2.102268258126326, scale_pos_weight=2.0536485955607935, subsample=0.7776862483765842; total time=   6.1s
[CV] END colsample_bytree=0.8590760482165449, gamma=0.0002601884976579094, learning_rate=0.0805137712668338, max_depth=5, min_child_weight=7, n_estimators=10000, reg_alpha=0.16465585314294173, reg_lambda=2.102268258126326, scale_pos_weight=2.0536485955607935, subsample=0.7776862483765842; total time=   6.1s
[CV] END colsample_bytree=0.8886918084659492, gamma=0.11799245987447787, learning_rate=0.0612136645522648, max_depth=5, min_child_weight=9, n_estimators=10000, reg_alpha=0.7106628896857874, reg_lambda=0.832672462435494, scale_pos_weight=2.0536485955607935, subsample=0.6863131415946435; total time=   5.3s
[CV] END colsample_bytree=0.8886918084659492, gamma=0.11799245987447787, learning_rate=0.0612136645522648, max_depth=5, min_child_weight=9, n_estimators=10000, reg_alpha=0.7106628896857874, reg_lambda=0.832672462435494, scale_pos_weight=2.0536485955607935, subsample=0.6863131415946435; total time=   5.3s
[CV] END colsample_bytree=0.8886918084659492, gamma=0.11799245987447787, learning_rate=0.0612136645522648, max_depth=5, min_child_weight=9, n_estimators=10000, reg_alpha=0.7106628896857874, reg_lambda=0.832672462435494, scale_pos_weight=2.0536485955607935, subsample=0.6863131415946435; total time=   5.3s
[CV] END colsample_bytree=0.8886918084659492, gamma=0.11799245987447787, learning_rate=0.0612136645522648, max_depth=5, min_child_weight=9, n_estimators=10000, reg_alpha=0.7106628896857874, reg_lambda=0.832672462435494, scale_pos_weight=2.0536485955607935, subsample=0.6863131415946435; total time=   5.2s
[CV] END colsample_bytree=0.8886918084659492, gamma=0.11799245987447787, learning_rate=0.0612136645522648, max_depth=5, min_child_weight=9, n_estimators=10000, reg_alpha=0.7106628896857874, reg_lambda=0.832672462435494, scale_pos_weight=2.0536485955607935, subsample=0.6863131415946435; total time=   5.3s
[CV] END colsample_bytree=0.6205915004999957, gamma=0.13932323211830572, learning_rate=0.19165317719333075, max_depth=5, min_child_weight=2, n_estimators=10000, reg_alpha=0.5309345833171364, reg_lambda=1.843349493719275, scale_pos_weight=2.0536485955607935, subsample=0.7936442172092003; total time=   2.5s
[CV] END colsample_bytree=0.6205915004999957, gamma=0.13932323211830572, learning_rate=0.19165317719333075, max_depth=5, min_child_weight=2, n_estimators=10000, reg_alpha=0.5309345833171364, reg_lambda=1.843349493719275, scale_pos_weight=2.0536485955607935, subsample=0.7936442172092003; total time=   2.6s
[CV] END colsample_bytree=0.6205915004999957, gamma=0.13932323211830572, learning_rate=0.19165317719333075, max_depth=5, min_child_weight=2, n_estimators=10000, reg_alpha=0.5309345833171364, reg_lambda=1.843349493719275, scale_pos_weight=2.0536485955607935, subsample=0.7936442172092003; total time=   2.5s
[CV] END colsample_bytree=0.6205915004999957, gamma=0.13932323211830572, learning_rate=0.19165317719333075, max_depth=5, min_child_weight=2, n_estimators=10000, reg_alpha=0.5309345833171364, reg_lambda=1.843349493719275, scale_pos_weight=2.0536485955607935, subsample=0.7936442172092003; total time=   2.5s
[CV] END colsample_bytree=0.6205915004999957, gamma=0.13932323211830572, learning_rate=0.19165317719333075, max_depth=5, min_child_weight=2, n_estimators=10000, reg_alpha=0.5309345833171364, reg_lambda=1.843349493719275, scale_pos_weight=2.0536485955607935, subsample=0.7936442172092003; total time=   2.5s
[CV] END colsample_bytree=0.9594216754108317, gamma=0.30321452982979497, learning_rate=0.01183941032332593, max_depth=8, min_child_weight=9, n_estimators=10000, reg_alpha=0.6635017691080558, reg_lambda=0.5151847515386561, scale_pos_weight=2.0536485955607935, subsample=0.8442910882755148; total time=   7.6s
[CV] END colsample_bytree=0.9594216754108317, gamma=0.30321452982979497, learning_rate=0.01183941032332593, max_depth=8, min_child_weight=9, n_estimators=10000, reg_alpha=0.6635017691080558, reg_lambda=0.5151847515386561, scale_pos_weight=2.0536485955607935, subsample=0.8442910882755148; total time=   7.5s
[CV] END colsample_bytree=0.9594216754108317, gamma=0.30321452982979497, learning_rate=0.01183941032332593, max_depth=8, min_child_weight=9, n_estimators=10000, reg_alpha=0.6635017691080558, reg_lambda=0.5151847515386561, scale_pos_weight=2.0536485955607935, subsample=0.8442910882755148; total time=   7.6s
[CV] END colsample_bytree=0.9594216754108317, gamma=0.30321452982979497, learning_rate=0.01183941032332593, max_depth=8, min_child_weight=9, n_estimators=10000, reg_alpha=0.6635017691080558, reg_lambda=0.5151847515386561, scale_pos_weight=2.0536485955607935, subsample=0.8442910882755148; total time=   7.4s
[CV] END colsample_bytree=0.9594216754108317, gamma=0.30321452982979497, learning_rate=0.01183941032332593, max_depth=8, min_child_weight=9, n_estimators=10000, reg_alpha=0.6635017691080558, reg_lambda=0.5151847515386561, scale_pos_weight=2.0536485955607935, subsample=0.8442910882755148; total time=   7.7s
[CV] END colsample_bytree=0.8688104541180797, gamma=0.16407633373736596, learning_rate=0.04100832334554884, max_depth=8, min_child_weight=6, n_estimators=10000, reg_alpha=0.5908332605690108, reg_lambda=0.5915007498171483, scale_pos_weight=2.0536485955607935, subsample=0.6310677875435385; total time=   5.5s
[CV] END colsample_bytree=0.8688104541180797, gamma=0.16407633373736596, learning_rate=0.04100832334554884, max_depth=8, min_child_weight=6, n_estimators=10000, reg_alpha=0.5908332605690108, reg_lambda=0.5915007498171483, scale_pos_weight=2.0536485955607935, subsample=0.6310677875435385; total time=   5.4s
[CV] END colsample_bytree=0.8688104541180797, gamma=0.16407633373736596, learning_rate=0.04100832334554884, max_depth=8, min_child_weight=6, n_estimators=10000, reg_alpha=0.5908332605690108, reg_lambda=0.5915007498171483, scale_pos_weight=2.0536485955607935, subsample=0.6310677875435385; total time=   5.5s
[CV] END colsample_bytree=0.8688104541180797, gamma=0.16407633373736596, learning_rate=0.04100832334554884, max_depth=8, min_child_weight=6, n_estimators=10000, reg_alpha=0.5908332605690108, reg_lambda=0.5915007498171483, scale_pos_weight=2.0536485955607935, subsample=0.6310677875435385; total time=   5.3s
[CV] END colsample_bytree=0.8688104541180797, gamma=0.16407633373736596, learning_rate=0.04100832334554884, max_depth=8, min_child_weight=6, n_estimators=10000, reg_alpha=0.5908332605690108, reg_lambda=0.5915007498171483, scale_pos_weight=2.0536485955607935, subsample=0.6310677875435385; total time=   5.4s
[CV] END colsample_bytree=0.7334834444556088, gamma=0.07143340896097039, learning_rate=0.14017769458977059, max_depth=7, min_child_weight=2, n_estimators=10000, reg_alpha=0.7219987722668247, reg_lambda=3.3156581270472505, scale_pos_weight=2.0536485955607935, subsample=0.7454599737656805; total time=   3.2s
[CV] END colsample_bytree=0.7334834444556088, gamma=0.07143340896097039, learning_rate=0.14017769458977059, max_depth=7, min_child_weight=2, n_estimators=10000, reg_alpha=0.7219987722668247, reg_lambda=3.3156581270472505, scale_pos_weight=2.0536485955607935, subsample=0.7454599737656805; total time=   3.2s
[CV] END colsample_bytree=0.7334834444556088, gamma=0.07143340896097039, learning_rate=0.14017769458977059, max_depth=7, min_child_weight=2, n_estimators=10000, reg_alpha=0.7219987722668247, reg_lambda=3.3156581270472505, scale_pos_weight=2.0536485955607935, subsample=0.7454599737656805; total time=   3.2s
[CV] END colsample_bytree=0.7334834444556088, gamma=0.07143340896097039, learning_rate=0.14017769458977059, max_depth=7, min_child_weight=2, n_estimators=10000, reg_alpha=0.7219987722668247, reg_lambda=3.3156581270472505, scale_pos_weight=2.0536485955607935, subsample=0.7454599737656805; total time=   3.1s
[CV] END colsample_bytree=0.7334834444556088, gamma=0.07143340896097039, learning_rate=0.14017769458977059, max_depth=7, min_child_weight=2, n_estimators=10000, reg_alpha=0.7219987722668247, reg_lambda=3.3156581270472505, scale_pos_weight=2.0536485955607935, subsample=0.7454599737656805; total time=   3.2s
[CV] END colsample_bytree=0.8511577659794545, gamma=0.09713697675602112, learning_rate=0.024188183399985533, max_depth=8, min_child_weight=3, n_estimators=10000, reg_alpha=0.3379951568515358, reg_lambda=1.6267488579198321, scale_pos_weight=2.0536485955607935, subsample=0.9507792984144696; total time=   4.5s
[CV] END colsample_bytree=0.8511577659794545, gamma=0.09713697675602112, learning_rate=0.024188183399985533, max_depth=8, min_child_weight=3, n_estimators=10000, reg_alpha=0.3379951568515358, reg_lambda=1.6267488579198321, scale_pos_weight=2.0536485955607935, subsample=0.9507792984144696; total time=   4.5s
[CV] END colsample_bytree=0.8511577659794545, gamma=0.09713697675602112, learning_rate=0.024188183399985533, max_depth=8, min_child_weight=3, n_estimators=10000, reg_alpha=0.3379951568515358, reg_lambda=1.6267488579198321, scale_pos_weight=2.0536485955607935, subsample=0.9507792984144696; total time=   4.5s
[CV] END colsample_bytree=0.8511577659794545, gamma=0.09713697675602112, learning_rate=0.024188183399985533, max_depth=8, min_child_weight=3, n_estimators=10000, reg_alpha=0.3379951568515358, reg_lambda=1.6267488579198321, scale_pos_weight=2.0536485955607935, subsample=0.9507792984144696; total time=   4.5s
[CV] END colsample_bytree=0.8511577659794545, gamma=0.09713697675602112, learning_rate=0.024188183399985533, max_depth=8, min_child_weight=3, n_estimators=10000, reg_alpha=0.3379951568515358, reg_lambda=1.6267488579198321, scale_pos_weight=2.0536485955607935, subsample=0.9507792984144696; total time=   4.6s
[CV] END colsample_bytree=0.8688542189623514, gamma=0.3808098076643588, learning_rate=0.05752750879847994, max_depth=9, min_child_weight=6, n_estimators=10000, reg_alpha=0.3677831327192532, reg_lambda=2.3969174917807385, scale_pos_weight=2.0536485955607935, subsample=0.9190595539556424; total time=   2.5s
[CV] END colsample_bytree=0.8688542189623514, gamma=0.3808098076643588, learning_rate=0.05752750879847994, max_depth=9, min_child_weight=6, n_estimators=10000, reg_alpha=0.3677831327192532, reg_lambda=2.3969174917807385, scale_pos_weight=2.0536485955607935, subsample=0.9190595539556424; total time=   2.5s
[CV] END colsample_bytree=0.8688542189623514, gamma=0.3808098076643588, learning_rate=0.05752750879847994, max_depth=9, min_child_weight=6, n_estimators=10000, reg_alpha=0.3677831327192532, reg_lambda=2.3969174917807385, scale_pos_weight=2.0536485955607935, subsample=0.9190595539556424; total time=   2.5s
[CV] END colsample_bytree=0.8688542189623514, gamma=0.3808098076643588, learning_rate=0.05752750879847994, max_depth=9, min_child_weight=6, n_estimators=10000, reg_alpha=0.3677831327192532, reg_lambda=2.3969174917807385, scale_pos_weight=2.0536485955607935, subsample=0.9190595539556424; total time=   2.5s
[CV] END colsample_bytree=0.8688542189623514, gamma=0.3808098076643588, learning_rate=0.05752750879847994, max_depth=9, min_child_weight=6, n_estimators=10000, reg_alpha=0.3677831327192532, reg_lambda=2.3969174917807385, scale_pos_weight=2.0536485955607935, subsample=0.9190595539556424; total time=   2.5s
----------
iter: 2
n_candidates: 5
n_resources: 41454
Fitting 5 folds for each of 5 candidates, totalling 25 fits
[CV] END colsample_bytree=0.7734082950322968, gamma=0.3720213214995577, learning_rate=0.06017210546933224, max_depth=4, min_child_weight=5, n_estimators=10000, reg_alpha=0.08087296661719767, reg_lambda=1.7849434248203233, scale_pos_weight=2.0536485955607935, subsample=0.9271623555314159; total time=   6.3s
[CV] END colsample_bytree=0.7734082950322968, gamma=0.3720213214995577, learning_rate=0.06017210546933224, max_depth=4, min_child_weight=5, n_estimators=10000, reg_alpha=0.08087296661719767, reg_lambda=1.7849434248203233, scale_pos_weight=2.0536485955607935, subsample=0.9271623555314159; total time=   6.2s
[CV] END colsample_bytree=0.7734082950322968, gamma=0.3720213214995577, learning_rate=0.06017210546933224, max_depth=4, min_child_weight=5, n_estimators=10000, reg_alpha=0.08087296661719767, reg_lambda=1.7849434248203233, scale_pos_weight=2.0536485955607935, subsample=0.9271623555314159; total time=   6.3s
[CV] END colsample_bytree=0.7734082950322968, gamma=0.3720213214995577, learning_rate=0.06017210546933224, max_depth=4, min_child_weight=5, n_estimators=10000, reg_alpha=0.08087296661719767, reg_lambda=1.7849434248203233, scale_pos_weight=2.0536485955607935, subsample=0.9271623555314159; total time=   6.2s
[CV] END colsample_bytree=0.7734082950322968, gamma=0.3720213214995577, learning_rate=0.06017210546933224, max_depth=4, min_child_weight=5, n_estimators=10000, reg_alpha=0.08087296661719767, reg_lambda=1.7849434248203233, scale_pos_weight=2.0536485955607935, subsample=0.9271623555314159; total time=   6.3s
[CV] END colsample_bytree=0.7334834444556088, gamma=0.07143340896097039, learning_rate=0.14017769458977059, max_depth=7, min_child_weight=2, n_estimators=10000, reg_alpha=0.7219987722668247, reg_lambda=3.3156581270472505, scale_pos_weight=2.0536485955607935, subsample=0.7454599737656805; total time=   7.2s
[CV] END colsample_bytree=0.7334834444556088, gamma=0.07143340896097039, learning_rate=0.14017769458977059, max_depth=7, min_child_weight=2, n_estimators=10000, reg_alpha=0.7219987722668247, reg_lambda=3.3156581270472505, scale_pos_weight=2.0536485955607935, subsample=0.7454599737656805; total time=   7.1s
[CV] END colsample_bytree=0.7334834444556088, gamma=0.07143340896097039, learning_rate=0.14017769458977059, max_depth=7, min_child_weight=2, n_estimators=10000, reg_alpha=0.7219987722668247, reg_lambda=3.3156581270472505, scale_pos_weight=2.0536485955607935, subsample=0.7454599737656805; total time=   7.2s
[CV] END colsample_bytree=0.7334834444556088, gamma=0.07143340896097039, learning_rate=0.14017769458977059, max_depth=7, min_child_weight=2, n_estimators=10000, reg_alpha=0.7219987722668247, reg_lambda=3.3156581270472505, scale_pos_weight=2.0536485955607935, subsample=0.7454599737656805; total time=   7.1s
[CV] END colsample_bytree=0.7334834444556088, gamma=0.07143340896097039, learning_rate=0.14017769458977059, max_depth=7, min_child_weight=2, n_estimators=10000, reg_alpha=0.7219987722668247, reg_lambda=3.3156581270472505, scale_pos_weight=2.0536485955607935, subsample=0.7454599737656805; total time=   7.4s
[CV] END colsample_bytree=0.9594216754108317, gamma=0.30321452982979497, learning_rate=0.01183941032332593, max_depth=8, min_child_weight=9, n_estimators=10000, reg_alpha=0.6635017691080558, reg_lambda=0.5151847515386561, scale_pos_weight=2.0536485955607935, subsample=0.8442910882755148; total time=  14.9s
[CV] END colsample_bytree=0.9594216754108317, gamma=0.30321452982979497, learning_rate=0.01183941032332593, max_depth=8, min_child_weight=9, n_estimators=10000, reg_alpha=0.6635017691080558, reg_lambda=0.5151847515386561, scale_pos_weight=2.0536485955607935, subsample=0.8442910882755148; total time=  14.7s
[CV] END colsample_bytree=0.9594216754108317, gamma=0.30321452982979497, learning_rate=0.01183941032332593, max_depth=8, min_child_weight=9, n_estimators=10000, reg_alpha=0.6635017691080558, reg_lambda=0.5151847515386561, scale_pos_weight=2.0536485955607935, subsample=0.8442910882755148; total time=  15.0s
[CV] END colsample_bytree=0.9594216754108317, gamma=0.30321452982979497, learning_rate=0.01183941032332593, max_depth=8, min_child_weight=9, n_estimators=10000, reg_alpha=0.6635017691080558, reg_lambda=0.5151847515386561, scale_pos_weight=2.0536485955607935, subsample=0.8442910882755148; total time=  14.8s
[CV] END colsample_bytree=0.9594216754108317, gamma=0.30321452982979497, learning_rate=0.01183941032332593, max_depth=8, min_child_weight=9, n_estimators=10000, reg_alpha=0.6635017691080558, reg_lambda=0.5151847515386561, scale_pos_weight=2.0536485955607935, subsample=0.8442910882755148; total time=  15.0s
[CV] END colsample_bytree=0.8688542189623514, gamma=0.3808098076643588, learning_rate=0.05752750879847994, max_depth=9, min_child_weight=6, n_estimators=10000, reg_alpha=0.3677831327192532, reg_lambda=2.3969174917807385, scale_pos_weight=2.0536485955607935, subsample=0.9190595539556424; total time=   5.3s
[CV] END colsample_bytree=0.8688542189623514, gamma=0.3808098076643588, learning_rate=0.05752750879847994, max_depth=9, min_child_weight=6, n_estimators=10000, reg_alpha=0.3677831327192532, reg_lambda=2.3969174917807385, scale_pos_weight=2.0536485955607935, subsample=0.9190595539556424; total time=   5.4s
[CV] END colsample_bytree=0.8688542189623514, gamma=0.3808098076643588, learning_rate=0.05752750879847994, max_depth=9, min_child_weight=6, n_estimators=10000, reg_alpha=0.3677831327192532, reg_lambda=2.3969174917807385, scale_pos_weight=2.0536485955607935, subsample=0.9190595539556424; total time=   5.5s
[CV] END colsample_bytree=0.8688542189623514, gamma=0.3808098076643588, learning_rate=0.05752750879847994, max_depth=9, min_child_weight=6, n_estimators=10000, reg_alpha=0.3677831327192532, reg_lambda=2.3969174917807385, scale_pos_weight=2.0536485955607935, subsample=0.9190595539556424; total time=   5.5s
[CV] END colsample_bytree=0.8688542189623514, gamma=0.3808098076643588, learning_rate=0.05752750879847994, max_depth=9, min_child_weight=6, n_estimators=10000, reg_alpha=0.3677831327192532, reg_lambda=2.3969174917807385, scale_pos_weight=2.0536485955607935, subsample=0.9190595539556424; total time=   5.5s
[CV] END colsample_bytree=0.8511577659794545, gamma=0.09713697675602112, learning_rate=0.024188183399985533, max_depth=8, min_child_weight=3, n_estimators=10000, reg_alpha=0.3379951568515358, reg_lambda=1.6267488579198321, scale_pos_weight=2.0536485955607935, subsample=0.9507792984144696; total time=  10.6s
[CV] END colsample_bytree=0.8511577659794545, gamma=0.09713697675602112, learning_rate=0.024188183399985533, max_depth=8, min_child_weight=3, n_estimators=10000, reg_alpha=0.3379951568515358, reg_lambda=1.6267488579198321, scale_pos_weight=2.0536485955607935, subsample=0.9507792984144696; total time=  10.4s
[CV] END colsample_bytree=0.8511577659794545, gamma=0.09713697675602112, learning_rate=0.024188183399985533, max_depth=8, min_child_weight=3, n_estimators=10000, reg_alpha=0.3379951568515358, reg_lambda=1.6267488579198321, scale_pos_weight=2.0536485955607935, subsample=0.9507792984144696; total time=  10.6s
[CV] END colsample_bytree=0.8511577659794545, gamma=0.09713697675602112, learning_rate=0.024188183399985533, max_depth=8, min_child_weight=3, n_estimators=10000, reg_alpha=0.3379951568515358, reg_lambda=1.6267488579198321, scale_pos_weight=2.0536485955607935, subsample=0.9507792984144696; total time=  10.6s
[CV] END colsample_bytree=0.8511577659794545, gamma=0.09713697675602112, learning_rate=0.024188183399985533, max_depth=8, min_child_weight=3, n_estimators=10000, reg_alpha=0.3379951568515358, reg_lambda=1.6267488579198321, scale_pos_weight=2.0536485955607935, subsample=0.9507792984144696; total time=  10.7s
----------
iter: 3
n_candidates: 2
n_resources: 124362
Fitting 5 folds for each of 2 candidates, totalling 10 fits
[CV] END colsample_bytree=0.8688542189623514, gamma=0.3808098076643588, learning_rate=0.05752750879847994, max_depth=9, min_child_weight=6, n_estimators=10000, reg_alpha=0.3677831327192532, reg_lambda=2.3969174917807385, scale_pos_weight=2.0536485955607935, subsample=0.9190595539556424; total time=  13.9s
[CV] END colsample_bytree=0.8688542189623514, gamma=0.3808098076643588, learning_rate=0.05752750879847994, max_depth=9, min_child_weight=6, n_estimators=10000, reg_alpha=0.3677831327192532, reg_lambda=2.3969174917807385, scale_pos_weight=2.0536485955607935, subsample=0.9190595539556424; total time=  13.8s
[CV] END colsample_bytree=0.8688542189623514, gamma=0.3808098076643588, learning_rate=0.05752750879847994, max_depth=9, min_child_weight=6, n_estimators=10000, reg_alpha=0.3677831327192532, reg_lambda=2.3969174917807385, scale_pos_weight=2.0536485955607935, subsample=0.9190595539556424; total time=  14.0s
[CV] END colsample_bytree=0.8688542189623514, gamma=0.3808098076643588, learning_rate=0.05752750879847994, max_depth=9, min_child_weight=6, n_estimators=10000, reg_alpha=0.3677831327192532, reg_lambda=2.3969174917807385, scale_pos_weight=2.0536485955607935, subsample=0.9190595539556424; total time=  13.8s
[CV] END colsample_bytree=0.8688542189623514, gamma=0.3808098076643588, learning_rate=0.05752750879847994, max_depth=9, min_child_weight=6, n_estimators=10000, reg_alpha=0.3677831327192532, reg_lambda=2.3969174917807385, scale_pos_weight=2.0536485955607935, subsample=0.9190595539556424; total time=  13.7s
[CV] END colsample_bytree=0.8511577659794545, gamma=0.09713697675602112, learning_rate=0.024188183399985533, max_depth=8, min_child_weight=3, n_estimators=10000, reg_alpha=0.3379951568515358, reg_lambda=1.6267488579198321, scale_pos_weight=2.0536485955607935, subsample=0.9507792984144696; total time=  27.8s
[CV] END colsample_bytree=0.8511577659794545, gamma=0.09713697675602112, learning_rate=0.024188183399985533, max_depth=8, min_child_weight=3, n_estimators=10000, reg_alpha=0.3379951568515358, reg_lambda=1.6267488579198321, scale_pos_weight=2.0536485955607935, subsample=0.9507792984144696; total time=  27.8s
[CV] END colsample_bytree=0.8511577659794545, gamma=0.09713697675602112, learning_rate=0.024188183399985533, max_depth=8, min_child_weight=3, n_estimators=10000, reg_alpha=0.3379951568515358, reg_lambda=1.6267488579198321, scale_pos_weight=2.0536485955607935, subsample=0.9507792984144696; total time=  27.5s
[CV] END colsample_bytree=0.8511577659794545, gamma=0.09713697675602112, learning_rate=0.024188183399985533, max_depth=8, min_child_weight=3, n_estimators=10000, reg_alpha=0.3379951568515358, reg_lambda=1.6267488579198321, scale_pos_weight=2.0536485955607935, subsample=0.9507792984144696; total time=  27.8s
[CV] END colsample_bytree=0.8511577659794545, gamma=0.09713697675602112, learning_rate=0.024188183399985533, max_depth=8, min_child_weight=3, n_estimators=10000, reg_alpha=0.3379951568515358, reg_lambda=1.6267488579198321, scale_pos_weight=2.0536485955607935, subsample=0.9507792984144696; total time=  27.5s

Best F1-macro (CV on train): 0.9305

======================================================================
Threshold tuning on validation set 
======================================================================
  Best F1-macro   threshold (val): 0.50  : f1_macro=0.8923  recall_anom=0.8274
  Best F1-anomaly threshold (val): 0.50
  Best Youden     threshold (val): 0.25
  Best recall≥90  threshold (val): 0.10

======================================================================
Evaluation on TEST  (threshold=0.50 from val)
======================================================================

BASELINE  (test, threshold=0.5)
======================================================================
              precision    recall  f1-score   support

        Good     0.9254    0.8789    0.9016     11458
         Bad     0.7249    0.8182    0.7687      4466

    accuracy                         0.8619     15924
   macro avg     0.8251    0.8486    0.8351     15924
weighted avg     0.8691    0.8619    0.8643     15924


OPTIMIZED  (test, threshold=0.50 tuned on val, scoring=f1_macro)
======================================================================
              precision    recall  f1-score   support

        Good     0.9272    0.9056    0.9162     11458
         Bad     0.7714    0.8175    0.7938      4466

    accuracy                         0.8809     15924
   macro avg     0.8493    0.8615    0.8550     15924
weighted avg     0.8835    0.8809    0.8819     15924


======================================================================
Saving artifacts
======================================================================
  - Model
  - Plot bundle
  - Test results parquet
  - Threshold info
  - Best params JSON
  - HP search CSV
  - Threshold CSV
  - Classification report
  - MLflow model log

######################################################################
#  OCEANO: Indian
######################################################################
  Train : 69,557 profiles | 51.32% anomalous
  Val   : 17,924   profiles | 47.85% anomalous
  Test  : 12,290  profiles | 53.39% anomalous
  Features: 24  →  ['TEMP_max', 'TEMP_min', 'TEMP_mean', 'TEMP_std', 'TEMP_range', 'TEMP_max_grad', 'TEMP_mean_grad', 'TEMP_grad_std', 'PSAL_max', 'PSAL_min', 'PSAL_mean', 'PSAL_std', 'PSAL_range', 'PSAL_max_grad', 'PSAL_mean_grad', 'PSAL_grad_std', 'PRES_max', 'PRES_min', 'PRES_mean', 'PRES_std', 'PRES_range', 'PRES_max_grad', 'PRES_mean_grad', 'PRES_grad_std']
  Imbalance ratio (scale_pos_weight): 0.95

Using experiment 'XGBoost_Indian_2021_2025_TemporalSplit' (id=55)

======================================================================
Baseline XGBoost (200 trees, default threshold 0.5)
======================================================================
  Baseline ROC-AUC (test) : 0.9448
  Baseline F1-macro (test): 0.8931

======================================================================
HalvingRandomSearchCV — scoring=f1_macro  (CV en train only)
======================================================================

Starting hyperparameter search...
n_iterations: 4
n_required_iterations: 4
n_possible_iterations: 4
min_resources_: 2576
max_resources_: 69557
aggressive_elimination: False
factor: 3
----------
iter: 0
n_candidates: 40
n_resources: 2576
Fitting 5 folds for each of 40 candidates, totalling 200 fits
[CV] END colsample_bytree=0.749816047538945, gamma=0.4753571532049581, learning_rate=0.15639878836228102, max_depth=7, min_child_weight=5, n_estimators=10000, reg_alpha=0.15601864044243652, reg_lambda=0.9679835610086079, scale_pos_weight=<scipy.stats._distn_infrastructure.rv_continuous_frozen object at 0x7f98740cf450>, subsample=0.9673991135726937; total time=   0.0s
[CV] END colsample_bytree=0.749816047538945, gamma=0.4753571532049581, learning_rate=0.15639878836228102, max_depth=7, min_child_weight=5, n_estimators=10000, reg_alpha=0.15601864044243652, reg_lambda=0.9679835610086079, scale_pos_weight=<scipy.stats._distn_infrastructure.rv_continuous_frozen object at 0x7f98740cf450>, subsample=0.9673991135726937; total time=   0.0s
[CV] END colsample_bytree=0.749816047538945, gamma=0.4753571532049581, learning_rate=0.15639878836228102, max_depth=7, min_child_weight=5, n_estimators=10000, reg_alpha=0.15601864044243652, reg_lambda=0.9679835610086079, scale_pos_weight=<scipy.stats._distn_infrastructure.rv_continuous_frozen object at 0x7f98740cf450>, subsample=0.9673991135726937; total time=   0.0s
[CV] END colsample_bytree=0.749816047538945, gamma=0.4753571532049581, learning_rate=0.15639878836228102, max_depth=7, min_child_weight=5, n_estimators=10000, reg_alpha=0.15601864044243652, reg_lambda=0.9679835610086079, scale_pos_weight=<scipy.stats._distn_infrastructure.rv_continuous_frozen object at 0x7f98740cf450>, subsample=0.9673991135726937; total time=   0.0s
[CV] END colsample_bytree=0.749816047538945, gamma=0.4753571532049581, learning_rate=0.15639878836228102, max_depth=7, min_child_weight=5, n_estimators=10000, reg_alpha=0.15601864044243652, reg_lambda=0.9679835610086079, scale_pos_weight=<scipy.stats._distn_infrastructure.rv_continuous_frozen object at 0x7f98740cf450>, subsample=0.9673991135726937; total time=   0.0s
[CV] END colsample_bytree=0.7334834444556088, gamma=0.07143340896097039, learning_rate=0.14017769458977059, max_depth=7, min_child_weight=2, n_estimators=10000, reg_alpha=0.7219987722668247, reg_lambda=3.3156581270472505, scale_pos_weight=0.9487028632263126, subsample=0.7454599737656805; total time=   1.4s
[CV] END colsample_bytree=0.7334834444556088, gamma=0.07143340896097039, learning_rate=0.14017769458977059, max_depth=7, min_child_weight=2, n_estimators=10000, reg_alpha=0.7219987722668247, reg_lambda=3.3156581270472505, scale_pos_weight=0.9487028632263126, subsample=0.7454599737656805; total time=   1.4s
[CV] END colsample_bytree=0.7334834444556088, gamma=0.07143340896097039, learning_rate=0.14017769458977059, max_depth=7, min_child_weight=2, n_estimators=10000, reg_alpha=0.7219987722668247, reg_lambda=3.3156581270472505, scale_pos_weight=0.9487028632263126, subsample=0.7454599737656805; total time=   1.5s
[CV] END colsample_bytree=0.7334834444556088, gamma=0.07143340896097039, learning_rate=0.14017769458977059, max_depth=7, min_child_weight=2, n_estimators=10000, reg_alpha=0.7219987722668247, reg_lambda=3.3156581270472505, scale_pos_weight=0.9487028632263126, subsample=0.7454599737656805; total time=   1.4s
[CV] END colsample_bytree=0.7334834444556088, gamma=0.07143340896097039, learning_rate=0.14017769458977059, max_depth=7, min_child_weight=2, n_estimators=10000, reg_alpha=0.7219987722668247, reg_lambda=3.3156581270472505, scale_pos_weight=0.9487028632263126, subsample=0.7454599737656805; total time=   1.5s
[CV] END colsample_bytree=0.6733618039413735, gamma=0.15212112147976886, learning_rate=0.11495128632644756, max_depth=6, min_child_weight=9, n_estimators=10000, reg_alpha=0.2912291401980419, reg_lambda=2.3355586841671383, scale_pos_weight=0.9487028632263126, subsample=0.6373325305708923; total time=   1.6s
[CV] END colsample_bytree=0.6733618039413735, gamma=0.15212112147976886, learning_rate=0.11495128632644756, max_depth=6, min_child_weight=9, n_estimators=10000, reg_alpha=0.2912291401980419, reg_lambda=2.3355586841671383, scale_pos_weight=0.9487028632263126, subsample=0.6373325305708923; total time=   1.6s
[CV] END colsample_bytree=0.6733618039413735, gamma=0.15212112147976886, learning_rate=0.11495128632644756, max_depth=6, min_child_weight=9, n_estimators=10000, reg_alpha=0.2912291401980419, reg_lambda=2.3355586841671383, scale_pos_weight=0.9487028632263126, subsample=0.6373325305708923; total time=   1.7s
[CV] END colsample_bytree=0.6733618039413735, gamma=0.15212112147976886, learning_rate=0.11495128632644756, max_depth=6, min_child_weight=9, n_estimators=10000, reg_alpha=0.2912291401980419, reg_lambda=2.3355586841671383, scale_pos_weight=0.9487028632263126, subsample=0.6373325305708923; total time=   1.6s
[CV] END colsample_bytree=0.6733618039413735, gamma=0.15212112147976886, learning_rate=0.11495128632644756, max_depth=6, min_child_weight=9, n_estimators=10000, reg_alpha=0.2912291401980419, reg_lambda=2.3355586841671383, scale_pos_weight=0.9487028632263126, subsample=0.6373325305708923; total time=   1.6s
[CV] END colsample_bytree=0.9895022075365837, gamma=0.11638567021515211, learning_rate=0.02812128690656416, max_depth=8, min_child_weight=3, n_estimators=10000, reg_alpha=0.38246199126716274, reg_lambda=3.4496926574203646, scale_pos_weight=<scipy.stats._distn_infrastructure.rv_continuous_frozen object at 0x7f98740cf450>, subsample=0.6371603301759982; total time=   0.0s
[CV] END colsample_bytree=0.9895022075365837, gamma=0.11638567021515211, learning_rate=0.02812128690656416, max_depth=8, min_child_weight=3, n_estimators=10000, reg_alpha=0.38246199126716274, reg_lambda=3.4496926574203646, scale_pos_weight=<scipy.stats._distn_infrastructure.rv_continuous_frozen object at 0x7f98740cf450>, subsample=0.6371603301759982; total time=   0.0s
[CV] END colsample_bytree=0.9895022075365837, gamma=0.11638567021515211, learning_rate=0.02812128690656416, max_depth=8, min_child_weight=3, n_estimators=10000, reg_alpha=0.38246199126716274, reg_lambda=3.4496926574203646, scale_pos_weight=<scipy.stats._distn_infrastructure.rv_continuous_frozen object at 0x7f98740cf450>, subsample=0.6371603301759982; total time=   0.0s
[CV] END colsample_bytree=0.9895022075365837, gamma=0.11638567021515211, learning_rate=0.02812128690656416, max_depth=8, min_child_weight=3, n_estimators=10000, reg_alpha=0.38246199126716274, reg_lambda=3.4496926574203646, scale_pos_weight=<scipy.stats._distn_infrastructure.rv_continuous_frozen object at 0x7f98740cf450>, subsample=0.6371603301759982; total time=   0.0s
[CV] END colsample_bytree=0.9895022075365837, gamma=0.11638567021515211, learning_rate=0.02812128690656416, max_depth=8, min_child_weight=3, n_estimators=10000, reg_alpha=0.38246199126716274, reg_lambda=3.4496926574203646, scale_pos_weight=<scipy.stats._distn_infrastructure.rv_continuous_frozen object at 0x7f98740cf450>, subsample=0.6371603301759982; total time=   0.0s
[CV] END colsample_bytree=0.8430179407605753, gamma=0.08526206184364576, learning_rate=0.023010318597055907, max_depth=6, min_child_weight=9, n_estimators=10000, reg_alpha=0.9656320330745594, reg_lambda=2.9251920443493833, scale_pos_weight=<scipy.stats._distn_infrastructure.rv_continuous_frozen object at 0x7f98740cf450>, subsample=0.6127730017761713; total time=   0.0s
[CV] END colsample_bytree=0.8430179407605753, gamma=0.08526206184364576, learning_rate=0.023010318597055907, max_depth=6, min_child_weight=9, n_estimators=10000, reg_alpha=0.9656320330745594, reg_lambda=2.9251920443493833, scale_pos_weight=<scipy.stats._distn_infrastructure.rv_continuous_frozen object at 0x7f98740cf450>, subsample=0.6127730017761713; total time=   0.0s
[CV] END colsample_bytree=0.8430179407605753, gamma=0.08526206184364576, learning_rate=0.023010318597055907, max_depth=6, min_child_weight=9, n_estimators=10000, reg_alpha=0.9656320330745594, reg_lambda=2.9251920443493833, scale_pos_weight=<scipy.stats._distn_infrastructure.rv_continuous_frozen object at 0x7f98740cf450>, subsample=0.6127730017761713; total time=   0.0s
[CV] END colsample_bytree=0.8430179407605753, gamma=0.08526206184364576, learning_rate=0.023010318597055907, max_depth=6, min_child_weight=9, n_estimators=10000, reg_alpha=0.9656320330745594, reg_lambda=2.9251920443493833, scale_pos_weight=<scipy.stats._distn_infrastructure.rv_continuous_frozen object at 0x7f98740cf450>, subsample=0.6127730017761713; total time=   0.0s
[CV] END colsample_bytree=0.8430179407605753, gamma=0.08526206184364576, learning_rate=0.023010318597055907, max_depth=6, min_child_weight=9, n_estimators=10000, reg_alpha=0.9656320330745594, reg_lambda=2.9251920443493833, scale_pos_weight=<scipy.stats._distn_infrastructure.rv_continuous_frozen object at 0x7f98740cf450>, subsample=0.6127730017761713; total time=   0.0s
[CV] END colsample_bytree=0.6923575302488596, gamma=0.12051273301300586, learning_rate=0.14665270376509165, max_depth=6, min_child_weight=8, n_estimators=10000, reg_alpha=0.034388521115218396, reg_lambda=3.2279612062363463, scale_pos_weight=0.9487028632263126, subsample=0.7457888702304498; total time=   1.5s
[CV] END colsample_bytree=0.6923575302488596, gamma=0.12051273301300586, learning_rate=0.14665270376509165, max_depth=6, min_child_weight=8, n_estimators=10000, reg_alpha=0.034388521115218396, reg_lambda=3.2279612062363463, scale_pos_weight=0.9487028632263126, subsample=0.7457888702304498; total time=   1.5s
[CV] END colsample_bytree=0.6923575302488596, gamma=0.12051273301300586, learning_rate=0.14665270376509165, max_depth=6, min_child_weight=8, n_estimators=10000, reg_alpha=0.034388521115218396, reg_lambda=3.2279612062363463, scale_pos_weight=0.9487028632263126, subsample=0.7457888702304498; total time=   1.5s
[CV] END colsample_bytree=0.6923575302488596, gamma=0.12051273301300586, learning_rate=0.14665270376509165, max_depth=6, min_child_weight=8, n_estimators=10000, reg_alpha=0.034388521115218396, reg_lambda=3.2279612062363463, scale_pos_weight=0.9487028632263126, subsample=0.7457888702304498; total time=   1.5s
[CV] END colsample_bytree=0.6923575302488596, gamma=0.12051273301300586, learning_rate=0.14665270376509165, max_depth=6, min_child_weight=8, n_estimators=10000, reg_alpha=0.034388521115218396, reg_lambda=3.2279612062363463, scale_pos_weight=0.9487028632263126, subsample=0.7457888702304498; total time=   1.5s
[CV] END colsample_bytree=0.902144564127061, gamma=0.21257793724562235, learning_rate=0.05158833257363777, max_depth=6, min_child_weight=6, n_estimators=10000, reg_alpha=0.03131329245555858, reg_lambda=3.0268543237849954, scale_pos_weight=0.9487028632263126, subsample=1.3515991532513514; total time=   0.0s
[CV] END colsample_bytree=0.902144564127061, gamma=0.21257793724562235, learning_rate=0.05158833257363777, max_depth=6, min_child_weight=6, n_estimators=10000, reg_alpha=0.03131329245555858, reg_lambda=3.0268543237849954, scale_pos_weight=0.9487028632263126, subsample=1.3515991532513514; total time=   0.0s
[CV] END colsample_bytree=0.902144564127061, gamma=0.21257793724562235, learning_rate=0.05158833257363777, max_depth=6, min_child_weight=6, n_estimators=10000, reg_alpha=0.03131329245555858, reg_lambda=3.0268543237849954, scale_pos_weight=0.9487028632263126, subsample=1.3515991532513514; total time=   0.0s
[CV] END colsample_bytree=0.902144564127061, gamma=0.21257793724562235, learning_rate=0.05158833257363777, max_depth=6, min_child_weight=6, n_estimators=10000, reg_alpha=0.03131329245555858, reg_lambda=3.0268543237849954, scale_pos_weight=0.9487028632263126, subsample=1.3515991532513514; total time=   0.0s
[CV] END colsample_bytree=0.902144564127061, gamma=0.21257793724562235, learning_rate=0.05158833257363777, max_depth=6, min_child_weight=6, n_estimators=10000, reg_alpha=0.03131329245555858, reg_lambda=3.0268543237849954, scale_pos_weight=0.9487028632263126, subsample=1.3515991532513514; total time=   0.0s
[CV] END colsample_bytree=0.9579309401710595, gamma=0.29894998940554257, learning_rate=0.19437484700462337, max_depth=8, min_child_weight=7, n_estimators=10000, reg_alpha=0.5208342600258237, reg_lambda=3.3835160730480474, scale_pos_weight=<scipy.stats._distn_infrastructure.rv_continuous_frozen object at 0x7f98740cf450>, subsample=0.9109418317515856; total time=   0.0s
[CV] END colsample_bytree=0.9579309401710595, gamma=0.29894998940554257, learning_rate=0.19437484700462337, max_depth=8, min_child_weight=7, n_estimators=10000, reg_alpha=0.5208342600258237, reg_lambda=3.3835160730480474, scale_pos_weight=<scipy.stats._distn_infrastructure.rv_continuous_frozen object at 0x7f98740cf450>, subsample=0.9109418317515856; total time=   0.0s
[CV] END colsample_bytree=0.9579309401710595, gamma=0.29894998940554257, learning_rate=0.19437484700462337, max_depth=8, min_child_weight=7, n_estimators=10000, reg_alpha=0.5208342600258237, reg_lambda=3.3835160730480474, scale_pos_weight=<scipy.stats._distn_infrastructure.rv_continuous_frozen object at 0x7f98740cf450>, subsample=0.9109418317515856; total time=   0.0s
[CV] END colsample_bytree=0.9579309401710595, gamma=0.29894998940554257, learning_rate=0.19437484700462337, max_depth=8, min_child_weight=7, n_estimators=10000, reg_alpha=0.5208342600258237, reg_lambda=3.3835160730480474, scale_pos_weight=<scipy.stats._distn_infrastructure.rv_continuous_frozen object at 0x7f98740cf450>, subsample=0.9109418317515856; total time=   0.0s
[CV] END colsample_bytree=0.9579309401710595, gamma=0.29894998940554257, learning_rate=0.19437484700462337, max_depth=8, min_child_weight=7, n_estimators=10000, reg_alpha=0.5208342600258237, reg_lambda=3.3835160730480474, scale_pos_weight=<scipy.stats._distn_infrastructure.rv_continuous_frozen object at 0x7f98740cf450>, subsample=0.9109418317515856; total time=   0.0s
[CV] END colsample_bytree=0.7085396127095583, gamma=0.41436875457596467, learning_rate=0.08135066533871785, max_depth=6, min_child_weight=9, n_estimators=10000, reg_alpha=0.2962735057040824, reg_lambda=0.9958008171890075, scale_pos_weight=<scipy.stats._distn_infrastructure.rv_continuous_frozen object at 0x7f98740cf450>, subsample=1.389509549280414; total time=   0.0s
[CV] END colsample_bytree=0.7085396127095583, gamma=0.41436875457596467, learning_rate=0.08135066533871785, max_depth=6, min_child_weight=9, n_estimators=10000, reg_alpha=0.2962735057040824, reg_lambda=0.9958008171890075, scale_pos_weight=<scipy.stats._distn_infrastructure.rv_continuous_frozen object at 0x7f98740cf450>, subsample=1.389509549280414; total time=   0.0s
[CV] END colsample_bytree=0.7085396127095583, gamma=0.41436875457596467, learning_rate=0.08135066533871785, max_depth=6, min_child_weight=9, n_estimators=10000, reg_alpha=0.2962735057040824, reg_lambda=0.9958008171890075, scale_pos_weight=<scipy.stats._distn_infrastructure.rv_continuous_frozen object at 0x7f98740cf450>, subsample=1.389509549280414; total time=   0.0s
[CV] END colsample_bytree=0.7085396127095583, gamma=0.41436875457596467, learning_rate=0.08135066533871785, max_depth=6, min_child_weight=9, n_estimators=10000, reg_alpha=0.2962735057040824, reg_lambda=0.9958008171890075, scale_pos_weight=<scipy.stats._distn_infrastructure.rv_continuous_frozen object at 0x7f98740cf450>, subsample=1.389509549280414; total time=   0.0s
[CV] END colsample_bytree=0.7085396127095583, gamma=0.41436875457596467, learning_rate=0.08135066533871785, max_depth=6, min_child_weight=9, n_estimators=10000, reg_alpha=0.2962735057040824, reg_lambda=0.9958008171890075, scale_pos_weight=<scipy.stats._distn_infrastructure.rv_continuous_frozen object at 0x7f98740cf450>, subsample=1.389509549280414; total time=   0.0s
[CV] END colsample_bytree=0.908897907718663, gamma=0.0993578407670862, learning_rate=0.01110442342472048, max_depth=5, min_child_weight=3, n_estimators=10000, reg_alpha=0.7068573438476171, reg_lambda=2.6870215041229617, scale_pos_weight=<scipy.stats._distn_infrastructure.rv_continuous_frozen object at 0x7f98740cf450>, subsample=1.084767979824809; total time=   0.0s
[CV] END colsample_bytree=0.908897907718663, gamma=0.0993578407670862, learning_rate=0.01110442342472048, max_depth=5, min_child_weight=3, n_estimators=10000, reg_alpha=0.7068573438476171, reg_lambda=2.6870215041229617, scale_pos_weight=<scipy.stats._distn_infrastructure.rv_continuous_frozen object at 0x7f98740cf450>, subsample=1.084767979824809; total time=   0.0s
[CV] END colsample_bytree=0.908897907718663, gamma=0.0993578407670862, learning_rate=0.01110442342472048, max_depth=5, min_child_weight=3, n_estimators=10000, reg_alpha=0.7068573438476171, reg_lambda=2.6870215041229617, scale_pos_weight=<scipy.stats._distn_infrastructure.rv_continuous_frozen object at 0x7f98740cf450>, subsample=1.084767979824809; total time=   0.0s
[CV] END colsample_bytree=0.908897907718663, gamma=0.0993578407670862, learning_rate=0.01110442342472048, max_depth=5, min_child_weight=3, n_estimators=10000, reg_alpha=0.7068573438476171, reg_lambda=2.6870215041229617, scale_pos_weight=<scipy.stats._distn_infrastructure.rv_continuous_frozen object at 0x7f98740cf450>, subsample=1.084767979824809; total time=   0.0s
[CV] END colsample_bytree=0.908897907718663, gamma=0.0993578407670862, learning_rate=0.01110442342472048, max_depth=5, min_child_weight=3, n_estimators=10000, reg_alpha=0.7068573438476171, reg_lambda=2.6870215041229617, scale_pos_weight=<scipy.stats._distn_infrastructure.rv_continuous_frozen object at 0x7f98740cf450>, subsample=1.084767979824809; total time=   0.0s
[CV] END colsample_bytree=0.9705203514053395, gamma=0.32553851275097223, learning_rate=0.19299193510875617, max_depth=3, min_child_weight=8, n_estimators=10000, reg_alpha=0.4494506741382034, reg_lambda=0.7862303494712339, scale_pos_weight=<scipy.stats._distn_infrastructure.rv_continuous_frozen object at 0x7f98740cf450>, subsample=0.8487858573725298; total time=   0.0s
[CV] END colsample_bytree=0.9705203514053395, gamma=0.32553851275097223, learning_rate=0.19299193510875617, max_depth=3, min_child_weight=8, n_estimators=10000, reg_alpha=0.4494506741382034, reg_lambda=0.7862303494712339, scale_pos_weight=<scipy.stats._distn_infrastructure.rv_continuous_frozen object at 0x7f98740cf450>, subsample=0.8487858573725298; total time=   0.0s
[CV] END colsample_bytree=0.9705203514053395, gamma=0.32553851275097223, learning_rate=0.19299193510875617, max_depth=3, min_child_weight=8, n_estimators=10000, reg_alpha=0.4494506741382034, reg_lambda=0.7862303494712339, scale_pos_weight=<scipy.stats._distn_infrastructure.rv_continuous_frozen object at 0x7f98740cf450>, subsample=0.8487858573725298; total time=   0.0s
[CV] END colsample_bytree=0.9705203514053395, gamma=0.32553851275097223, learning_rate=0.19299193510875617, max_depth=3, min_child_weight=8, n_estimators=10000, reg_alpha=0.4494506741382034, reg_lambda=0.7862303494712339, scale_pos_weight=<scipy.stats._distn_infrastructure.rv_continuous_frozen object at 0x7f98740cf450>, subsample=0.8487858573725298; total time=   0.0s
[CV] END colsample_bytree=0.9705203514053395, gamma=0.32553851275097223, learning_rate=0.19299193510875617, max_depth=3, min_child_weight=8, n_estimators=10000, reg_alpha=0.4494506741382034, reg_lambda=0.7862303494712339, scale_pos_weight=<scipy.stats._distn_infrastructure.rv_continuous_frozen object at 0x7f98740cf450>, subsample=0.8487858573725298; total time=   0.0s
[CV] END colsample_bytree=0.7300733288106989, gamma=0.36480308916903204, learning_rate=0.13751149427104264, max_depth=5, min_child_weight=3, n_estimators=10000, reg_alpha=0.4722149251619493, reg_lambda=0.8587827378149051, scale_pos_weight=0.9487028632263126, subsample=1.279131059412867; total time=   0.0s
[CV] END colsample_bytree=0.7300733288106989, gamma=0.36480308916903204, learning_rate=0.13751149427104264, max_depth=5, min_child_weight=3, n_estimators=10000, reg_alpha=0.4722149251619493, reg_lambda=0.8587827378149051, scale_pos_weight=0.9487028632263126, subsample=1.279131059412867; total time=   0.0s
[CV] END colsample_bytree=0.7300733288106989, gamma=0.36480308916903204, learning_rate=0.13751149427104264, max_depth=5, min_child_weight=3, n_estimators=10000, reg_alpha=0.4722149251619493, reg_lambda=0.8587827378149051, scale_pos_weight=0.9487028632263126, subsample=1.279131059412867; total time=   0.0s
[CV] END colsample_bytree=0.7300733288106989, gamma=0.36480308916903204, learning_rate=0.13751149427104264, max_depth=5, min_child_weight=3, n_estimators=10000, reg_alpha=0.4722149251619493, reg_lambda=0.8587827378149051, scale_pos_weight=0.9487028632263126, subsample=1.279131059412867; total time=   0.0s
[CV] END colsample_bytree=0.7300733288106989, gamma=0.36480308916903204, learning_rate=0.13751149427104264, max_depth=5, min_child_weight=3, n_estimators=10000, reg_alpha=0.4722149251619493, reg_lambda=0.8587827378149051, scale_pos_weight=0.9487028632263126, subsample=1.279131059412867; total time=   0.0s
[CV] END colsample_bytree=0.8886918084659492, gamma=0.11799245987447787, learning_rate=0.0612136645522648, max_depth=5, min_child_weight=9, n_estimators=10000, reg_alpha=0.7106628896857874, reg_lambda=0.832672462435494, scale_pos_weight=0.9487028632263126, subsample=0.6863131415946435; total time=   2.0s
[CV] END colsample_bytree=0.8886918084659492, gamma=0.11799245987447787, learning_rate=0.0612136645522648, max_depth=5, min_child_weight=9, n_estimators=10000, reg_alpha=0.7106628896857874, reg_lambda=0.832672462435494, scale_pos_weight=0.9487028632263126, subsample=0.6863131415946435; total time=   2.0s
[CV] END colsample_bytree=0.8886918084659492, gamma=0.11799245987447787, learning_rate=0.0612136645522648, max_depth=5, min_child_weight=9, n_estimators=10000, reg_alpha=0.7106628896857874, reg_lambda=0.832672462435494, scale_pos_weight=0.9487028632263126, subsample=0.6863131415946435; total time=   2.1s
[CV] END colsample_bytree=0.8886918084659492, gamma=0.11799245987447787, learning_rate=0.0612136645522648, max_depth=5, min_child_weight=9, n_estimators=10000, reg_alpha=0.7106628896857874, reg_lambda=0.832672462435494, scale_pos_weight=0.9487028632263126, subsample=0.6863131415946435; total time=   2.0s
[CV] END colsample_bytree=0.8886918084659492, gamma=0.11799245987447787, learning_rate=0.0612136645522648, max_depth=5, min_child_weight=9, n_estimators=10000, reg_alpha=0.7106628896857874, reg_lambda=0.832672462435494, scale_pos_weight=0.9487028632263126, subsample=0.6863131415946435; total time=   2.1s
[CV] END colsample_bytree=0.6125716742746937, gamma=0.3182052056318902, learning_rate=0.07287119621526533, max_depth=6, min_child_weight=5, n_estimators=10000, reg_alpha=0.24929222914887494, reg_lambda=1.7311487691068892, scale_pos_weight=<scipy.stats._distn_infrastructure.rv_continuous_frozen object at 0x7f98740cf450>, subsample=0.7624489797878156; total time=   0.0s
[CV] END colsample_bytree=0.6125716742746937, gamma=0.3182052056318902, learning_rate=0.07287119621526533, max_depth=6, min_child_weight=5, n_estimators=10000, reg_alpha=0.24929222914887494, reg_lambda=1.7311487691068892, scale_pos_weight=<scipy.stats._distn_infrastructure.rv_continuous_frozen object at 0x7f98740cf450>, subsample=0.7624489797878156; total time=   0.0s
[CV] END colsample_bytree=0.6125716742746937, gamma=0.3182052056318902, learning_rate=0.07287119621526533, max_depth=6, min_child_weight=5, n_estimators=10000, reg_alpha=0.24929222914887494, reg_lambda=1.7311487691068892, scale_pos_weight=<scipy.stats._distn_infrastructure.rv_continuous_frozen object at 0x7f98740cf450>, subsample=0.7624489797878156; total time=   0.0s
[CV] END colsample_bytree=0.6125716742746937, gamma=0.3182052056318902, learning_rate=0.07287119621526533, max_depth=6, min_child_weight=5, n_estimators=10000, reg_alpha=0.24929222914887494, reg_lambda=1.7311487691068892, scale_pos_weight=<scipy.stats._distn_infrastructure.rv_continuous_frozen object at 0x7f98740cf450>, subsample=0.7624489797878156; total time=   0.0s
[CV] END colsample_bytree=0.6125716742746937, gamma=0.3182052056318902, learning_rate=0.07287119621526533, max_depth=6, min_child_weight=5, n_estimators=10000, reg_alpha=0.24929222914887494, reg_lambda=1.7311487691068892, scale_pos_weight=<scipy.stats._distn_infrastructure.rv_continuous_frozen object at 0x7f98740cf450>, subsample=0.7624489797878156; total time=   0.0s
[CV] END colsample_bytree=0.9771414282231924, gamma=0.299432733244268, learning_rate=0.14895698660794093, max_depth=6, min_child_weight=2, n_estimators=10000, reg_alpha=0.6243540481337932, reg_lambda=1.386901057513142, scale_pos_weight=<scipy.stats._distn_infrastructure.rv_continuous_frozen object at 0x7f98740cf450>, subsample=1.2971684721501742; total time=   0.0s
[CV] END colsample_bytree=0.9771414282231924, gamma=0.299432733244268, learning_rate=0.14895698660794093, max_depth=6, min_child_weight=2, n_estimators=10000, reg_alpha=0.6243540481337932, reg_lambda=1.386901057513142, scale_pos_weight=<scipy.stats._distn_infrastructure.rv_continuous_frozen object at 0x7f98740cf450>, subsample=1.2971684721501742; total time=   0.0s
[CV] END colsample_bytree=0.9771414282231924, gamma=0.299432733244268, learning_rate=0.14895698660794093, max_depth=6, min_child_weight=2, n_estimators=10000, reg_alpha=0.6243540481337932, reg_lambda=1.386901057513142, scale_pos_weight=<scipy.stats._distn_infrastructure.rv_continuous_frozen object at 0x7f98740cf450>, subsample=1.2971684721501742; total time=   0.0s
[CV] END colsample_bytree=0.9771414282231924, gamma=0.299432733244268, learning_rate=0.14895698660794093, max_depth=6, min_child_weight=2, n_estimators=10000, reg_alpha=0.6243540481337932, reg_lambda=1.386901057513142, scale_pos_weight=<scipy.stats._distn_infrastructure.rv_continuous_frozen object at 0x7f98740cf450>, subsample=1.2971684721501742; total time=   0.0s
[CV] END colsample_bytree=0.9771414282231924, gamma=0.299432733244268, learning_rate=0.14895698660794093, max_depth=6, min_child_weight=2, n_estimators=10000, reg_alpha=0.6243540481337932, reg_lambda=1.386901057513142, scale_pos_weight=<scipy.stats._distn_infrastructure.rv_continuous_frozen object at 0x7f98740cf450>, subsample=1.2971684721501742; total time=   0.0s
[CV] END colsample_bytree=0.9214688307596458, gamma=0.09328502944301792, learning_rate=0.18851179969799559, max_depth=5, min_child_weight=7, n_estimators=10000, reg_alpha=0.8960912999234932, reg_lambda=1.4540104249155916, scale_pos_weight=<scipy.stats._distn_infrastructure.rv_continuous_frozen object at 0x7f98740cf450>, subsample=0.8177057995077083; total time=   0.0s
[CV] END colsample_bytree=0.9214688307596458, gamma=0.09328502944301792, learning_rate=0.18851179969799559, max_depth=5, min_child_weight=7, n_estimators=10000, reg_alpha=0.8960912999234932, reg_lambda=1.4540104249155916, scale_pos_weight=<scipy.stats._distn_infrastructure.rv_continuous_frozen object at 0x7f98740cf450>, subsample=0.8177057995077083; total time=   0.0s
[CV] END colsample_bytree=0.9214688307596458, gamma=0.09328502944301792, learning_rate=0.18851179969799559, max_depth=5, min_child_weight=7, n_estimators=10000, reg_alpha=0.8960912999234932, reg_lambda=1.4540104249155916, scale_pos_weight=<scipy.stats._distn_infrastructure.rv_continuous_frozen object at 0x7f98740cf450>, subsample=0.8177057995077083; total time=   0.0s
[CV] END colsample_bytree=0.9214688307596458, gamma=0.09328502944301792, learning_rate=0.18851179969799559, max_depth=5, min_child_weight=7, n_estimators=10000, reg_alpha=0.8960912999234932, reg_lambda=1.4540104249155916, scale_pos_weight=<scipy.stats._distn_infrastructure.rv_continuous_frozen object at 0x7f98740cf450>, subsample=0.8177057995077083; total time=   0.0s
[CV] END colsample_bytree=0.9214688307596458, gamma=0.09328502944301792, learning_rate=0.18851179969799559, max_depth=5, min_child_weight=7, n_estimators=10000, reg_alpha=0.8960912999234932, reg_lambda=1.4540104249155916, scale_pos_weight=<scipy.stats._distn_infrastructure.rv_continuous_frozen object at 0x7f98740cf450>, subsample=0.8177057995077083; total time=   0.0s
[CV] END colsample_bytree=0.8590760482165449, gamma=0.0002601884976579094, learning_rate=0.0805137712668338, max_depth=5, min_child_weight=7, n_estimators=10000, reg_alpha=0.16465585314294173, reg_lambda=2.102268258126326, scale_pos_weight=0.9487028632263126, subsample=0.7776862483765842; total time=   2.2s
[CV] END colsample_bytree=0.8590760482165449, gamma=0.0002601884976579094, learning_rate=0.0805137712668338, max_depth=5, min_child_weight=7, n_estimators=10000, reg_alpha=0.16465585314294173, reg_lambda=2.102268258126326, scale_pos_weight=0.9487028632263126, subsample=0.7776862483765842; total time=   2.2s
[CV] END colsample_bytree=0.8590760482165449, gamma=0.0002601884976579094, learning_rate=0.0805137712668338, max_depth=5, min_child_weight=7, n_estimators=10000, reg_alpha=0.16465585314294173, reg_lambda=2.102268258126326, scale_pos_weight=0.9487028632263126, subsample=0.7776862483765842; total time=   2.3s
[CV] END colsample_bytree=0.8590760482165449, gamma=0.0002601884976579094, learning_rate=0.0805137712668338, max_depth=5, min_child_weight=7, n_estimators=10000, reg_alpha=0.16465585314294173, reg_lambda=2.102268258126326, scale_pos_weight=0.9487028632263126, subsample=0.7776862483765842; total time=   2.2s
[CV] END colsample_bytree=0.8590760482165449, gamma=0.0002601884976579094, learning_rate=0.0805137712668338, max_depth=5, min_child_weight=7, n_estimators=10000, reg_alpha=0.16465585314294173, reg_lambda=2.102268258126326, scale_pos_weight=0.9487028632263126, subsample=0.7776862483765842; total time=   2.2s
[CV] END colsample_bytree=0.6479461469334731, gamma=0.16880758570181398, learning_rate=0.19858194078250385, max_depth=8, min_child_weight=8, n_estimators=10000, reg_alpha=0.7030189588951778, reg_lambda=1.590888807137882, scale_pos_weight=<scipy.stats._distn_infrastructure.rv_continuous_frozen object at 0x7f98740cf450>, subsample=0.8031323311474757; total time=   0.0s
[CV] END colsample_bytree=0.6479461469334731, gamma=0.16880758570181398, learning_rate=0.19858194078250385, max_depth=8, min_child_weight=8, n_estimators=10000, reg_alpha=0.7030189588951778, reg_lambda=1.590888807137882, scale_pos_weight=<scipy.stats._distn_infrastructure.rv_continuous_frozen object at 0x7f98740cf450>, subsample=0.8031323311474757; total time=   0.0s
[CV] END colsample_bytree=0.6479461469334731, gamma=0.16880758570181398, learning_rate=0.19858194078250385, max_depth=8, min_child_weight=8, n_estimators=10000, reg_alpha=0.7030189588951778, reg_lambda=1.590888807137882, scale_pos_weight=<scipy.stats._distn_infrastructure.rv_continuous_frozen object at 0x7f98740cf450>, subsample=0.8031323311474757; total time=   0.0s
[CV] END colsample_bytree=0.6479461469334731, gamma=0.16880758570181398, learning_rate=0.19858194078250385, max_depth=8, min_child_weight=8, n_estimators=10000, reg_alpha=0.7030189588951778, reg_lambda=1.590888807137882, scale_pos_weight=<scipy.stats._distn_infrastructure.rv_continuous_frozen object at 0x7f98740cf450>, subsample=0.8031323311474757; total time=   0.0s
[CV] END colsample_bytree=0.6479461469334731, gamma=0.16880758570181398, learning_rate=0.19858194078250385, max_depth=8, min_child_weight=8, n_estimators=10000, reg_alpha=0.7030189588951778, reg_lambda=1.590888807137882, scale_pos_weight=<scipy.stats._distn_infrastructure.rv_continuous_frozen object at 0x7f98740cf450>, subsample=0.8031323311474757; total time=   0.0s
[CV] END colsample_bytree=0.6987504251354405, gamma=0.3481521364198942, learning_rate=0.15245411798488842, max_depth=7, min_child_weight=1, n_estimators=10000, reg_alpha=0.9977404850489419, reg_lambda=1.3003430428258551, scale_pos_weight=0.9487028632263126, subsample=1.0021432185830892; total time=   0.0s
[CV] END colsample_bytree=0.6987504251354405, gamma=0.3481521364198942, learning_rate=0.15245411798488842, max_depth=7, min_child_weight=1, n_estimators=10000, reg_alpha=0.9977404850489419, reg_lambda=1.3003430428258551, scale_pos_weight=0.9487028632263126, subsample=1.0021432185830892; total time=   0.0s
[CV] END colsample_bytree=0.6987504251354405, gamma=0.3481521364198942, learning_rate=0.15245411798488842, max_depth=7, min_child_weight=1, n_estimators=10000, reg_alpha=0.9977404850489419, reg_lambda=1.3003430428258551, scale_pos_weight=0.9487028632263126, subsample=1.0021432185830892; total time=   0.0s
[CV] END colsample_bytree=0.6987504251354405, gamma=0.3481521364198942, learning_rate=0.15245411798488842, max_depth=7, min_child_weight=1, n_estimators=10000, reg_alpha=0.9977404850489419, reg_lambda=1.3003430428258551, scale_pos_weight=0.9487028632263126, subsample=1.0021432185830892; total time=   0.0s
[CV] END colsample_bytree=0.6987504251354405, gamma=0.3481521364198942, learning_rate=0.15245411798488842, max_depth=7, min_child_weight=1, n_estimators=10000, reg_alpha=0.9977404850489419, reg_lambda=1.3003430428258551, scale_pos_weight=0.9487028632263126, subsample=1.0021432185830892; total time=   0.0s
[CV] END colsample_bytree=0.6205915004999957, gamma=0.13932323211830572, learning_rate=0.19165317719333075, max_depth=5, min_child_weight=2, n_estimators=10000, reg_alpha=0.5309345833171364, reg_lambda=1.843349493719275, scale_pos_weight=0.9487028632263126, subsample=0.7936442172092003; total time=   1.2s
[CV] END colsample_bytree=0.6205915004999957, gamma=0.13932323211830572, learning_rate=0.19165317719333075, max_depth=5, min_child_weight=2, n_estimators=10000, reg_alpha=0.5309345833171364, reg_lambda=1.843349493719275, scale_pos_weight=0.9487028632263126, subsample=0.7936442172092003; total time=   1.2s
[CV] END colsample_bytree=0.6205915004999957, gamma=0.13932323211830572, learning_rate=0.19165317719333075, max_depth=5, min_child_weight=2, n_estimators=10000, reg_alpha=0.5309345833171364, reg_lambda=1.843349493719275, scale_pos_weight=0.9487028632263126, subsample=0.7936442172092003; total time=   1.2s
[CV] END colsample_bytree=0.6205915004999957, gamma=0.13932323211830572, learning_rate=0.19165317719333075, max_depth=5, min_child_weight=2, n_estimators=10000, reg_alpha=0.5309345833171364, reg_lambda=1.843349493719275, scale_pos_weight=0.9487028632263126, subsample=0.7936442172092003; total time=   1.1s
[CV] END colsample_bytree=0.6205915004999957, gamma=0.13932323211830572, learning_rate=0.19165317719333075, max_depth=5, min_child_weight=2, n_estimators=10000, reg_alpha=0.5309345833171364, reg_lambda=1.843349493719275, scale_pos_weight=0.9487028632263126, subsample=0.7936442172092003; total time=   1.2s
[CV] END colsample_bytree=0.8688542189623514, gamma=0.3808098076643588, learning_rate=0.05752750879847994, max_depth=9, min_child_weight=6, n_estimators=10000, reg_alpha=0.3677831327192532, reg_lambda=2.3969174917807385, scale_pos_weight=0.9487028632263126, subsample=0.9190595539556424; total time=   1.2s
[CV] END colsample_bytree=0.8688542189623514, gamma=0.3808098076643588, learning_rate=0.05752750879847994, max_depth=9, min_child_weight=6, n_estimators=10000, reg_alpha=0.3677831327192532, reg_lambda=2.3969174917807385, scale_pos_weight=0.9487028632263126, subsample=0.9190595539556424; total time=   1.2s
[CV] END colsample_bytree=0.8688542189623514, gamma=0.3808098076643588, learning_rate=0.05752750879847994, max_depth=9, min_child_weight=6, n_estimators=10000, reg_alpha=0.3677831327192532, reg_lambda=2.3969174917807385, scale_pos_weight=0.9487028632263126, subsample=0.9190595539556424; total time=   1.3s
[CV] END colsample_bytree=0.8688542189623514, gamma=0.3808098076643588, learning_rate=0.05752750879847994, max_depth=9, min_child_weight=6, n_estimators=10000, reg_alpha=0.3677831327192532, reg_lambda=2.3969174917807385, scale_pos_weight=0.9487028632263126, subsample=0.9190595539556424; total time=   1.2s
[CV] END colsample_bytree=0.8688542189623514, gamma=0.3808098076643588, learning_rate=0.05752750879847994, max_depth=9, min_child_weight=6, n_estimators=10000, reg_alpha=0.3677831327192532, reg_lambda=2.3969174917807385, scale_pos_weight=0.9487028632263126, subsample=0.9190595539556424; total time=   1.2s
[CV] END colsample_bytree=0.9265727492877536, gamma=0.39917256249227556, learning_rate=0.0401435087930859, max_depth=5, min_child_weight=6, n_estimators=10000, reg_alpha=0.6958128067908819, reg_lambda=3.0750764144411598, scale_pos_weight=0.9487028632263126, subsample=1.1420514894738258; total time=   0.0s
[CV] END colsample_bytree=0.9265727492877536, gamma=0.39917256249227556, learning_rate=0.0401435087930859, max_depth=5, min_child_weight=6, n_estimators=10000, reg_alpha=0.6958128067908819, reg_lambda=3.0750764144411598, scale_pos_weight=0.9487028632263126, subsample=1.1420514894738258; total time=   0.0s
[CV] END colsample_bytree=0.9265727492877536, gamma=0.39917256249227556, learning_rate=0.0401435087930859, max_depth=5, min_child_weight=6, n_estimators=10000, reg_alpha=0.6958128067908819, reg_lambda=3.0750764144411598, scale_pos_weight=0.9487028632263126, subsample=1.1420514894738258; total time=   0.0s
[CV] END colsample_bytree=0.9265727492877536, gamma=0.39917256249227556, learning_rate=0.0401435087930859, max_depth=5, min_child_weight=6, n_estimators=10000, reg_alpha=0.6958128067908819, reg_lambda=3.0750764144411598, scale_pos_weight=0.9487028632263126, subsample=1.1420514894738258; total time=   0.0s
[CV] END colsample_bytree=0.9265727492877536, gamma=0.39917256249227556, learning_rate=0.0401435087930859, max_depth=5, min_child_weight=6, n_estimators=10000, reg_alpha=0.6958128067908819, reg_lambda=3.0750764144411598, scale_pos_weight=0.9487028632263126, subsample=1.1420514894738258; total time=   0.0s
[CV] END colsample_bytree=0.6066351315711425, gamma=0.2560465291496405, learning_rate=0.05529915503958759, max_depth=9, min_child_weight=4, n_estimators=10000, reg_alpha=0.940523264489604, reg_lambda=1.692716063262567, scale_pos_weight=<scipy.stats._distn_infrastructure.rv_continuous_frozen object at 0x7f98740cf450>, subsample=1.3493839909893877; total time=   0.0s
[CV] END colsample_bytree=0.6066351315711425, gamma=0.2560465291496405, learning_rate=0.05529915503958759, max_depth=9, min_child_weight=4, n_estimators=10000, reg_alpha=0.940523264489604, reg_lambda=1.692716063262567, scale_pos_weight=<scipy.stats._distn_infrastructure.rv_continuous_frozen object at 0x7f98740cf450>, subsample=1.3493839909893877; total time=   0.0s
[CV] END colsample_bytree=0.6066351315711425, gamma=0.2560465291496405, learning_rate=0.05529915503958759, max_depth=9, min_child_weight=4, n_estimators=10000, reg_alpha=0.940523264489604, reg_lambda=1.692716063262567, scale_pos_weight=<scipy.stats._distn_infrastructure.rv_continuous_frozen object at 0x7f98740cf450>, subsample=1.3493839909893877; total time=   0.0s
[CV] END colsample_bytree=0.6066351315711425, gamma=0.2560465291496405, learning_rate=0.05529915503958759, max_depth=9, min_child_weight=4, n_estimators=10000, reg_alpha=0.940523264489604, reg_lambda=1.692716063262567, scale_pos_weight=<scipy.stats._distn_infrastructure.rv_continuous_frozen object at 0x7f98740cf450>, subsample=1.3493839909893877; total time=   0.0s
[CV] END colsample_bytree=0.6066351315711425, gamma=0.2560465291496405, learning_rate=0.05529915503958759, max_depth=9, min_child_weight=4, n_estimators=10000, reg_alpha=0.940523264489604, reg_lambda=1.692716063262567, scale_pos_weight=<scipy.stats._distn_infrastructure.rv_continuous_frozen object at 0x7f98740cf450>, subsample=1.3493839909893877; total time=   0.0s
[CV] END colsample_bytree=0.6550083776583973, gamma=0.17053317552512925, learning_rate=0.032694704248117816, max_depth=9, min_child_weight=3, n_estimators=10000, reg_alpha=0.22855002179729966, reg_lambda=1.0248647812878087, scale_pos_weight=0.9487028632263126, subsample=1.0441606492795699; total time=   0.0s
[CV] END colsample_bytree=0.6550083776583973, gamma=0.17053317552512925, learning_rate=0.032694704248117816, max_depth=9, min_child_weight=3, n_estimators=10000, reg_alpha=0.22855002179729966, reg_lambda=1.0248647812878087, scale_pos_weight=0.9487028632263126, subsample=1.0441606492795699; total time=   0.0s
[CV] END colsample_bytree=0.6550083776583973, gamma=0.17053317552512925, learning_rate=0.032694704248117816, max_depth=9, min_child_weight=3, n_estimators=10000, reg_alpha=0.22855002179729966, reg_lambda=1.0248647812878087, scale_pos_weight=0.9487028632263126, subsample=1.0441606492795699; total time=   0.0s
[CV] END colsample_bytree=0.6550083776583973, gamma=0.17053317552512925, learning_rate=0.032694704248117816, max_depth=9, min_child_weight=3, n_estimators=10000, reg_alpha=0.22855002179729966, reg_lambda=1.0248647812878087, scale_pos_weight=0.9487028632263126, subsample=1.0441606492795699; total time=   0.0s
[CV] END colsample_bytree=0.6550083776583973, gamma=0.17053317552512925, learning_rate=0.032694704248117816, max_depth=9, min_child_weight=3, n_estimators=10000, reg_alpha=0.22855002179729966, reg_lambda=1.0248647812878087, scale_pos_weight=0.9487028632263126, subsample=1.0441606492795699; total time=   0.0s
[CV] END colsample_bytree=0.8118602313424026, gamma=0.12092614545022584, learning_rate=0.028620553561179846, max_depth=6, min_child_weight=5, n_estimators=10000, reg_alpha=0.9004180571633305, reg_lambda=2.3993043718198037, scale_pos_weight=<scipy.stats._distn_infrastructure.rv_continuous_frozen object at 0x7f98740cf450>, subsample=0.8230970820737455; total time=   0.0s
[CV] END colsample_bytree=0.8118602313424026, gamma=0.12092614545022584, learning_rate=0.028620553561179846, max_depth=6, min_child_weight=5, n_estimators=10000, reg_alpha=0.9004180571633305, reg_lambda=2.3993043718198037, scale_pos_weight=<scipy.stats._distn_infrastructure.rv_continuous_frozen object at 0x7f98740cf450>, subsample=0.8230970820737455; total time=   0.0s
[CV] END colsample_bytree=0.8118602313424026, gamma=0.12092614545022584, learning_rate=0.028620553561179846, max_depth=6, min_child_weight=5, n_estimators=10000, reg_alpha=0.9004180571633305, reg_lambda=2.3993043718198037, scale_pos_weight=<scipy.stats._distn_infrastructure.rv_continuous_frozen object at 0x7f98740cf450>, subsample=0.8230970820737455; total time=   0.0s
[CV] END colsample_bytree=0.8118602313424026, gamma=0.12092614545022584, learning_rate=0.028620553561179846, max_depth=6, min_child_weight=5, n_estimators=10000, reg_alpha=0.9004180571633305, reg_lambda=2.3993043718198037, scale_pos_weight=<scipy.stats._distn_infrastructure.rv_continuous_frozen object at 0x7f98740cf450>, subsample=0.8230970820737455; total time=   0.0s
[CV] END colsample_bytree=0.8118602313424026, gamma=0.12092614545022584, learning_rate=0.028620553561179846, max_depth=6, min_child_weight=5, n_estimators=10000, reg_alpha=0.9004180571633305, reg_lambda=2.3993043718198037, scale_pos_weight=<scipy.stats._distn_infrastructure.rv_continuous_frozen object at 0x7f98740cf450>, subsample=0.8230970820737455; total time=   0.0s
[CV] END colsample_bytree=0.8801431319891084, gamma=0.42333057111915295, learning_rate=0.1812648583756185, max_depth=8, min_child_weight=8, n_estimators=10000, reg_alpha=0.8877700987609598, reg_lambda=3.0527853463025383, scale_pos_weight=<scipy.stats._distn_infrastructure.rv_continuous_frozen object at 0x7f98740cf450>, subsample=0.729302971275691; total time=   0.0s
[CV] END colsample_bytree=0.8801431319891084, gamma=0.42333057111915295, learning_rate=0.1812648583756185, max_depth=8, min_child_weight=8, n_estimators=10000, reg_alpha=0.8877700987609598, reg_lambda=3.0527853463025383, scale_pos_weight=<scipy.stats._distn_infrastructure.rv_continuous_frozen object at 0x7f98740cf450>, subsample=0.729302971275691; total time=   0.0s
[CV] END colsample_bytree=0.8801431319891084, gamma=0.42333057111915295, learning_rate=0.1812648583756185, max_depth=8, min_child_weight=8, n_estimators=10000, reg_alpha=0.8877700987609598, reg_lambda=3.0527853463025383, scale_pos_weight=<scipy.stats._distn_infrastructure.rv_continuous_frozen object at 0x7f98740cf450>, subsample=0.729302971275691; total time=   0.0s
[CV] END colsample_bytree=0.8801431319891084, gamma=0.42333057111915295, learning_rate=0.1812648583756185, max_depth=8, min_child_weight=8, n_estimators=10000, reg_alpha=0.8877700987609598, reg_lambda=3.0527853463025383, scale_pos_weight=<scipy.stats._distn_infrastructure.rv_continuous_frozen object at 0x7f98740cf450>, subsample=0.729302971275691; total time=   0.0s
[CV] END colsample_bytree=0.8801431319891084, gamma=0.42333057111915295, learning_rate=0.1812648583756185, max_depth=8, min_child_weight=8, n_estimators=10000, reg_alpha=0.8877700987609598, reg_lambda=3.0527853463025383, scale_pos_weight=<scipy.stats._distn_infrastructure.rv_continuous_frozen object at 0x7f98740cf450>, subsample=0.729302971275691; total time=   0.0s
[CV] END colsample_bytree=0.9594216754108317, gamma=0.30321452982979497, learning_rate=0.01183941032332593, max_depth=8, min_child_weight=9, n_estimators=10000, reg_alpha=0.6635017691080558, reg_lambda=0.5151847515386561, scale_pos_weight=0.9487028632263126, subsample=0.8442910882755148; total time=   2.8s
[CV] END colsample_bytree=0.9594216754108317, gamma=0.30321452982979497, learning_rate=0.01183941032332593, max_depth=8, min_child_weight=9, n_estimators=10000, reg_alpha=0.6635017691080558, reg_lambda=0.5151847515386561, scale_pos_weight=0.9487028632263126, subsample=0.8442910882755148; total time=   2.8s
[CV] END colsample_bytree=0.9594216754108317, gamma=0.30321452982979497, learning_rate=0.01183941032332593, max_depth=8, min_child_weight=9, n_estimators=10000, reg_alpha=0.6635017691080558, reg_lambda=0.5151847515386561, scale_pos_weight=0.9487028632263126, subsample=0.8442910882755148; total time=   2.9s
[CV] END colsample_bytree=0.9594216754108317, gamma=0.30321452982979497, learning_rate=0.01183941032332593, max_depth=8, min_child_weight=9, n_estimators=10000, reg_alpha=0.6635017691080558, reg_lambda=0.5151847515386561, scale_pos_weight=0.9487028632263126, subsample=0.8442910882755148; total time=   2.8s
[CV] END colsample_bytree=0.9594216754108317, gamma=0.30321452982979497, learning_rate=0.01183941032332593, max_depth=8, min_child_weight=9, n_estimators=10000, reg_alpha=0.6635017691080558, reg_lambda=0.5151847515386561, scale_pos_weight=0.9487028632263126, subsample=0.8442910882755148; total time=   2.9s
[CV] END colsample_bytree=0.7942455014344907, gamma=0.22421207149312367, learning_rate=0.20889149252216416, max_depth=6, min_child_weight=1, n_estimators=10000, reg_alpha=0.018075363615520867, reg_lambda=1.9816811455503038, scale_pos_weight=0.9487028632263126, subsample=1.1971931240944194; total time=   0.0s
[CV] END colsample_bytree=0.7942455014344907, gamma=0.22421207149312367, learning_rate=0.20889149252216416, max_depth=6, min_child_weight=1, n_estimators=10000, reg_alpha=0.018075363615520867, reg_lambda=1.9816811455503038, scale_pos_weight=0.9487028632263126, subsample=1.1971931240944194; total time=   0.0s
[CV] END colsample_bytree=0.7942455014344907, gamma=0.22421207149312367, learning_rate=0.20889149252216416, max_depth=6, min_child_weight=1, n_estimators=10000, reg_alpha=0.018075363615520867, reg_lambda=1.9816811455503038, scale_pos_weight=0.9487028632263126, subsample=1.1971931240944194; total time=   0.0s
[CV] END colsample_bytree=0.7942455014344907, gamma=0.22421207149312367, learning_rate=0.20889149252216416, max_depth=6, min_child_weight=1, n_estimators=10000, reg_alpha=0.018075363615520867, reg_lambda=1.9816811455503038, scale_pos_weight=0.9487028632263126, subsample=1.1971931240944194; total time=   0.0s
[CV] END colsample_bytree=0.7942455014344907, gamma=0.22421207149312367, learning_rate=0.20889149252216416, max_depth=6, min_child_weight=1, n_estimators=10000, reg_alpha=0.018075363615520867, reg_lambda=1.9816811455503038, scale_pos_weight=0.9487028632263126, subsample=1.1971931240944194; total time=   0.0s
[CV] END colsample_bytree=0.8598531596188859, gamma=0.42461170524708897, learning_rate=0.1415225784600687, max_depth=3, min_child_weight=3, n_estimators=10000, reg_alpha=0.6363326181858954, reg_lambda=1.2513854558167523, scale_pos_weight=0.9487028632263126, subsample=1.3784084438019564; total time=   0.0s
[CV] END colsample_bytree=0.8598531596188859, gamma=0.42461170524708897, learning_rate=0.1415225784600687, max_depth=3, min_child_weight=3, n_estimators=10000, reg_alpha=0.6363326181858954, reg_lambda=1.2513854558167523, scale_pos_weight=0.9487028632263126, subsample=1.3784084438019564; total time=   0.0s
[CV] END colsample_bytree=0.8598531596188859, gamma=0.42461170524708897, learning_rate=0.1415225784600687, max_depth=3, min_child_weight=3, n_estimators=10000, reg_alpha=0.6363326181858954, reg_lambda=1.2513854558167523, scale_pos_weight=0.9487028632263126, subsample=1.3784084438019564; total time=   0.0s
[CV] END colsample_bytree=0.8598531596188859, gamma=0.42461170524708897, learning_rate=0.1415225784600687, max_depth=3, min_child_weight=3, n_estimators=10000, reg_alpha=0.6363326181858954, reg_lambda=1.2513854558167523, scale_pos_weight=0.9487028632263126, subsample=1.3784084438019564; total time=   0.0s
[CV] END colsample_bytree=0.8598531596188859, gamma=0.42461170524708897, learning_rate=0.1415225784600687, max_depth=3, min_child_weight=3, n_estimators=10000, reg_alpha=0.6363326181858954, reg_lambda=1.2513854558167523, scale_pos_weight=0.9487028632263126, subsample=1.3784084438019564; total time=   0.0s
[CV] END colsample_bytree=0.7572390898667042, gamma=0.44602327758855664, learning_rate=0.1362277251994526, max_depth=4, min_child_weight=5, n_estimators=10000, reg_alpha=0.5026370931051921, reg_lambda=2.2307116538790774, scale_pos_weight=0.9487028632263126, subsample=1.2913340520575225; total time=   0.0s
[CV] END colsample_bytree=0.7572390898667042, gamma=0.44602327758855664, learning_rate=0.1362277251994526, max_depth=4, min_child_weight=5, n_estimators=10000, reg_alpha=0.5026370931051921, reg_lambda=2.2307116538790774, scale_pos_weight=0.9487028632263126, subsample=1.2913340520575225; total time=   0.0s
[CV] END colsample_bytree=0.7572390898667042, gamma=0.44602327758855664, learning_rate=0.1362277251994526, max_depth=4, min_child_weight=5, n_estimators=10000, reg_alpha=0.5026370931051921, reg_lambda=2.2307116538790774, scale_pos_weight=0.9487028632263126, subsample=1.2913340520575225; total time=   0.0s
[CV] END colsample_bytree=0.7572390898667042, gamma=0.44602327758855664, learning_rate=0.1362277251994526, max_depth=4, min_child_weight=5, n_estimators=10000, reg_alpha=0.5026370931051921, reg_lambda=2.2307116538790774, scale_pos_weight=0.9487028632263126, subsample=1.2913340520575225; total time=   0.0s
[CV] END colsample_bytree=0.7572390898667042, gamma=0.44602327758855664, learning_rate=0.1362277251994526, max_depth=4, min_child_weight=5, n_estimators=10000, reg_alpha=0.5026370931051921, reg_lambda=2.2307116538790774, scale_pos_weight=0.9487028632263126, subsample=1.2913340520575225; total time=   0.0s
[CV] END colsample_bytree=0.6920741072966221, gamma=0.24959668994237616, learning_rate=0.12440083984183663, max_depth=3, min_child_weight=1, n_estimators=10000, reg_alpha=0.994550510797341, reg_lambda=1.9098335419728287, scale_pos_weight=0.9487028632263126, subsample=1.3318915121763588; total time=   0.0s
[CV] END colsample_bytree=0.6920741072966221, gamma=0.24959668994237616, learning_rate=0.12440083984183663, max_depth=3, min_child_weight=1, n_estimators=10000, reg_alpha=0.994550510797341, reg_lambda=1.9098335419728287, scale_pos_weight=0.9487028632263126, subsample=1.3318915121763588; total time=   0.0s
[CV] END colsample_bytree=0.6920741072966221, gamma=0.24959668994237616, learning_rate=0.12440083984183663, max_depth=3, min_child_weight=1, n_estimators=10000, reg_alpha=0.994550510797341, reg_lambda=1.9098335419728287, scale_pos_weight=0.9487028632263126, subsample=1.3318915121763588; total time=   0.0s
[CV] END colsample_bytree=0.6920741072966221, gamma=0.24959668994237616, learning_rate=0.12440083984183663, max_depth=3, min_child_weight=1, n_estimators=10000, reg_alpha=0.994550510797341, reg_lambda=1.9098335419728287, scale_pos_weight=0.9487028632263126, subsample=1.3318915121763588; total time=   0.0s
[CV] END colsample_bytree=0.6920741072966221, gamma=0.24959668994237616, learning_rate=0.12440083984183663, max_depth=3, min_child_weight=1, n_estimators=10000, reg_alpha=0.994550510797341, reg_lambda=1.9098335419728287, scale_pos_weight=0.9487028632263126, subsample=1.3318915121763588; total time=   0.0s
[CV] END colsample_bytree=0.7480634801021777, gamma=0.007728308264433714, learning_rate=0.1956637125175451, max_depth=3, min_child_weight=5, n_estimators=10000, reg_alpha=0.5722924691708383, reg_lambda=3.440994751148137, scale_pos_weight=0.9487028632263126, subsample=0.8355591136556686; total time=   1.6s
[CV] END colsample_bytree=0.7480634801021777, gamma=0.007728308264433714, learning_rate=0.1956637125175451, max_depth=3, min_child_weight=5, n_estimators=10000, reg_alpha=0.5722924691708383, reg_lambda=3.440994751148137, scale_pos_weight=0.9487028632263126, subsample=0.8355591136556686; total time=   1.6s
[CV] END colsample_bytree=0.7480634801021777, gamma=0.007728308264433714, learning_rate=0.1956637125175451, max_depth=3, min_child_weight=5, n_estimators=10000, reg_alpha=0.5722924691708383, reg_lambda=3.440994751148137, scale_pos_weight=0.9487028632263126, subsample=0.8355591136556686; total time=   1.6s
[CV] END colsample_bytree=0.7480634801021777, gamma=0.007728308264433714, learning_rate=0.1956637125175451, max_depth=3, min_child_weight=5, n_estimators=10000, reg_alpha=0.5722924691708383, reg_lambda=3.440994751148137, scale_pos_weight=0.9487028632263126, subsample=0.8355591136556686; total time=   1.6s
[CV] END colsample_bytree=0.7480634801021777, gamma=0.007728308264433714, learning_rate=0.1956637125175451, max_depth=3, min_child_weight=5, n_estimators=10000, reg_alpha=0.5722924691708383, reg_lambda=3.440994751148137, scale_pos_weight=0.9487028632263126, subsample=0.8355591136556686; total time=   1.6s
[CV] END colsample_bytree=0.7540390914407701, gamma=0.42556833575842845, learning_rate=0.07338440103125553, max_depth=4, min_child_weight=9, n_estimators=10000, reg_alpha=0.3946914668094722, reg_lambda=3.032639422178934, scale_pos_weight=<scipy.stats._distn_infrastructure.rv_continuous_frozen object at 0x7f98740cf450>, subsample=1.056048936071492; total time=   0.0s
[CV] END colsample_bytree=0.7540390914407701, gamma=0.42556833575842845, learning_rate=0.07338440103125553, max_depth=4, min_child_weight=9, n_estimators=10000, reg_alpha=0.3946914668094722, reg_lambda=3.032639422178934, scale_pos_weight=<scipy.stats._distn_infrastructure.rv_continuous_frozen object at 0x7f98740cf450>, subsample=1.056048936071492; total time=   0.0s
[CV] END colsample_bytree=0.7540390914407701, gamma=0.42556833575842845, learning_rate=0.07338440103125553, max_depth=4, min_child_weight=9, n_estimators=10000, reg_alpha=0.3946914668094722, reg_lambda=3.032639422178934, scale_pos_weight=<scipy.stats._distn_infrastructure.rv_continuous_frozen object at 0x7f98740cf450>, subsample=1.056048936071492; total time=   0.0s
[CV] END colsample_bytree=0.7540390914407701, gamma=0.42556833575842845, learning_rate=0.07338440103125553, max_depth=4, min_child_weight=9, n_estimators=10000, reg_alpha=0.3946914668094722, reg_lambda=3.032639422178934, scale_pos_weight=<scipy.stats._distn_infrastructure.rv_continuous_frozen object at 0x7f98740cf450>, subsample=1.056048936071492; total time=   0.0s
[CV] END colsample_bytree=0.7540390914407701, gamma=0.42556833575842845, learning_rate=0.07338440103125553, max_depth=4, min_child_weight=9, n_estimators=10000, reg_alpha=0.3946914668094722, reg_lambda=3.032639422178934, scale_pos_weight=<scipy.stats._distn_infrastructure.rv_continuous_frozen object at 0x7f98740cf450>, subsample=1.056048936071492; total time=   0.0s
[CV] END colsample_bytree=0.6388705975083074, gamma=0.30750361334958487, learning_rate=0.20801077002085266, max_depth=4, min_child_weight=2, n_estimators=10000, reg_alpha=0.3225507642386005, reg_lambda=3.046009384774023, scale_pos_weight=<scipy.stats._distn_infrastructure.rv_continuous_frozen object at 0x7f98740cf450>, subsample=1.1619872671896874; total time=   0.0s
[CV] END colsample_bytree=0.6388705975083074, gamma=0.30750361334958487, learning_rate=0.20801077002085266, max_depth=4, min_child_weight=2, n_estimators=10000, reg_alpha=0.3225507642386005, reg_lambda=3.046009384774023, scale_pos_weight=<scipy.stats._distn_infrastructure.rv_continuous_frozen object at 0x7f98740cf450>, subsample=1.1619872671896874; total time=   0.0s
[CV] END colsample_bytree=0.6388705975083074, gamma=0.30750361334958487, learning_rate=0.20801077002085266, max_depth=4, min_child_weight=2, n_estimators=10000, reg_alpha=0.3225507642386005, reg_lambda=3.046009384774023, scale_pos_weight=<scipy.stats._distn_infrastructure.rv_continuous_frozen object at 0x7f98740cf450>, subsample=1.1619872671896874; total time=   0.0s
[CV] END colsample_bytree=0.6388705975083074, gamma=0.30750361334958487, learning_rate=0.20801077002085266, max_depth=4, min_child_weight=2, n_estimators=10000, reg_alpha=0.3225507642386005, reg_lambda=3.046009384774023, scale_pos_weight=<scipy.stats._distn_infrastructure.rv_continuous_frozen object at 0x7f98740cf450>, subsample=1.1619872671896874; total time=   0.0s
[CV] END colsample_bytree=0.6388705975083074, gamma=0.30750361334958487, learning_rate=0.20801077002085266, max_depth=4, min_child_weight=2, n_estimators=10000, reg_alpha=0.3225507642386005, reg_lambda=3.046009384774023, scale_pos_weight=<scipy.stats._distn_infrastructure.rv_continuous_frozen object at 0x7f98740cf450>, subsample=1.1619872671896874; total time=   0.0s
[CV] END colsample_bytree=0.743796460487902, gamma=0.14679592213224668, learning_rate=0.17187223109570274, max_depth=5, min_child_weight=2, n_estimators=10000, reg_alpha=0.8670723185801037, reg_lambda=3.239721657669414, scale_pos_weight=0.9487028632263126, subsample=0.6041478902191894; total time=   1.4s
[CV] END colsample_bytree=0.743796460487902, gamma=0.14679592213224668, learning_rate=0.17187223109570274, max_depth=5, min_child_weight=2, n_estimators=10000, reg_alpha=0.8670723185801037, reg_lambda=3.239721657669414, scale_pos_weight=0.9487028632263126, subsample=0.6041478902191894; total time=   1.4s
[CV] END colsample_bytree=0.743796460487902, gamma=0.14679592213224668, learning_rate=0.17187223109570274, max_depth=5, min_child_weight=2, n_estimators=10000, reg_alpha=0.8670723185801037, reg_lambda=3.239721657669414, scale_pos_weight=0.9487028632263126, subsample=0.6041478902191894; total time=   1.4s
[CV] END colsample_bytree=0.743796460487902, gamma=0.14679592213224668, learning_rate=0.17187223109570274, max_depth=5, min_child_weight=2, n_estimators=10000, reg_alpha=0.8670723185801037, reg_lambda=3.239721657669414, scale_pos_weight=0.9487028632263126, subsample=0.6041478902191894; total time=   1.4s
[CV] END colsample_bytree=0.743796460487902, gamma=0.14679592213224668, learning_rate=0.17187223109570274, max_depth=5, min_child_weight=2, n_estimators=10000, reg_alpha=0.8670723185801037, reg_lambda=3.239721657669414, scale_pos_weight=0.9487028632263126, subsample=0.6041478902191894; total time=   1.4s
[CV] END colsample_bytree=0.8511577659794545, gamma=0.09713697675602112, learning_rate=0.024188183399985533, max_depth=8, min_child_weight=3, n_estimators=10000, reg_alpha=0.3379951568515358, reg_lambda=1.6267488579198321, scale_pos_weight=0.9487028632263126, subsample=0.9507792984144696; total time=   1.9s
[CV] END colsample_bytree=0.8511577659794545, gamma=0.09713697675602112, learning_rate=0.024188183399985533, max_depth=8, min_child_weight=3, n_estimators=10000, reg_alpha=0.3379951568515358, reg_lambda=1.6267488579198321, scale_pos_weight=0.9487028632263126, subsample=0.9507792984144696; total time=   1.8s
[CV] END colsample_bytree=0.8511577659794545, gamma=0.09713697675602112, learning_rate=0.024188183399985533, max_depth=8, min_child_weight=3, n_estimators=10000, reg_alpha=0.3379951568515358, reg_lambda=1.6267488579198321, scale_pos_weight=0.9487028632263126, subsample=0.9507792984144696; total time=   1.9s
[CV] END colsample_bytree=0.8511577659794545, gamma=0.09713697675602112, learning_rate=0.024188183399985533, max_depth=8, min_child_weight=3, n_estimators=10000, reg_alpha=0.3379951568515358, reg_lambda=1.6267488579198321, scale_pos_weight=0.9487028632263126, subsample=0.9507792984144696; total time=   1.9s
[CV] END colsample_bytree=0.8511577659794545, gamma=0.09713697675602112, learning_rate=0.024188183399985533, max_depth=8, min_child_weight=3, n_estimators=10000, reg_alpha=0.3379951568515358, reg_lambda=1.6267488579198321, scale_pos_weight=0.9487028632263126, subsample=0.9507792984144696; total time=   1.9s
[CV] END colsample_bytree=0.8688104541180797, gamma=0.16407633373736596, learning_rate=0.04100832334554884, max_depth=8, min_child_weight=6, n_estimators=10000, reg_alpha=0.5908332605690108, reg_lambda=0.5915007498171483, scale_pos_weight=0.9487028632263126, subsample=0.6310677875435385; total time=   2.0s
[CV] END colsample_bytree=0.8688104541180797, gamma=0.16407633373736596, learning_rate=0.04100832334554884, max_depth=8, min_child_weight=6, n_estimators=10000, reg_alpha=0.5908332605690108, reg_lambda=0.5915007498171483, scale_pos_weight=0.9487028632263126, subsample=0.6310677875435385; total time=   2.0s
[CV] END colsample_bytree=0.8688104541180797, gamma=0.16407633373736596, learning_rate=0.04100832334554884, max_depth=8, min_child_weight=6, n_estimators=10000, reg_alpha=0.5908332605690108, reg_lambda=0.5915007498171483, scale_pos_weight=0.9487028632263126, subsample=0.6310677875435385; total time=   2.1s
[CV] END colsample_bytree=0.8688104541180797, gamma=0.16407633373736596, learning_rate=0.04100832334554884, max_depth=8, min_child_weight=6, n_estimators=10000, reg_alpha=0.5908332605690108, reg_lambda=0.5915007498171483, scale_pos_weight=0.9487028632263126, subsample=0.6310677875435385; total time=   2.0s
[CV] END colsample_bytree=0.8688104541180797, gamma=0.16407633373736596, learning_rate=0.04100832334554884, max_depth=8, min_child_weight=6, n_estimators=10000, reg_alpha=0.5908332605690108, reg_lambda=0.5915007498171483, scale_pos_weight=0.9487028632263126, subsample=0.6310677875435385; total time=   2.1s
[CV] END colsample_bytree=0.7213062058692892, gamma=0.2685412135983277, learning_rate=0.07533024835920818, max_depth=7, min_child_weight=5, n_estimators=10000, reg_alpha=0.45726516161372854, reg_lambda=3.026069225035944, scale_pos_weight=0.9487028632263126, subsample=1.0250837052545183; total time=   0.0s
[CV] END colsample_bytree=0.7213062058692892, gamma=0.2685412135983277, learning_rate=0.07533024835920818, max_depth=7, min_child_weight=5, n_estimators=10000, reg_alpha=0.45726516161372854, reg_lambda=3.026069225035944, scale_pos_weight=0.9487028632263126, subsample=1.0250837052545183; total time=   0.0s
[CV] END colsample_bytree=0.7213062058692892, gamma=0.2685412135983277, learning_rate=0.07533024835920818, max_depth=7, min_child_weight=5, n_estimators=10000, reg_alpha=0.45726516161372854, reg_lambda=3.026069225035944, scale_pos_weight=0.9487028632263126, subsample=1.0250837052545183; total time=   0.0s
[CV] END colsample_bytree=0.7213062058692892, gamma=0.2685412135983277, learning_rate=0.07533024835920818, max_depth=7, min_child_weight=5, n_estimators=10000, reg_alpha=0.45726516161372854, reg_lambda=3.026069225035944, scale_pos_weight=0.9487028632263126, subsample=1.0250837052545183; total time=   0.0s
[CV] END colsample_bytree=0.7213062058692892, gamma=0.2685412135983277, learning_rate=0.07533024835920818, max_depth=7, min_child_weight=5, n_estimators=10000, reg_alpha=0.45726516161372854, reg_lambda=3.026069225035944, scale_pos_weight=0.9487028632263126, subsample=1.0250837052545183; total time=   0.0s
[CV] END colsample_bytree=0.8162540486440426, gamma=0.3187149507491033, learning_rate=0.15521826674453232, max_depth=7, min_child_weight=2, n_estimators=10000, reg_alpha=0.5163003483011953, reg_lambda=1.468869418823738, scale_pos_weight=<scipy.stats._distn_infrastructure.rv_continuous_frozen object at 0x7f98740cf450>, subsample=0.9190567211558356; total time=   0.0s
[CV] END colsample_bytree=0.8162540486440426, gamma=0.3187149507491033, learning_rate=0.15521826674453232, max_depth=7, min_child_weight=2, n_estimators=10000, reg_alpha=0.5163003483011953, reg_lambda=1.468869418823738, scale_pos_weight=<scipy.stats._distn_infrastructure.rv_continuous_frozen object at 0x7f98740cf450>, subsample=0.9190567211558356; total time=   0.0s
[CV] END colsample_bytree=0.8162540486440426, gamma=0.3187149507491033, learning_rate=0.15521826674453232, max_depth=7, min_child_weight=2, n_estimators=10000, reg_alpha=0.5163003483011953, reg_lambda=1.468869418823738, scale_pos_weight=<scipy.stats._distn_infrastructure.rv_continuous_frozen object at 0x7f98740cf450>, subsample=0.9190567211558356; total time=   0.0s
[CV] END colsample_bytree=0.8162540486440426, gamma=0.3187149507491033, learning_rate=0.15521826674453232, max_depth=7, min_child_weight=2, n_estimators=10000, reg_alpha=0.5163003483011953, reg_lambda=1.468869418823738, scale_pos_weight=<scipy.stats._distn_infrastructure.rv_continuous_frozen object at 0x7f98740cf450>, subsample=0.9190567211558356; total time=   0.0s
[CV] END colsample_bytree=0.8162540486440426, gamma=0.3187149507491033, learning_rate=0.15521826674453232, max_depth=7, min_child_weight=2, n_estimators=10000, reg_alpha=0.5163003483011953, reg_lambda=1.468869418823738, scale_pos_weight=<scipy.stats._distn_infrastructure.rv_continuous_frozen object at 0x7f98740cf450>, subsample=0.9190567211558356; total time=   0.0s
[CV] END colsample_bytree=0.7734082950322968, gamma=0.3720213214995577, learning_rate=0.06017210546933224, max_depth=4, min_child_weight=5, n_estimators=10000, reg_alpha=0.08087296661719767, reg_lambda=1.7849434248203233, scale_pos_weight=0.9487028632263126, subsample=0.9271623555314159; total time=   1.3s
[CV] END colsample_bytree=0.7734082950322968, gamma=0.3720213214995577, learning_rate=0.06017210546933224, max_depth=4, min_child_weight=5, n_estimators=10000, reg_alpha=0.08087296661719767, reg_lambda=1.7849434248203233, scale_pos_weight=0.9487028632263126, subsample=0.9271623555314159; total time=   1.3s
[CV] END colsample_bytree=0.7734082950322968, gamma=0.3720213214995577, learning_rate=0.06017210546933224, max_depth=4, min_child_weight=5, n_estimators=10000, reg_alpha=0.08087296661719767, reg_lambda=1.7849434248203233, scale_pos_weight=0.9487028632263126, subsample=0.9271623555314159; total time=   1.3s
[CV] END colsample_bytree=0.7734082950322968, gamma=0.3720213214995577, learning_rate=0.06017210546933224, max_depth=4, min_child_weight=5, n_estimators=10000, reg_alpha=0.08087296661719767, reg_lambda=1.7849434248203233, scale_pos_weight=0.9487028632263126, subsample=0.9271623555314159; total time=   1.3s
[CV] END colsample_bytree=0.7734082950322968, gamma=0.3720213214995577, learning_rate=0.06017210546933224, max_depth=4, min_child_weight=5, n_estimators=10000, reg_alpha=0.08087296661719767, reg_lambda=1.7849434248203233, scale_pos_weight=0.9487028632263126, subsample=0.9271623555314159; total time=   1.3s
----------
iter: 1
n_candidates: 14
n_resources: 7728
Fitting 5 folds for each of 14 candidates, totalling 70 fits
[CV] END colsample_bytree=0.7300733288106989, gamma=0.36480308916903204, learning_rate=0.13751149427104264, max_depth=5, min_child_weight=3, n_estimators=10000, reg_alpha=0.4722149251619493, reg_lambda=0.8587827378149051, scale_pos_weight=0.9487028632263126, subsample=1.279131059412867; total time=   0.0s
[CV] END colsample_bytree=0.7300733288106989, gamma=0.36480308916903204, learning_rate=0.13751149427104264, max_depth=5, min_child_weight=3, n_estimators=10000, reg_alpha=0.4722149251619493, reg_lambda=0.8587827378149051, scale_pos_weight=0.9487028632263126, subsample=1.279131059412867; total time=   0.0s
[CV] END colsample_bytree=0.7300733288106989, gamma=0.36480308916903204, learning_rate=0.13751149427104264, max_depth=5, min_child_weight=3, n_estimators=10000, reg_alpha=0.4722149251619493, reg_lambda=0.8587827378149051, scale_pos_weight=0.9487028632263126, subsample=1.279131059412867; total time=   0.0s
[CV] END colsample_bytree=0.7300733288106989, gamma=0.36480308916903204, learning_rate=0.13751149427104264, max_depth=5, min_child_weight=3, n_estimators=10000, reg_alpha=0.4722149251619493, reg_lambda=0.8587827378149051, scale_pos_weight=0.9487028632263126, subsample=1.279131059412867; total time=   0.0s
[CV] END colsample_bytree=0.7300733288106989, gamma=0.36480308916903204, learning_rate=0.13751149427104264, max_depth=5, min_child_weight=3, n_estimators=10000, reg_alpha=0.4722149251619493, reg_lambda=0.8587827378149051, scale_pos_weight=0.9487028632263126, subsample=1.279131059412867; total time=   0.0s
[CV] END colsample_bytree=0.6923575302488596, gamma=0.12051273301300586, learning_rate=0.14665270376509165, max_depth=6, min_child_weight=8, n_estimators=10000, reg_alpha=0.034388521115218396, reg_lambda=3.2279612062363463, scale_pos_weight=0.9487028632263126, subsample=0.7457888702304498; total time=   2.4s
[CV] END colsample_bytree=0.6923575302488596, gamma=0.12051273301300586, learning_rate=0.14665270376509165, max_depth=6, min_child_weight=8, n_estimators=10000, reg_alpha=0.034388521115218396, reg_lambda=3.2279612062363463, scale_pos_weight=0.9487028632263126, subsample=0.7457888702304498; total time=   2.4s
[CV] END colsample_bytree=0.6923575302488596, gamma=0.12051273301300586, learning_rate=0.14665270376509165, max_depth=6, min_child_weight=8, n_estimators=10000, reg_alpha=0.034388521115218396, reg_lambda=3.2279612062363463, scale_pos_weight=0.9487028632263126, subsample=0.7457888702304498; total time=   2.4s
[CV] END colsample_bytree=0.6923575302488596, gamma=0.12051273301300586, learning_rate=0.14665270376509165, max_depth=6, min_child_weight=8, n_estimators=10000, reg_alpha=0.034388521115218396, reg_lambda=3.2279612062363463, scale_pos_weight=0.9487028632263126, subsample=0.7457888702304498; total time=   2.3s
[CV] END colsample_bytree=0.6923575302488596, gamma=0.12051273301300586, learning_rate=0.14665270376509165, max_depth=6, min_child_weight=8, n_estimators=10000, reg_alpha=0.034388521115218396, reg_lambda=3.2279612062363463, scale_pos_weight=0.9487028632263126, subsample=0.7457888702304498; total time=   2.3s
[CV] END colsample_bytree=0.8590760482165449, gamma=0.0002601884976579094, learning_rate=0.0805137712668338, max_depth=5, min_child_weight=7, n_estimators=10000, reg_alpha=0.16465585314294173, reg_lambda=2.102268258126326, scale_pos_weight=0.9487028632263126, subsample=0.7776862483765842; total time=   4.1s
[CV] END colsample_bytree=0.8590760482165449, gamma=0.0002601884976579094, learning_rate=0.0805137712668338, max_depth=5, min_child_weight=7, n_estimators=10000, reg_alpha=0.16465585314294173, reg_lambda=2.102268258126326, scale_pos_weight=0.9487028632263126, subsample=0.7776862483765842; total time=   4.0s
[CV] END colsample_bytree=0.8590760482165449, gamma=0.0002601884976579094, learning_rate=0.0805137712668338, max_depth=5, min_child_weight=7, n_estimators=10000, reg_alpha=0.16465585314294173, reg_lambda=2.102268258126326, scale_pos_weight=0.9487028632263126, subsample=0.7776862483765842; total time=   4.0s
[CV] END colsample_bytree=0.8590760482165449, gamma=0.0002601884976579094, learning_rate=0.0805137712668338, max_depth=5, min_child_weight=7, n_estimators=10000, reg_alpha=0.16465585314294173, reg_lambda=2.102268258126326, scale_pos_weight=0.9487028632263126, subsample=0.7776862483765842; total time=   4.0s
[CV] END colsample_bytree=0.8590760482165449, gamma=0.0002601884976579094, learning_rate=0.0805137712668338, max_depth=5, min_child_weight=7, n_estimators=10000, reg_alpha=0.16465585314294173, reg_lambda=2.102268258126326, scale_pos_weight=0.9487028632263126, subsample=0.7776862483765842; total time=   4.0s
[CV] END colsample_bytree=0.6733618039413735, gamma=0.15212112147976886, learning_rate=0.11495128632644756, max_depth=6, min_child_weight=9, n_estimators=10000, reg_alpha=0.2912291401980419, reg_lambda=2.3355586841671383, scale_pos_weight=0.9487028632263126, subsample=0.6373325305708923; total time=   2.7s
[CV] END colsample_bytree=0.6733618039413735, gamma=0.15212112147976886, learning_rate=0.11495128632644756, max_depth=6, min_child_weight=9, n_estimators=10000, reg_alpha=0.2912291401980419, reg_lambda=2.3355586841671383, scale_pos_weight=0.9487028632263126, subsample=0.6373325305708923; total time=   2.7s
[CV] END colsample_bytree=0.6733618039413735, gamma=0.15212112147976886, learning_rate=0.11495128632644756, max_depth=6, min_child_weight=9, n_estimators=10000, reg_alpha=0.2912291401980419, reg_lambda=2.3355586841671383, scale_pos_weight=0.9487028632263126, subsample=0.6373325305708923; total time=   2.7s
[CV] END colsample_bytree=0.6733618039413735, gamma=0.15212112147976886, learning_rate=0.11495128632644756, max_depth=6, min_child_weight=9, n_estimators=10000, reg_alpha=0.2912291401980419, reg_lambda=2.3355586841671383, scale_pos_weight=0.9487028632263126, subsample=0.6373325305708923; total time=   2.6s
[CV] END colsample_bytree=0.6733618039413735, gamma=0.15212112147976886, learning_rate=0.11495128632644756, max_depth=6, min_child_weight=9, n_estimators=10000, reg_alpha=0.2912291401980419, reg_lambda=2.3355586841671383, scale_pos_weight=0.9487028632263126, subsample=0.6373325305708923; total time=   2.6s
[CV] END colsample_bytree=0.7480634801021777, gamma=0.007728308264433714, learning_rate=0.1956637125175451, max_depth=3, min_child_weight=5, n_estimators=10000, reg_alpha=0.5722924691708383, reg_lambda=3.440994751148137, scale_pos_weight=0.9487028632263126, subsample=0.8355591136556686; total time=   2.8s
[CV] END colsample_bytree=0.7480634801021777, gamma=0.007728308264433714, learning_rate=0.1956637125175451, max_depth=3, min_child_weight=5, n_estimators=10000, reg_alpha=0.5722924691708383, reg_lambda=3.440994751148137, scale_pos_weight=0.9487028632263126, subsample=0.8355591136556686; total time=   2.9s
[CV] END colsample_bytree=0.7480634801021777, gamma=0.007728308264433714, learning_rate=0.1956637125175451, max_depth=3, min_child_weight=5, n_estimators=10000, reg_alpha=0.5722924691708383, reg_lambda=3.440994751148137, scale_pos_weight=0.9487028632263126, subsample=0.8355591136556686; total time=   2.8s
[CV] END colsample_bytree=0.7480634801021777, gamma=0.007728308264433714, learning_rate=0.1956637125175451, max_depth=3, min_child_weight=5, n_estimators=10000, reg_alpha=0.5722924691708383, reg_lambda=3.440994751148137, scale_pos_weight=0.9487028632263126, subsample=0.8355591136556686; total time=   2.8s
[CV] END colsample_bytree=0.7480634801021777, gamma=0.007728308264433714, learning_rate=0.1956637125175451, max_depth=3, min_child_weight=5, n_estimators=10000, reg_alpha=0.5722924691708383, reg_lambda=3.440994751148137, scale_pos_weight=0.9487028632263126, subsample=0.8355591136556686; total time=   2.8s
[CV] END colsample_bytree=0.8886918084659492, gamma=0.11799245987447787, learning_rate=0.0612136645522648, max_depth=5, min_child_weight=9, n_estimators=10000, reg_alpha=0.7106628896857874, reg_lambda=0.832672462435494, scale_pos_weight=0.9487028632263126, subsample=0.6863131415946435; total time=   3.6s
[CV] END colsample_bytree=0.8886918084659492, gamma=0.11799245987447787, learning_rate=0.0612136645522648, max_depth=5, min_child_weight=9, n_estimators=10000, reg_alpha=0.7106628896857874, reg_lambda=0.832672462435494, scale_pos_weight=0.9487028632263126, subsample=0.6863131415946435; total time=   3.5s
[CV] END colsample_bytree=0.8886918084659492, gamma=0.11799245987447787, learning_rate=0.0612136645522648, max_depth=5, min_child_weight=9, n_estimators=10000, reg_alpha=0.7106628896857874, reg_lambda=0.832672462435494, scale_pos_weight=0.9487028632263126, subsample=0.6863131415946435; total time=   3.4s
[CV] END colsample_bytree=0.8886918084659492, gamma=0.11799245987447787, learning_rate=0.0612136645522648, max_depth=5, min_child_weight=9, n_estimators=10000, reg_alpha=0.7106628896857874, reg_lambda=0.832672462435494, scale_pos_weight=0.9487028632263126, subsample=0.6863131415946435; total time=   3.4s
[CV] END colsample_bytree=0.8886918084659492, gamma=0.11799245987447787, learning_rate=0.0612136645522648, max_depth=5, min_child_weight=9, n_estimators=10000, reg_alpha=0.7106628896857874, reg_lambda=0.832672462435494, scale_pos_weight=0.9487028632263126, subsample=0.6863131415946435; total time=   3.4s
[CV] END colsample_bytree=0.743796460487902, gamma=0.14679592213224668, learning_rate=0.17187223109570274, max_depth=5, min_child_weight=2, n_estimators=10000, reg_alpha=0.8670723185801037, reg_lambda=3.239721657669414, scale_pos_weight=0.9487028632263126, subsample=0.6041478902191894; total time=   2.2s
[CV] END colsample_bytree=0.743796460487902, gamma=0.14679592213224668, learning_rate=0.17187223109570274, max_depth=5, min_child_weight=2, n_estimators=10000, reg_alpha=0.8670723185801037, reg_lambda=3.239721657669414, scale_pos_weight=0.9487028632263126, subsample=0.6041478902191894; total time=   2.2s
[CV] END colsample_bytree=0.743796460487902, gamma=0.14679592213224668, learning_rate=0.17187223109570274, max_depth=5, min_child_weight=2, n_estimators=10000, reg_alpha=0.8670723185801037, reg_lambda=3.239721657669414, scale_pos_weight=0.9487028632263126, subsample=0.6041478902191894; total time=   2.1s
[CV] END colsample_bytree=0.743796460487902, gamma=0.14679592213224668, learning_rate=0.17187223109570274, max_depth=5, min_child_weight=2, n_estimators=10000, reg_alpha=0.8670723185801037, reg_lambda=3.239721657669414, scale_pos_weight=0.9487028632263126, subsample=0.6041478902191894; total time=   2.1s
[CV] END colsample_bytree=0.743796460487902, gamma=0.14679592213224668, learning_rate=0.17187223109570274, max_depth=5, min_child_weight=2, n_estimators=10000, reg_alpha=0.8670723185801037, reg_lambda=3.239721657669414, scale_pos_weight=0.9487028632263126, subsample=0.6041478902191894; total time=   2.1s
[CV] END colsample_bytree=0.8688104541180797, gamma=0.16407633373736596, learning_rate=0.04100832334554884, max_depth=8, min_child_weight=6, n_estimators=10000, reg_alpha=0.5908332605690108, reg_lambda=0.5915007498171483, scale_pos_weight=0.9487028632263126, subsample=0.6310677875435385; total time=   3.6s
[CV] END colsample_bytree=0.8688104541180797, gamma=0.16407633373736596, learning_rate=0.04100832334554884, max_depth=8, min_child_weight=6, n_estimators=10000, reg_alpha=0.5908332605690108, reg_lambda=0.5915007498171483, scale_pos_weight=0.9487028632263126, subsample=0.6310677875435385; total time=   3.6s
[CV] END colsample_bytree=0.8688104541180797, gamma=0.16407633373736596, learning_rate=0.04100832334554884, max_depth=8, min_child_weight=6, n_estimators=10000, reg_alpha=0.5908332605690108, reg_lambda=0.5915007498171483, scale_pos_weight=0.9487028632263126, subsample=0.6310677875435385; total time=   3.5s
[CV] END colsample_bytree=0.8688104541180797, gamma=0.16407633373736596, learning_rate=0.04100832334554884, max_depth=8, min_child_weight=6, n_estimators=10000, reg_alpha=0.5908332605690108, reg_lambda=0.5915007498171483, scale_pos_weight=0.9487028632263126, subsample=0.6310677875435385; total time=   3.5s
[CV] END colsample_bytree=0.8688104541180797, gamma=0.16407633373736596, learning_rate=0.04100832334554884, max_depth=8, min_child_weight=6, n_estimators=10000, reg_alpha=0.5908332605690108, reg_lambda=0.5915007498171483, scale_pos_weight=0.9487028632263126, subsample=0.6310677875435385; total time=   3.5s
[CV] END colsample_bytree=0.9594216754108317, gamma=0.30321452982979497, learning_rate=0.01183941032332593, max_depth=8, min_child_weight=9, n_estimators=10000, reg_alpha=0.6635017691080558, reg_lambda=0.5151847515386561, scale_pos_weight=0.9487028632263126, subsample=0.8442910882755148; total time=   4.9s
[CV] END colsample_bytree=0.9594216754108317, gamma=0.30321452982979497, learning_rate=0.01183941032332593, max_depth=8, min_child_weight=9, n_estimators=10000, reg_alpha=0.6635017691080558, reg_lambda=0.5151847515386561, scale_pos_weight=0.9487028632263126, subsample=0.8442910882755148; total time=   4.9s
[CV] END colsample_bytree=0.9594216754108317, gamma=0.30321452982979497, learning_rate=0.01183941032332593, max_depth=8, min_child_weight=9, n_estimators=10000, reg_alpha=0.6635017691080558, reg_lambda=0.5151847515386561, scale_pos_weight=0.9487028632263126, subsample=0.8442910882755148; total time=   4.8s
[CV] END colsample_bytree=0.9594216754108317, gamma=0.30321452982979497, learning_rate=0.01183941032332593, max_depth=8, min_child_weight=9, n_estimators=10000, reg_alpha=0.6635017691080558, reg_lambda=0.5151847515386561, scale_pos_weight=0.9487028632263126, subsample=0.8442910882755148; total time=   4.8s
[CV] END colsample_bytree=0.9594216754108317, gamma=0.30321452982979497, learning_rate=0.01183941032332593, max_depth=8, min_child_weight=9, n_estimators=10000, reg_alpha=0.6635017691080558, reg_lambda=0.5151847515386561, scale_pos_weight=0.9487028632263126, subsample=0.8442910882755148; total time=   4.8s
[CV] END colsample_bytree=0.7334834444556088, gamma=0.07143340896097039, learning_rate=0.14017769458977059, max_depth=7, min_child_weight=2, n_estimators=10000, reg_alpha=0.7219987722668247, reg_lambda=3.3156581270472505, scale_pos_weight=0.9487028632263126, subsample=0.7454599737656805; total time=   2.3s
[CV] END colsample_bytree=0.7334834444556088, gamma=0.07143340896097039, learning_rate=0.14017769458977059, max_depth=7, min_child_weight=2, n_estimators=10000, reg_alpha=0.7219987722668247, reg_lambda=3.3156581270472505, scale_pos_weight=0.9487028632263126, subsample=0.7454599737656805; total time=   2.3s
[CV] END colsample_bytree=0.7334834444556088, gamma=0.07143340896097039, learning_rate=0.14017769458977059, max_depth=7, min_child_weight=2, n_estimators=10000, reg_alpha=0.7219987722668247, reg_lambda=3.3156581270472505, scale_pos_weight=0.9487028632263126, subsample=0.7454599737656805; total time=   2.2s
[CV] END colsample_bytree=0.7334834444556088, gamma=0.07143340896097039, learning_rate=0.14017769458977059, max_depth=7, min_child_weight=2, n_estimators=10000, reg_alpha=0.7219987722668247, reg_lambda=3.3156581270472505, scale_pos_weight=0.9487028632263126, subsample=0.7454599737656805; total time=   2.2s
[CV] END colsample_bytree=0.7334834444556088, gamma=0.07143340896097039, learning_rate=0.14017769458977059, max_depth=7, min_child_weight=2, n_estimators=10000, reg_alpha=0.7219987722668247, reg_lambda=3.3156581270472505, scale_pos_weight=0.9487028632263126, subsample=0.7454599737656805; total time=   2.2s
[CV] END colsample_bytree=0.7734082950322968, gamma=0.3720213214995577, learning_rate=0.06017210546933224, max_depth=4, min_child_weight=5, n_estimators=10000, reg_alpha=0.08087296661719767, reg_lambda=1.7849434248203233, scale_pos_weight=0.9487028632263126, subsample=0.9271623555314159; total time=   1.9s
[CV] END colsample_bytree=0.7734082950322968, gamma=0.3720213214995577, learning_rate=0.06017210546933224, max_depth=4, min_child_weight=5, n_estimators=10000, reg_alpha=0.08087296661719767, reg_lambda=1.7849434248203233, scale_pos_weight=0.9487028632263126, subsample=0.9271623555314159; total time=   2.0s
[CV] END colsample_bytree=0.7734082950322968, gamma=0.3720213214995577, learning_rate=0.06017210546933224, max_depth=4, min_child_weight=5, n_estimators=10000, reg_alpha=0.08087296661719767, reg_lambda=1.7849434248203233, scale_pos_weight=0.9487028632263126, subsample=0.9271623555314159; total time=   1.9s
[CV] END colsample_bytree=0.7734082950322968, gamma=0.3720213214995577, learning_rate=0.06017210546933224, max_depth=4, min_child_weight=5, n_estimators=10000, reg_alpha=0.08087296661719767, reg_lambda=1.7849434248203233, scale_pos_weight=0.9487028632263126, subsample=0.9271623555314159; total time=   1.9s
[CV] END colsample_bytree=0.7734082950322968, gamma=0.3720213214995577, learning_rate=0.06017210546933224, max_depth=4, min_child_weight=5, n_estimators=10000, reg_alpha=0.08087296661719767, reg_lambda=1.7849434248203233, scale_pos_weight=0.9487028632263126, subsample=0.9271623555314159; total time=   1.9s
[CV] END colsample_bytree=0.8511577659794545, gamma=0.09713697675602112, learning_rate=0.024188183399985533, max_depth=8, min_child_weight=3, n_estimators=10000, reg_alpha=0.3379951568515358, reg_lambda=1.6267488579198321, scale_pos_weight=0.9487028632263126, subsample=0.9507792984144696; total time=   3.1s
[CV] END colsample_bytree=0.8511577659794545, gamma=0.09713697675602112, learning_rate=0.024188183399985533, max_depth=8, min_child_weight=3, n_estimators=10000, reg_alpha=0.3379951568515358, reg_lambda=1.6267488579198321, scale_pos_weight=0.9487028632263126, subsample=0.9507792984144696; total time=   3.0s
[CV] END colsample_bytree=0.8511577659794545, gamma=0.09713697675602112, learning_rate=0.024188183399985533, max_depth=8, min_child_weight=3, n_estimators=10000, reg_alpha=0.3379951568515358, reg_lambda=1.6267488579198321, scale_pos_weight=0.9487028632263126, subsample=0.9507792984144696; total time=   3.0s
[CV] END colsample_bytree=0.8511577659794545, gamma=0.09713697675602112, learning_rate=0.024188183399985533, max_depth=8, min_child_weight=3, n_estimators=10000, reg_alpha=0.3379951568515358, reg_lambda=1.6267488579198321, scale_pos_weight=0.9487028632263126, subsample=0.9507792984144696; total time=   3.0s
[CV] END colsample_bytree=0.8511577659794545, gamma=0.09713697675602112, learning_rate=0.024188183399985533, max_depth=8, min_child_weight=3, n_estimators=10000, reg_alpha=0.3379951568515358, reg_lambda=1.6267488579198321, scale_pos_weight=0.9487028632263126, subsample=0.9507792984144696; total time=   3.0s
[CV] END colsample_bytree=0.6205915004999957, gamma=0.13932323211830572, learning_rate=0.19165317719333075, max_depth=5, min_child_weight=2, n_estimators=10000, reg_alpha=0.5309345833171364, reg_lambda=1.843349493719275, scale_pos_weight=0.9487028632263126, subsample=0.7936442172092003; total time=   1.8s
[CV] END colsample_bytree=0.6205915004999957, gamma=0.13932323211830572, learning_rate=0.19165317719333075, max_depth=5, min_child_weight=2, n_estimators=10000, reg_alpha=0.5309345833171364, reg_lambda=1.843349493719275, scale_pos_weight=0.9487028632263126, subsample=0.7936442172092003; total time=   1.8s
[CV] END colsample_bytree=0.6205915004999957, gamma=0.13932323211830572, learning_rate=0.19165317719333075, max_depth=5, min_child_weight=2, n_estimators=10000, reg_alpha=0.5309345833171364, reg_lambda=1.843349493719275, scale_pos_weight=0.9487028632263126, subsample=0.7936442172092003; total time=   1.8s
[CV] END colsample_bytree=0.6205915004999957, gamma=0.13932323211830572, learning_rate=0.19165317719333075, max_depth=5, min_child_weight=2, n_estimators=10000, reg_alpha=0.5309345833171364, reg_lambda=1.843349493719275, scale_pos_weight=0.9487028632263126, subsample=0.7936442172092003; total time=   1.8s
[CV] END colsample_bytree=0.6205915004999957, gamma=0.13932323211830572, learning_rate=0.19165317719333075, max_depth=5, min_child_weight=2, n_estimators=10000, reg_alpha=0.5309345833171364, reg_lambda=1.843349493719275, scale_pos_weight=0.9487028632263126, subsample=0.7936442172092003; total time=   1.7s
[CV] END colsample_bytree=0.8688542189623514, gamma=0.3808098076643588, learning_rate=0.05752750879847994, max_depth=9, min_child_weight=6, n_estimators=10000, reg_alpha=0.3677831327192532, reg_lambda=2.3969174917807385, scale_pos_weight=0.9487028632263126, subsample=0.9190595539556424; total time=   1.9s
[CV] END colsample_bytree=0.8688542189623514, gamma=0.3808098076643588, learning_rate=0.05752750879847994, max_depth=9, min_child_weight=6, n_estimators=10000, reg_alpha=0.3677831327192532, reg_lambda=2.3969174917807385, scale_pos_weight=0.9487028632263126, subsample=0.9190595539556424; total time=   1.9s
[CV] END colsample_bytree=0.8688542189623514, gamma=0.3808098076643588, learning_rate=0.05752750879847994, max_depth=9, min_child_weight=6, n_estimators=10000, reg_alpha=0.3677831327192532, reg_lambda=2.3969174917807385, scale_pos_weight=0.9487028632263126, subsample=0.9190595539556424; total time=   1.9s
[CV] END colsample_bytree=0.8688542189623514, gamma=0.3808098076643588, learning_rate=0.05752750879847994, max_depth=9, min_child_weight=6, n_estimators=10000, reg_alpha=0.3677831327192532, reg_lambda=2.3969174917807385, scale_pos_weight=0.9487028632263126, subsample=0.9190595539556424; total time=   1.9s
[CV] END colsample_bytree=0.8688542189623514, gamma=0.3808098076643588, learning_rate=0.05752750879847994, max_depth=9, min_child_weight=6, n_estimators=10000, reg_alpha=0.3677831327192532, reg_lambda=2.3969174917807385, scale_pos_weight=0.9487028632263126, subsample=0.9190595539556424; total time=   1.9s
----------
iter: 2
n_candidates: 5
n_resources: 23184
Fitting 5 folds for each of 5 candidates, totalling 25 fits
[CV] END colsample_bytree=0.7734082950322968, gamma=0.3720213214995577, learning_rate=0.06017210546933224, max_depth=4, min_child_weight=5, n_estimators=10000, reg_alpha=0.08087296661719767, reg_lambda=1.7849434248203233, scale_pos_weight=0.9487028632263126, subsample=0.9271623555314159; total time=   3.8s
[CV] END colsample_bytree=0.7734082950322968, gamma=0.3720213214995577, learning_rate=0.06017210546933224, max_depth=4, min_child_weight=5, n_estimators=10000, reg_alpha=0.08087296661719767, reg_lambda=1.7849434248203233, scale_pos_weight=0.9487028632263126, subsample=0.9271623555314159; total time=   3.8s
[CV] END colsample_bytree=0.7734082950322968, gamma=0.3720213214995577, learning_rate=0.06017210546933224, max_depth=4, min_child_weight=5, n_estimators=10000, reg_alpha=0.08087296661719767, reg_lambda=1.7849434248203233, scale_pos_weight=0.9487028632263126, subsample=0.9271623555314159; total time=   3.7s
[CV] END colsample_bytree=0.7734082950322968, gamma=0.3720213214995577, learning_rate=0.06017210546933224, max_depth=4, min_child_weight=5, n_estimators=10000, reg_alpha=0.08087296661719767, reg_lambda=1.7849434248203233, scale_pos_weight=0.9487028632263126, subsample=0.9271623555314159; total time=   3.7s
[CV] END colsample_bytree=0.7734082950322968, gamma=0.3720213214995577, learning_rate=0.06017210546933224, max_depth=4, min_child_weight=5, n_estimators=10000, reg_alpha=0.08087296661719767, reg_lambda=1.7849434248203233, scale_pos_weight=0.9487028632263126, subsample=0.9271623555314159; total time=   3.7s
[CV] END colsample_bytree=0.9594216754108317, gamma=0.30321452982979497, learning_rate=0.01183941032332593, max_depth=8, min_child_weight=9, n_estimators=10000, reg_alpha=0.6635017691080558, reg_lambda=0.5151847515386561, scale_pos_weight=0.9487028632263126, subsample=0.8442910882755148; total time=   9.3s
[CV] END colsample_bytree=0.9594216754108317, gamma=0.30321452982979497, learning_rate=0.01183941032332593, max_depth=8, min_child_weight=9, n_estimators=10000, reg_alpha=0.6635017691080558, reg_lambda=0.5151847515386561, scale_pos_weight=0.9487028632263126, subsample=0.8442910882755148; total time=   9.1s
[CV] END colsample_bytree=0.9594216754108317, gamma=0.30321452982979497, learning_rate=0.01183941032332593, max_depth=8, min_child_weight=9, n_estimators=10000, reg_alpha=0.6635017691080558, reg_lambda=0.5151847515386561, scale_pos_weight=0.9487028632263126, subsample=0.8442910882755148; total time=   9.0s
[CV] END colsample_bytree=0.9594216754108317, gamma=0.30321452982979497, learning_rate=0.01183941032332593, max_depth=8, min_child_weight=9, n_estimators=10000, reg_alpha=0.6635017691080558, reg_lambda=0.5151847515386561, scale_pos_weight=0.9487028632263126, subsample=0.8442910882755148; total time=   9.0s
[CV] END colsample_bytree=0.9594216754108317, gamma=0.30321452982979497, learning_rate=0.01183941032332593, max_depth=8, min_child_weight=9, n_estimators=10000, reg_alpha=0.6635017691080558, reg_lambda=0.5151847515386561, scale_pos_weight=0.9487028632263126, subsample=0.8442910882755148; total time=   9.1s
[CV] END colsample_bytree=0.7334834444556088, gamma=0.07143340896097039, learning_rate=0.14017769458977059, max_depth=7, min_child_weight=2, n_estimators=10000, reg_alpha=0.7219987722668247, reg_lambda=3.3156581270472505, scale_pos_weight=0.9487028632263126, subsample=0.7454599737656805; total time=   4.7s
[CV] END colsample_bytree=0.7334834444556088, gamma=0.07143340896097039, learning_rate=0.14017769458977059, max_depth=7, min_child_weight=2, n_estimators=10000, reg_alpha=0.7219987722668247, reg_lambda=3.3156581270472505, scale_pos_weight=0.9487028632263126, subsample=0.7454599737656805; total time=   4.7s
[CV] END colsample_bytree=0.7334834444556088, gamma=0.07143340896097039, learning_rate=0.14017769458977059, max_depth=7, min_child_weight=2, n_estimators=10000, reg_alpha=0.7219987722668247, reg_lambda=3.3156581270472505, scale_pos_weight=0.9487028632263126, subsample=0.7454599737656805; total time=   4.6s
[CV] END colsample_bytree=0.7334834444556088, gamma=0.07143340896097039, learning_rate=0.14017769458977059, max_depth=7, min_child_weight=2, n_estimators=10000, reg_alpha=0.7219987722668247, reg_lambda=3.3156581270472505, scale_pos_weight=0.9487028632263126, subsample=0.7454599737656805; total time=   4.6s
[CV] END colsample_bytree=0.7334834444556088, gamma=0.07143340896097039, learning_rate=0.14017769458977059, max_depth=7, min_child_weight=2, n_estimators=10000, reg_alpha=0.7219987722668247, reg_lambda=3.3156581270472505, scale_pos_weight=0.9487028632263126, subsample=0.7454599737656805; total time=   4.7s
[CV] END colsample_bytree=0.8688542189623514, gamma=0.3808098076643588, learning_rate=0.05752750879847994, max_depth=9, min_child_weight=6, n_estimators=10000, reg_alpha=0.3677831327192532, reg_lambda=2.3969174917807385, scale_pos_weight=0.9487028632263126, subsample=0.9190595539556424; total time=   3.3s
[CV] END colsample_bytree=0.8688542189623514, gamma=0.3808098076643588, learning_rate=0.05752750879847994, max_depth=9, min_child_weight=6, n_estimators=10000, reg_alpha=0.3677831327192532, reg_lambda=2.3969174917807385, scale_pos_weight=0.9487028632263126, subsample=0.9190595539556424; total time=   3.3s
[CV] END colsample_bytree=0.8688542189623514, gamma=0.3808098076643588, learning_rate=0.05752750879847994, max_depth=9, min_child_weight=6, n_estimators=10000, reg_alpha=0.3677831327192532, reg_lambda=2.3969174917807385, scale_pos_weight=0.9487028632263126, subsample=0.9190595539556424; total time=   3.3s
[CV] END colsample_bytree=0.8688542189623514, gamma=0.3808098076643588, learning_rate=0.05752750879847994, max_depth=9, min_child_weight=6, n_estimators=10000, reg_alpha=0.3677831327192532, reg_lambda=2.3969174917807385, scale_pos_weight=0.9487028632263126, subsample=0.9190595539556424; total time=   3.3s
[CV] END colsample_bytree=0.8688542189623514, gamma=0.3808098076643588, learning_rate=0.05752750879847994, max_depth=9, min_child_weight=6, n_estimators=10000, reg_alpha=0.3677831327192532, reg_lambda=2.3969174917807385, scale_pos_weight=0.9487028632263126, subsample=0.9190595539556424; total time=   3.3s
[CV] END colsample_bytree=0.8511577659794545, gamma=0.09713697675602112, learning_rate=0.024188183399985533, max_depth=8, min_child_weight=3, n_estimators=10000, reg_alpha=0.3379951568515358, reg_lambda=1.6267488579198321, scale_pos_weight=0.9487028632263126, subsample=0.9507792984144696; total time=   6.0s
[CV] END colsample_bytree=0.8511577659794545, gamma=0.09713697675602112, learning_rate=0.024188183399985533, max_depth=8, min_child_weight=3, n_estimators=10000, reg_alpha=0.3379951568515358, reg_lambda=1.6267488579198321, scale_pos_weight=0.9487028632263126, subsample=0.9507792984144696; total time=   5.9s
[CV] END colsample_bytree=0.8511577659794545, gamma=0.09713697675602112, learning_rate=0.024188183399985533, max_depth=8, min_child_weight=3, n_estimators=10000, reg_alpha=0.3379951568515358, reg_lambda=1.6267488579198321, scale_pos_weight=0.9487028632263126, subsample=0.9507792984144696; total time=   5.8s
[CV] END colsample_bytree=0.8511577659794545, gamma=0.09713697675602112, learning_rate=0.024188183399985533, max_depth=8, min_child_weight=3, n_estimators=10000, reg_alpha=0.3379951568515358, reg_lambda=1.6267488579198321, scale_pos_weight=0.9487028632263126, subsample=0.9507792984144696; total time=   5.8s
[CV] END colsample_bytree=0.8511577659794545, gamma=0.09713697675602112, learning_rate=0.024188183399985533, max_depth=8, min_child_weight=3, n_estimators=10000, reg_alpha=0.3379951568515358, reg_lambda=1.6267488579198321, scale_pos_weight=0.9487028632263126, subsample=0.9507792984144696; total time=   5.9s
----------
iter: 3
n_candidates: 2
n_resources: 69552
Fitting 5 folds for each of 2 candidates, totalling 10 fits
[CV] END colsample_bytree=0.8688542189623514, gamma=0.3808098076643588, learning_rate=0.05752750879847994, max_depth=9, min_child_weight=6, n_estimators=10000, reg_alpha=0.3677831327192532, reg_lambda=2.3969174917807385, scale_pos_weight=0.9487028632263126, subsample=0.9190595539556424; total time=   7.6s
[CV] END colsample_bytree=0.8688542189623514, gamma=0.3808098076643588, learning_rate=0.05752750879847994, max_depth=9, min_child_weight=6, n_estimators=10000, reg_alpha=0.3677831327192532, reg_lambda=2.3969174917807385, scale_pos_weight=0.9487028632263126, subsample=0.9190595539556424; total time=   7.5s
[CV] END colsample_bytree=0.8688542189623514, gamma=0.3808098076643588, learning_rate=0.05752750879847994, max_depth=9, min_child_weight=6, n_estimators=10000, reg_alpha=0.3677831327192532, reg_lambda=2.3969174917807385, scale_pos_weight=0.9487028632263126, subsample=0.9190595539556424; total time=   7.6s
[CV] END colsample_bytree=0.8688542189623514, gamma=0.3808098076643588, learning_rate=0.05752750879847994, max_depth=9, min_child_weight=6, n_estimators=10000, reg_alpha=0.3677831327192532, reg_lambda=2.3969174917807385, scale_pos_weight=0.9487028632263126, subsample=0.9190595539556424; total time=   7.6s
[CV] END colsample_bytree=0.8688542189623514, gamma=0.3808098076643588, learning_rate=0.05752750879847994, max_depth=9, min_child_weight=6, n_estimators=10000, reg_alpha=0.3677831327192532, reg_lambda=2.3969174917807385, scale_pos_weight=0.9487028632263126, subsample=0.9190595539556424; total time=   7.3s
[CV] END colsample_bytree=0.8511577659794545, gamma=0.09713697675602112, learning_rate=0.024188183399985533, max_depth=8, min_child_weight=3, n_estimators=10000, reg_alpha=0.3379951568515358, reg_lambda=1.6267488579198321, scale_pos_weight=0.9487028632263126, subsample=0.9507792984144696; total time=  14.0s
[CV] END colsample_bytree=0.8511577659794545, gamma=0.09713697675602112, learning_rate=0.024188183399985533, max_depth=8, min_child_weight=3, n_estimators=10000, reg_alpha=0.3379951568515358, reg_lambda=1.6267488579198321, scale_pos_weight=0.9487028632263126, subsample=0.9507792984144696; total time=  14.1s
[CV] END colsample_bytree=0.8511577659794545, gamma=0.09713697675602112, learning_rate=0.024188183399985533, max_depth=8, min_child_weight=3, n_estimators=10000, reg_alpha=0.3379951568515358, reg_lambda=1.6267488579198321, scale_pos_weight=0.9487028632263126, subsample=0.9507792984144696; total time=  14.0s
[CV] END colsample_bytree=0.8511577659794545, gamma=0.09713697675602112, learning_rate=0.024188183399985533, max_depth=8, min_child_weight=3, n_estimators=10000, reg_alpha=0.3379951568515358, reg_lambda=1.6267488579198321, scale_pos_weight=0.9487028632263126, subsample=0.9507792984144696; total time=  14.0s
[CV] END colsample_bytree=0.8511577659794545, gamma=0.09713697675602112, learning_rate=0.024188183399985533, max_depth=8, min_child_weight=3, n_estimators=10000, reg_alpha=0.3379951568515358, reg_lambda=1.6267488579198321, scale_pos_weight=0.9487028632263126, subsample=0.9507792984144696; total time=  13.9s

Best F1-macro (CV on train): 0.9458

======================================================================
Threshold tuning on validation set 
======================================================================
  Best F1-macro   threshold (val): 0.60  : f1_macro=0.9106  recall_anom=0.8844
  Best F1-anomaly threshold (val): 0.45
  Best Youden     threshold (val): 0.50
  Best recall≥90  threshold (val): 0.45

======================================================================
Evaluation on TEST  (threshold=0.60 from val)
======================================================================

BASELINE  (test, threshold=0.5)
======================================================================
              precision    recall  f1-score   support

        Good     0.8754    0.8993    0.8872      5728
         Bad     0.9099    0.8883    0.8990      6562

    accuracy                         0.8934     12290
   macro avg     0.8927    0.8938    0.8931     12290
weighted avg     0.8938    0.8934    0.8935     12290


OPTIMIZED  (test, threshold=0.60 tuned on val, scoring=f1_macro)
======================================================================
              precision    recall  f1-score   support

        Good     0.8586    0.9248    0.8905      5728
         Bad     0.9296    0.8671    0.8973      6562

    accuracy                         0.8940     12290
   macro avg     0.8941    0.8959    0.8939     12290
weighted avg     0.8965    0.8940    0.8941     12290


======================================================================
Saving artifacts
======================================================================
  - Model
  - Plot bundle
  - Test results parquet
  - Threshold info
  - Best params JSON
  - HP search CSV
  - Threshold CSV
  - Classification report
  - MLflow model log

######################################################################
#  OCEANO: Pacific
######################################################################
  Train : 204,308 profiles | 57.99% anomalous
  Val   : 56,640   profiles | 72.52% anomalous
  Test  : 36,629  profiles | 84.88% anomalous
  Features: 24  →  ['TEMP_max', 'TEMP_min', 'TEMP_mean', 'TEMP_std', 'TEMP_range', 'TEMP_max_grad', 'TEMP_mean_grad', 'TEMP_grad_std', 'PSAL_max', 'PSAL_min', 'PSAL_mean', 'PSAL_std', 'PSAL_range', 'PSAL_max_grad', 'PSAL_mean_grad', 'PSAL_grad_std', 'PRES_max', 'PRES_min', 'PRES_mean', 'PRES_std', 'PRES_range', 'PRES_max_grad', 'PRES_mean_grad', 'PRES_grad_std']
  Imbalance ratio (scale_pos_weight): 0.72

Using experiment 'XGBoost_Pacific_2021_2025_TemporalSplit' (id=57)

======================================================================
Baseline XGBoost (200 trees, default threshold 0.5)
======================================================================
  Baseline ROC-AUC (test) : 0.9428
  Baseline F1-macro (test): 0.8792

======================================================================
HalvingRandomSearchCV — scoring=f1_macro  (CV en train only)
======================================================================

Starting hyperparameter search...
n_iterations: 4
n_required_iterations: 4
n_possible_iterations: 4
min_resources_: 7566
max_resources_: 204308
aggressive_elimination: False
factor: 3
----------
iter: 0
n_candidates: 40
n_resources: 7566
Fitting 5 folds for each of 40 candidates, totalling 200 fits
[CV] END colsample_bytree=0.749816047538945, gamma=0.4753571532049581, learning_rate=0.15639878836228102, max_depth=7, min_child_weight=5, n_estimators=10000, reg_alpha=0.15601864044243652, reg_lambda=0.9679835610086079, scale_pos_weight=<scipy.stats._distn_infrastructure.rv_continuous_frozen object at 0x7f9851ef9310>, subsample=0.9673991135726937; total time=   0.0s
[CV] END colsample_bytree=0.749816047538945, gamma=0.4753571532049581, learning_rate=0.15639878836228102, max_depth=7, min_child_weight=5, n_estimators=10000, reg_alpha=0.15601864044243652, reg_lambda=0.9679835610086079, scale_pos_weight=<scipy.stats._distn_infrastructure.rv_continuous_frozen object at 0x7f9851ef9310>, subsample=0.9673991135726937; total time=   0.0s
[CV] END colsample_bytree=0.749816047538945, gamma=0.4753571532049581, learning_rate=0.15639878836228102, max_depth=7, min_child_weight=5, n_estimators=10000, reg_alpha=0.15601864044243652, reg_lambda=0.9679835610086079, scale_pos_weight=<scipy.stats._distn_infrastructure.rv_continuous_frozen object at 0x7f9851ef9310>, subsample=0.9673991135726937; total time=   0.0s
[CV] END colsample_bytree=0.749816047538945, gamma=0.4753571532049581, learning_rate=0.15639878836228102, max_depth=7, min_child_weight=5, n_estimators=10000, reg_alpha=0.15601864044243652, reg_lambda=0.9679835610086079, scale_pos_weight=<scipy.stats._distn_infrastructure.rv_continuous_frozen object at 0x7f9851ef9310>, subsample=0.9673991135726937; total time=   0.0s
[CV] END colsample_bytree=0.749816047538945, gamma=0.4753571532049581, learning_rate=0.15639878836228102, max_depth=7, min_child_weight=5, n_estimators=10000, reg_alpha=0.15601864044243652, reg_lambda=0.9679835610086079, scale_pos_weight=<scipy.stats._distn_infrastructure.rv_continuous_frozen object at 0x7f9851ef9310>, subsample=0.9673991135726937; total time=   0.0s
[CV] END colsample_bytree=0.7334834444556088, gamma=0.07143340896097039, learning_rate=0.14017769458977059, max_depth=7, min_child_weight=2, n_estimators=10000, reg_alpha=0.7219987722668247, reg_lambda=3.3156581270472505, scale_pos_weight=0.7243218608105599, subsample=0.7454599737656805; total time=   2.2s
[CV] END colsample_bytree=0.7334834444556088, gamma=0.07143340896097039, learning_rate=0.14017769458977059, max_depth=7, min_child_weight=2, n_estimators=10000, reg_alpha=0.7219987722668247, reg_lambda=3.3156581270472505, scale_pos_weight=0.7243218608105599, subsample=0.7454599737656805; total time=   2.2s
[CV] END colsample_bytree=0.7334834444556088, gamma=0.07143340896097039, learning_rate=0.14017769458977059, max_depth=7, min_child_weight=2, n_estimators=10000, reg_alpha=0.7219987722668247, reg_lambda=3.3156581270472505, scale_pos_weight=0.7243218608105599, subsample=0.7454599737656805; total time=   2.3s
[CV] END colsample_bytree=0.7334834444556088, gamma=0.07143340896097039, learning_rate=0.14017769458977059, max_depth=7, min_child_weight=2, n_estimators=10000, reg_alpha=0.7219987722668247, reg_lambda=3.3156581270472505, scale_pos_weight=0.7243218608105599, subsample=0.7454599737656805; total time=   2.2s
[CV] END colsample_bytree=0.7334834444556088, gamma=0.07143340896097039, learning_rate=0.14017769458977059, max_depth=7, min_child_weight=2, n_estimators=10000, reg_alpha=0.7219987722668247, reg_lambda=3.3156581270472505, scale_pos_weight=0.7243218608105599, subsample=0.7454599737656805; total time=   2.2s
[CV] END colsample_bytree=0.6733618039413735, gamma=0.15212112147976886, learning_rate=0.11495128632644756, max_depth=6, min_child_weight=9, n_estimators=10000, reg_alpha=0.2912291401980419, reg_lambda=2.3355586841671383, scale_pos_weight=0.7243218608105599, subsample=0.6373325305708923; total time=   2.7s
[CV] END colsample_bytree=0.6733618039413735, gamma=0.15212112147976886, learning_rate=0.11495128632644756, max_depth=6, min_child_weight=9, n_estimators=10000, reg_alpha=0.2912291401980419, reg_lambda=2.3355586841671383, scale_pos_weight=0.7243218608105599, subsample=0.6373325305708923; total time=   2.7s
[CV] END colsample_bytree=0.6733618039413735, gamma=0.15212112147976886, learning_rate=0.11495128632644756, max_depth=6, min_child_weight=9, n_estimators=10000, reg_alpha=0.2912291401980419, reg_lambda=2.3355586841671383, scale_pos_weight=0.7243218608105599, subsample=0.6373325305708923; total time=   2.7s
[CV] END colsample_bytree=0.6733618039413735, gamma=0.15212112147976886, learning_rate=0.11495128632644756, max_depth=6, min_child_weight=9, n_estimators=10000, reg_alpha=0.2912291401980419, reg_lambda=2.3355586841671383, scale_pos_weight=0.7243218608105599, subsample=0.6373325305708923; total time=   2.7s
[CV] END colsample_bytree=0.6733618039413735, gamma=0.15212112147976886, learning_rate=0.11495128632644756, max_depth=6, min_child_weight=9, n_estimators=10000, reg_alpha=0.2912291401980419, reg_lambda=2.3355586841671383, scale_pos_weight=0.7243218608105599, subsample=0.6373325305708923; total time=   2.7s
[CV] END colsample_bytree=0.9895022075365837, gamma=0.11638567021515211, learning_rate=0.02812128690656416, max_depth=8, min_child_weight=3, n_estimators=10000, reg_alpha=0.38246199126716274, reg_lambda=3.4496926574203646, scale_pos_weight=<scipy.stats._distn_infrastructure.rv_continuous_frozen object at 0x7f9851ef9310>, subsample=0.6371603301759982; total time=   0.0s
[CV] END colsample_bytree=0.9895022075365837, gamma=0.11638567021515211, learning_rate=0.02812128690656416, max_depth=8, min_child_weight=3, n_estimators=10000, reg_alpha=0.38246199126716274, reg_lambda=3.4496926574203646, scale_pos_weight=<scipy.stats._distn_infrastructure.rv_continuous_frozen object at 0x7f9851ef9310>, subsample=0.6371603301759982; total time=   0.0s
[CV] END colsample_bytree=0.9895022075365837, gamma=0.11638567021515211, learning_rate=0.02812128690656416, max_depth=8, min_child_weight=3, n_estimators=10000, reg_alpha=0.38246199126716274, reg_lambda=3.4496926574203646, scale_pos_weight=<scipy.stats._distn_infrastructure.rv_continuous_frozen object at 0x7f9851ef9310>, subsample=0.6371603301759982; total time=   0.0s
[CV] END colsample_bytree=0.9895022075365837, gamma=0.11638567021515211, learning_rate=0.02812128690656416, max_depth=8, min_child_weight=3, n_estimators=10000, reg_alpha=0.38246199126716274, reg_lambda=3.4496926574203646, scale_pos_weight=<scipy.stats._distn_infrastructure.rv_continuous_frozen object at 0x7f9851ef9310>, subsample=0.6371603301759982; total time=   0.0s
[CV] END colsample_bytree=0.9895022075365837, gamma=0.11638567021515211, learning_rate=0.02812128690656416, max_depth=8, min_child_weight=3, n_estimators=10000, reg_alpha=0.38246199126716274, reg_lambda=3.4496926574203646, scale_pos_weight=<scipy.stats._distn_infrastructure.rv_continuous_frozen object at 0x7f9851ef9310>, subsample=0.6371603301759982; total time=   0.0s
[CV] END colsample_bytree=0.8430179407605753, gamma=0.08526206184364576, learning_rate=0.023010318597055907, max_depth=6, min_child_weight=9, n_estimators=10000, reg_alpha=0.9656320330745594, reg_lambda=2.9251920443493833, scale_pos_weight=<scipy.stats._distn_infrastructure.rv_continuous_frozen object at 0x7f9851ef9310>, subsample=0.6127730017761713; total time=   0.0s
[CV] END colsample_bytree=0.8430179407605753, gamma=0.08526206184364576, learning_rate=0.023010318597055907, max_depth=6, min_child_weight=9, n_estimators=10000, reg_alpha=0.9656320330745594, reg_lambda=2.9251920443493833, scale_pos_weight=<scipy.stats._distn_infrastructure.rv_continuous_frozen object at 0x7f9851ef9310>, subsample=0.6127730017761713; total time=   0.0s
[CV] END colsample_bytree=0.8430179407605753, gamma=0.08526206184364576, learning_rate=0.023010318597055907, max_depth=6, min_child_weight=9, n_estimators=10000, reg_alpha=0.9656320330745594, reg_lambda=2.9251920443493833, scale_pos_weight=<scipy.stats._distn_infrastructure.rv_continuous_frozen object at 0x7f9851ef9310>, subsample=0.6127730017761713; total time=   0.0s
[CV] END colsample_bytree=0.8430179407605753, gamma=0.08526206184364576, learning_rate=0.023010318597055907, max_depth=6, min_child_weight=9, n_estimators=10000, reg_alpha=0.9656320330745594, reg_lambda=2.9251920443493833, scale_pos_weight=<scipy.stats._distn_infrastructure.rv_continuous_frozen object at 0x7f9851ef9310>, subsample=0.6127730017761713; total time=   0.0s
[CV] END colsample_bytree=0.8430179407605753, gamma=0.08526206184364576, learning_rate=0.023010318597055907, max_depth=6, min_child_weight=9, n_estimators=10000, reg_alpha=0.9656320330745594, reg_lambda=2.9251920443493833, scale_pos_weight=<scipy.stats._distn_infrastructure.rv_continuous_frozen object at 0x7f9851ef9310>, subsample=0.6127730017761713; total time=   0.0s
[CV] END colsample_bytree=0.6923575302488596, gamma=0.12051273301300586, learning_rate=0.14665270376509165, max_depth=6, min_child_weight=8, n_estimators=10000, reg_alpha=0.034388521115218396, reg_lambda=3.2279612062363463, scale_pos_weight=0.7243218608105599, subsample=0.7457888702304498; total time=   2.3s
[CV] END colsample_bytree=0.6923575302488596, gamma=0.12051273301300586, learning_rate=0.14665270376509165, max_depth=6, min_child_weight=8, n_estimators=10000, reg_alpha=0.034388521115218396, reg_lambda=3.2279612062363463, scale_pos_weight=0.7243218608105599, subsample=0.7457888702304498; total time=   2.4s
[CV] END colsample_bytree=0.6923575302488596, gamma=0.12051273301300586, learning_rate=0.14665270376509165, max_depth=6, min_child_weight=8, n_estimators=10000, reg_alpha=0.034388521115218396, reg_lambda=3.2279612062363463, scale_pos_weight=0.7243218608105599, subsample=0.7457888702304498; total time=   2.4s
[CV] END colsample_bytree=0.6923575302488596, gamma=0.12051273301300586, learning_rate=0.14665270376509165, max_depth=6, min_child_weight=8, n_estimators=10000, reg_alpha=0.034388521115218396, reg_lambda=3.2279612062363463, scale_pos_weight=0.7243218608105599, subsample=0.7457888702304498; total time=   2.4s
[CV] END colsample_bytree=0.6923575302488596, gamma=0.12051273301300586, learning_rate=0.14665270376509165, max_depth=6, min_child_weight=8, n_estimators=10000, reg_alpha=0.034388521115218396, reg_lambda=3.2279612062363463, scale_pos_weight=0.7243218608105599, subsample=0.7457888702304498; total time=   2.4s
[CV] END colsample_bytree=0.902144564127061, gamma=0.21257793724562235, learning_rate=0.05158833257363777, max_depth=6, min_child_weight=6, n_estimators=10000, reg_alpha=0.03131329245555858, reg_lambda=3.0268543237849954, scale_pos_weight=0.7243218608105599, subsample=1.3515991532513514; total time=   0.0s
[CV] END colsample_bytree=0.902144564127061, gamma=0.21257793724562235, learning_rate=0.05158833257363777, max_depth=6, min_child_weight=6, n_estimators=10000, reg_alpha=0.03131329245555858, reg_lambda=3.0268543237849954, scale_pos_weight=0.7243218608105599, subsample=1.3515991532513514; total time=   0.0s
[CV] END colsample_bytree=0.902144564127061, gamma=0.21257793724562235, learning_rate=0.05158833257363777, max_depth=6, min_child_weight=6, n_estimators=10000, reg_alpha=0.03131329245555858, reg_lambda=3.0268543237849954, scale_pos_weight=0.7243218608105599, subsample=1.3515991532513514; total time=   0.0s
[CV] END colsample_bytree=0.902144564127061, gamma=0.21257793724562235, learning_rate=0.05158833257363777, max_depth=6, min_child_weight=6, n_estimators=10000, reg_alpha=0.03131329245555858, reg_lambda=3.0268543237849954, scale_pos_weight=0.7243218608105599, subsample=1.3515991532513514; total time=   0.0s
[CV] END colsample_bytree=0.902144564127061, gamma=0.21257793724562235, learning_rate=0.05158833257363777, max_depth=6, min_child_weight=6, n_estimators=10000, reg_alpha=0.03131329245555858, reg_lambda=3.0268543237849954, scale_pos_weight=0.7243218608105599, subsample=1.3515991532513514; total time=   0.0s
[CV] END colsample_bytree=0.9579309401710595, gamma=0.29894998940554257, learning_rate=0.19437484700462337, max_depth=8, min_child_weight=7, n_estimators=10000, reg_alpha=0.5208342600258237, reg_lambda=3.3835160730480474, scale_pos_weight=<scipy.stats._distn_infrastructure.rv_continuous_frozen object at 0x7f9851ef9310>, subsample=0.9109418317515856; total time=   0.0s
[CV] END colsample_bytree=0.9579309401710595, gamma=0.29894998940554257, learning_rate=0.19437484700462337, max_depth=8, min_child_weight=7, n_estimators=10000, reg_alpha=0.5208342600258237, reg_lambda=3.3835160730480474, scale_pos_weight=<scipy.stats._distn_infrastructure.rv_continuous_frozen object at 0x7f9851ef9310>, subsample=0.9109418317515856; total time=   0.0s
[CV] END colsample_bytree=0.9579309401710595, gamma=0.29894998940554257, learning_rate=0.19437484700462337, max_depth=8, min_child_weight=7, n_estimators=10000, reg_alpha=0.5208342600258237, reg_lambda=3.3835160730480474, scale_pos_weight=<scipy.stats._distn_infrastructure.rv_continuous_frozen object at 0x7f9851ef9310>, subsample=0.9109418317515856; total time=   0.0s
[CV] END colsample_bytree=0.9579309401710595, gamma=0.29894998940554257, learning_rate=0.19437484700462337, max_depth=8, min_child_weight=7, n_estimators=10000, reg_alpha=0.5208342600258237, reg_lambda=3.3835160730480474, scale_pos_weight=<scipy.stats._distn_infrastructure.rv_continuous_frozen object at 0x7f9851ef9310>, subsample=0.9109418317515856; total time=   0.0s
[CV] END colsample_bytree=0.9579309401710595, gamma=0.29894998940554257, learning_rate=0.19437484700462337, max_depth=8, min_child_weight=7, n_estimators=10000, reg_alpha=0.5208342600258237, reg_lambda=3.3835160730480474, scale_pos_weight=<scipy.stats._distn_infrastructure.rv_continuous_frozen object at 0x7f9851ef9310>, subsample=0.9109418317515856; total time=   0.0s
[CV] END colsample_bytree=0.7085396127095583, gamma=0.41436875457596467, learning_rate=0.08135066533871785, max_depth=6, min_child_weight=9, n_estimators=10000, reg_alpha=0.2962735057040824, reg_lambda=0.9958008171890075, scale_pos_weight=<scipy.stats._distn_infrastructure.rv_continuous_frozen object at 0x7f9851ef9310>, subsample=1.389509549280414; total time=   0.0s
[CV] END colsample_bytree=0.7085396127095583, gamma=0.41436875457596467, learning_rate=0.08135066533871785, max_depth=6, min_child_weight=9, n_estimators=10000, reg_alpha=0.2962735057040824, reg_lambda=0.9958008171890075, scale_pos_weight=<scipy.stats._distn_infrastructure.rv_continuous_frozen object at 0x7f9851ef9310>, subsample=1.389509549280414; total time=   0.0s
[CV] END colsample_bytree=0.7085396127095583, gamma=0.41436875457596467, learning_rate=0.08135066533871785, max_depth=6, min_child_weight=9, n_estimators=10000, reg_alpha=0.2962735057040824, reg_lambda=0.9958008171890075, scale_pos_weight=<scipy.stats._distn_infrastructure.rv_continuous_frozen object at 0x7f9851ef9310>, subsample=1.389509549280414; total time=   0.0s
[CV] END colsample_bytree=0.7085396127095583, gamma=0.41436875457596467, learning_rate=0.08135066533871785, max_depth=6, min_child_weight=9, n_estimators=10000, reg_alpha=0.2962735057040824, reg_lambda=0.9958008171890075, scale_pos_weight=<scipy.stats._distn_infrastructure.rv_continuous_frozen object at 0x7f9851ef9310>, subsample=1.389509549280414; total time=   0.0s
[CV] END colsample_bytree=0.7085396127095583, gamma=0.41436875457596467, learning_rate=0.08135066533871785, max_depth=6, min_child_weight=9, n_estimators=10000, reg_alpha=0.2962735057040824, reg_lambda=0.9958008171890075, scale_pos_weight=<scipy.stats._distn_infrastructure.rv_continuous_frozen object at 0x7f9851ef9310>, subsample=1.389509549280414; total time=   0.0s
[CV] END colsample_bytree=0.908897907718663, gamma=0.0993578407670862, learning_rate=0.01110442342472048, max_depth=5, min_child_weight=3, n_estimators=10000, reg_alpha=0.7068573438476171, reg_lambda=2.6870215041229617, scale_pos_weight=<scipy.stats._distn_infrastructure.rv_continuous_frozen object at 0x7f9851ef9310>, subsample=1.084767979824809; total time=   0.0s
[CV] END colsample_bytree=0.908897907718663, gamma=0.0993578407670862, learning_rate=0.01110442342472048, max_depth=5, min_child_weight=3, n_estimators=10000, reg_alpha=0.7068573438476171, reg_lambda=2.6870215041229617, scale_pos_weight=<scipy.stats._distn_infrastructure.rv_continuous_frozen object at 0x7f9851ef9310>, subsample=1.084767979824809; total time=   0.0s
[CV] END colsample_bytree=0.908897907718663, gamma=0.0993578407670862, learning_rate=0.01110442342472048, max_depth=5, min_child_weight=3, n_estimators=10000, reg_alpha=0.7068573438476171, reg_lambda=2.6870215041229617, scale_pos_weight=<scipy.stats._distn_infrastructure.rv_continuous_frozen object at 0x7f9851ef9310>, subsample=1.084767979824809; total time=   0.0s
[CV] END colsample_bytree=0.908897907718663, gamma=0.0993578407670862, learning_rate=0.01110442342472048, max_depth=5, min_child_weight=3, n_estimators=10000, reg_alpha=0.7068573438476171, reg_lambda=2.6870215041229617, scale_pos_weight=<scipy.stats._distn_infrastructure.rv_continuous_frozen object at 0x7f9851ef9310>, subsample=1.084767979824809; total time=   0.0s
[CV] END colsample_bytree=0.908897907718663, gamma=0.0993578407670862, learning_rate=0.01110442342472048, max_depth=5, min_child_weight=3, n_estimators=10000, reg_alpha=0.7068573438476171, reg_lambda=2.6870215041229617, scale_pos_weight=<scipy.stats._distn_infrastructure.rv_continuous_frozen object at 0x7f9851ef9310>, subsample=1.084767979824809; total time=   0.0s
[CV] END colsample_bytree=0.9705203514053395, gamma=0.32553851275097223, learning_rate=0.19299193510875617, max_depth=3, min_child_weight=8, n_estimators=10000, reg_alpha=0.4494506741382034, reg_lambda=0.7862303494712339, scale_pos_weight=<scipy.stats._distn_infrastructure.rv_continuous_frozen object at 0x7f9851ef9310>, subsample=0.8487858573725298; total time=   0.0s
[CV] END colsample_bytree=0.9705203514053395, gamma=0.32553851275097223, learning_rate=0.19299193510875617, max_depth=3, min_child_weight=8, n_estimators=10000, reg_alpha=0.4494506741382034, reg_lambda=0.7862303494712339, scale_pos_weight=<scipy.stats._distn_infrastructure.rv_continuous_frozen object at 0x7f9851ef9310>, subsample=0.8487858573725298; total time=   0.0s
[CV] END colsample_bytree=0.9705203514053395, gamma=0.32553851275097223, learning_rate=0.19299193510875617, max_depth=3, min_child_weight=8, n_estimators=10000, reg_alpha=0.4494506741382034, reg_lambda=0.7862303494712339, scale_pos_weight=<scipy.stats._distn_infrastructure.rv_continuous_frozen object at 0x7f9851ef9310>, subsample=0.8487858573725298; total time=   0.0s
[CV] END colsample_bytree=0.9705203514053395, gamma=0.32553851275097223, learning_rate=0.19299193510875617, max_depth=3, min_child_weight=8, n_estimators=10000, reg_alpha=0.4494506741382034, reg_lambda=0.7862303494712339, scale_pos_weight=<scipy.stats._distn_infrastructure.rv_continuous_frozen object at 0x7f9851ef9310>, subsample=0.8487858573725298; total time=   0.0s
[CV] END colsample_bytree=0.9705203514053395, gamma=0.32553851275097223, learning_rate=0.19299193510875617, max_depth=3, min_child_weight=8, n_estimators=10000, reg_alpha=0.4494506741382034, reg_lambda=0.7862303494712339, scale_pos_weight=<scipy.stats._distn_infrastructure.rv_continuous_frozen object at 0x7f9851ef9310>, subsample=0.8487858573725298; total time=   0.0s
[CV] END colsample_bytree=0.7300733288106989, gamma=0.36480308916903204, learning_rate=0.13751149427104264, max_depth=5, min_child_weight=3, n_estimators=10000, reg_alpha=0.4722149251619493, reg_lambda=0.8587827378149051, scale_pos_weight=0.7243218608105599, subsample=1.279131059412867; total time=   0.0s
[CV] END colsample_bytree=0.7300733288106989, gamma=0.36480308916903204, learning_rate=0.13751149427104264, max_depth=5, min_child_weight=3, n_estimators=10000, reg_alpha=0.4722149251619493, reg_lambda=0.8587827378149051, scale_pos_weight=0.7243218608105599, subsample=1.279131059412867; total time=   0.0s
[CV] END colsample_bytree=0.7300733288106989, gamma=0.36480308916903204, learning_rate=0.13751149427104264, max_depth=5, min_child_weight=3, n_estimators=10000, reg_alpha=0.4722149251619493, reg_lambda=0.8587827378149051, scale_pos_weight=0.7243218608105599, subsample=1.279131059412867; total time=   0.0s
[CV] END colsample_bytree=0.7300733288106989, gamma=0.36480308916903204, learning_rate=0.13751149427104264, max_depth=5, min_child_weight=3, n_estimators=10000, reg_alpha=0.4722149251619493, reg_lambda=0.8587827378149051, scale_pos_weight=0.7243218608105599, subsample=1.279131059412867; total time=   0.0s
[CV] END colsample_bytree=0.7300733288106989, gamma=0.36480308916903204, learning_rate=0.13751149427104264, max_depth=5, min_child_weight=3, n_estimators=10000, reg_alpha=0.4722149251619493, reg_lambda=0.8587827378149051, scale_pos_weight=0.7243218608105599, subsample=1.279131059412867; total time=   0.0s
[CV] END colsample_bytree=0.8886918084659492, gamma=0.11799245987447787, learning_rate=0.0612136645522648, max_depth=5, min_child_weight=9, n_estimators=10000, reg_alpha=0.7106628896857874, reg_lambda=0.832672462435494, scale_pos_weight=0.7243218608105599, subsample=0.6863131415946435; total time=   3.5s
[CV] END colsample_bytree=0.8886918084659492, gamma=0.11799245987447787, learning_rate=0.0612136645522648, max_depth=5, min_child_weight=9, n_estimators=10000, reg_alpha=0.7106628896857874, reg_lambda=0.832672462435494, scale_pos_weight=0.7243218608105599, subsample=0.6863131415946435; total time=   3.5s
[CV] END colsample_bytree=0.8886918084659492, gamma=0.11799245987447787, learning_rate=0.0612136645522648, max_depth=5, min_child_weight=9, n_estimators=10000, reg_alpha=0.7106628896857874, reg_lambda=0.832672462435494, scale_pos_weight=0.7243218608105599, subsample=0.6863131415946435; total time=   3.5s
[CV] END colsample_bytree=0.8886918084659492, gamma=0.11799245987447787, learning_rate=0.0612136645522648, max_depth=5, min_child_weight=9, n_estimators=10000, reg_alpha=0.7106628896857874, reg_lambda=0.832672462435494, scale_pos_weight=0.7243218608105599, subsample=0.6863131415946435; total time=   3.5s
[CV] END colsample_bytree=0.8886918084659492, gamma=0.11799245987447787, learning_rate=0.0612136645522648, max_depth=5, min_child_weight=9, n_estimators=10000, reg_alpha=0.7106628896857874, reg_lambda=0.832672462435494, scale_pos_weight=0.7243218608105599, subsample=0.6863131415946435; total time=   3.5s
[CV] END colsample_bytree=0.6125716742746937, gamma=0.3182052056318902, learning_rate=0.07287119621526533, max_depth=6, min_child_weight=5, n_estimators=10000, reg_alpha=0.24929222914887494, reg_lambda=1.7311487691068892, scale_pos_weight=<scipy.stats._distn_infrastructure.rv_continuous_frozen object at 0x7f9851ef9310>, subsample=0.7624489797878156; total time=   0.0s
[CV] END colsample_bytree=0.6125716742746937, gamma=0.3182052056318902, learning_rate=0.07287119621526533, max_depth=6, min_child_weight=5, n_estimators=10000, reg_alpha=0.24929222914887494, reg_lambda=1.7311487691068892, scale_pos_weight=<scipy.stats._distn_infrastructure.rv_continuous_frozen object at 0x7f9851ef9310>, subsample=0.7624489797878156; total time=   0.0s
[CV] END colsample_bytree=0.6125716742746937, gamma=0.3182052056318902, learning_rate=0.07287119621526533, max_depth=6, min_child_weight=5, n_estimators=10000, reg_alpha=0.24929222914887494, reg_lambda=1.7311487691068892, scale_pos_weight=<scipy.stats._distn_infrastructure.rv_continuous_frozen object at 0x7f9851ef9310>, subsample=0.7624489797878156; total time=   0.0s
[CV] END colsample_bytree=0.6125716742746937, gamma=0.3182052056318902, learning_rate=0.07287119621526533, max_depth=6, min_child_weight=5, n_estimators=10000, reg_alpha=0.24929222914887494, reg_lambda=1.7311487691068892, scale_pos_weight=<scipy.stats._distn_infrastructure.rv_continuous_frozen object at 0x7f9851ef9310>, subsample=0.7624489797878156; total time=   0.0s
[CV] END colsample_bytree=0.6125716742746937, gamma=0.3182052056318902, learning_rate=0.07287119621526533, max_depth=6, min_child_weight=5, n_estimators=10000, reg_alpha=0.24929222914887494, reg_lambda=1.7311487691068892, scale_pos_weight=<scipy.stats._distn_infrastructure.rv_continuous_frozen object at 0x7f9851ef9310>, subsample=0.7624489797878156; total time=   0.0s
[CV] END colsample_bytree=0.9771414282231924, gamma=0.299432733244268, learning_rate=0.14895698660794093, max_depth=6, min_child_weight=2, n_estimators=10000, reg_alpha=0.6243540481337932, reg_lambda=1.386901057513142, scale_pos_weight=<scipy.stats._distn_infrastructure.rv_continuous_frozen object at 0x7f9851ef9310>, subsample=1.2971684721501742; total time=   0.0s
[CV] END colsample_bytree=0.9771414282231924, gamma=0.299432733244268, learning_rate=0.14895698660794093, max_depth=6, min_child_weight=2, n_estimators=10000, reg_alpha=0.6243540481337932, reg_lambda=1.386901057513142, scale_pos_weight=<scipy.stats._distn_infrastructure.rv_continuous_frozen object at 0x7f9851ef9310>, subsample=1.2971684721501742; total time=   0.0s
[CV] END colsample_bytree=0.9771414282231924, gamma=0.299432733244268, learning_rate=0.14895698660794093, max_depth=6, min_child_weight=2, n_estimators=10000, reg_alpha=0.6243540481337932, reg_lambda=1.386901057513142, scale_pos_weight=<scipy.stats._distn_infrastructure.rv_continuous_frozen object at 0x7f9851ef9310>, subsample=1.2971684721501742; total time=   0.0s
[CV] END colsample_bytree=0.9771414282231924, gamma=0.299432733244268, learning_rate=0.14895698660794093, max_depth=6, min_child_weight=2, n_estimators=10000, reg_alpha=0.6243540481337932, reg_lambda=1.386901057513142, scale_pos_weight=<scipy.stats._distn_infrastructure.rv_continuous_frozen object at 0x7f9851ef9310>, subsample=1.2971684721501742; total time=   0.0s
[CV] END colsample_bytree=0.9771414282231924, gamma=0.299432733244268, learning_rate=0.14895698660794093, max_depth=6, min_child_weight=2, n_estimators=10000, reg_alpha=0.6243540481337932, reg_lambda=1.386901057513142, scale_pos_weight=<scipy.stats._distn_infrastructure.rv_continuous_frozen object at 0x7f9851ef9310>, subsample=1.2971684721501742; total time=   0.0s
[CV] END colsample_bytree=0.9214688307596458, gamma=0.09328502944301792, learning_rate=0.18851179969799559, max_depth=5, min_child_weight=7, n_estimators=10000, reg_alpha=0.8960912999234932, reg_lambda=1.4540104249155916, scale_pos_weight=<scipy.stats._distn_infrastructure.rv_continuous_frozen object at 0x7f9851ef9310>, subsample=0.8177057995077083; total time=   0.0s
[CV] END colsample_bytree=0.9214688307596458, gamma=0.09328502944301792, learning_rate=0.18851179969799559, max_depth=5, min_child_weight=7, n_estimators=10000, reg_alpha=0.8960912999234932, reg_lambda=1.4540104249155916, scale_pos_weight=<scipy.stats._distn_infrastructure.rv_continuous_frozen object at 0x7f9851ef9310>, subsample=0.8177057995077083; total time=   0.0s
[CV] END colsample_bytree=0.9214688307596458, gamma=0.09328502944301792, learning_rate=0.18851179969799559, max_depth=5, min_child_weight=7, n_estimators=10000, reg_alpha=0.8960912999234932, reg_lambda=1.4540104249155916, scale_pos_weight=<scipy.stats._distn_infrastructure.rv_continuous_frozen object at 0x7f9851ef9310>, subsample=0.8177057995077083; total time=   0.0s
[CV] END colsample_bytree=0.9214688307596458, gamma=0.09328502944301792, learning_rate=0.18851179969799559, max_depth=5, min_child_weight=7, n_estimators=10000, reg_alpha=0.8960912999234932, reg_lambda=1.4540104249155916, scale_pos_weight=<scipy.stats._distn_infrastructure.rv_continuous_frozen object at 0x7f9851ef9310>, subsample=0.8177057995077083; total time=   0.0s
[CV] END colsample_bytree=0.9214688307596458, gamma=0.09328502944301792, learning_rate=0.18851179969799559, max_depth=5, min_child_weight=7, n_estimators=10000, reg_alpha=0.8960912999234932, reg_lambda=1.4540104249155916, scale_pos_weight=<scipy.stats._distn_infrastructure.rv_continuous_frozen object at 0x7f9851ef9310>, subsample=0.8177057995077083; total time=   0.0s
[CV] END colsample_bytree=0.8590760482165449, gamma=0.0002601884976579094, learning_rate=0.0805137712668338, max_depth=5, min_child_weight=7, n_estimators=10000, reg_alpha=0.16465585314294173, reg_lambda=2.102268258126326, scale_pos_weight=0.7243218608105599, subsample=0.7776862483765842; total time=   3.9s
[CV] END colsample_bytree=0.8590760482165449, gamma=0.0002601884976579094, learning_rate=0.0805137712668338, max_depth=5, min_child_weight=7, n_estimators=10000, reg_alpha=0.16465585314294173, reg_lambda=2.102268258126326, scale_pos_weight=0.7243218608105599, subsample=0.7776862483765842; total time=   4.0s
[CV] END colsample_bytree=0.8590760482165449, gamma=0.0002601884976579094, learning_rate=0.0805137712668338, max_depth=5, min_child_weight=7, n_estimators=10000, reg_alpha=0.16465585314294173, reg_lambda=2.102268258126326, scale_pos_weight=0.7243218608105599, subsample=0.7776862483765842; total time=   4.0s
[CV] END colsample_bytree=0.8590760482165449, gamma=0.0002601884976579094, learning_rate=0.0805137712668338, max_depth=5, min_child_weight=7, n_estimators=10000, reg_alpha=0.16465585314294173, reg_lambda=2.102268258126326, scale_pos_weight=0.7243218608105599, subsample=0.7776862483765842; total time=   4.0s
[CV] END colsample_bytree=0.8590760482165449, gamma=0.0002601884976579094, learning_rate=0.0805137712668338, max_depth=5, min_child_weight=7, n_estimators=10000, reg_alpha=0.16465585314294173, reg_lambda=2.102268258126326, scale_pos_weight=0.7243218608105599, subsample=0.7776862483765842; total time=   4.0s
[CV] END colsample_bytree=0.6479461469334731, gamma=0.16880758570181398, learning_rate=0.19858194078250385, max_depth=8, min_child_weight=8, n_estimators=10000, reg_alpha=0.7030189588951778, reg_lambda=1.590888807137882, scale_pos_weight=<scipy.stats._distn_infrastructure.rv_continuous_frozen object at 0x7f9851ef9310>, subsample=0.8031323311474757; total time=   0.0s
[CV] END colsample_bytree=0.6479461469334731, gamma=0.16880758570181398, learning_rate=0.19858194078250385, max_depth=8, min_child_weight=8, n_estimators=10000, reg_alpha=0.7030189588951778, reg_lambda=1.590888807137882, scale_pos_weight=<scipy.stats._distn_infrastructure.rv_continuous_frozen object at 0x7f9851ef9310>, subsample=0.8031323311474757; total time=   0.0s
[CV] END colsample_bytree=0.6479461469334731, gamma=0.16880758570181398, learning_rate=0.19858194078250385, max_depth=8, min_child_weight=8, n_estimators=10000, reg_alpha=0.7030189588951778, reg_lambda=1.590888807137882, scale_pos_weight=<scipy.stats._distn_infrastructure.rv_continuous_frozen object at 0x7f9851ef9310>, subsample=0.8031323311474757; total time=   0.0s
[CV] END colsample_bytree=0.6479461469334731, gamma=0.16880758570181398, learning_rate=0.19858194078250385, max_depth=8, min_child_weight=8, n_estimators=10000, reg_alpha=0.7030189588951778, reg_lambda=1.590888807137882, scale_pos_weight=<scipy.stats._distn_infrastructure.rv_continuous_frozen object at 0x7f9851ef9310>, subsample=0.8031323311474757; total time=   0.0s
[CV] END colsample_bytree=0.6479461469334731, gamma=0.16880758570181398, learning_rate=0.19858194078250385, max_depth=8, min_child_weight=8, n_estimators=10000, reg_alpha=0.7030189588951778, reg_lambda=1.590888807137882, scale_pos_weight=<scipy.stats._distn_infrastructure.rv_continuous_frozen object at 0x7f9851ef9310>, subsample=0.8031323311474757; total time=   0.0s
[CV] END colsample_bytree=0.6987504251354405, gamma=0.3481521364198942, learning_rate=0.15245411798488842, max_depth=7, min_child_weight=1, n_estimators=10000, reg_alpha=0.9977404850489419, reg_lambda=1.3003430428258551, scale_pos_weight=0.7243218608105599, subsample=1.0021432185830892; total time=   0.0s
[CV] END colsample_bytree=0.6987504251354405, gamma=0.3481521364198942, learning_rate=0.15245411798488842, max_depth=7, min_child_weight=1, n_estimators=10000, reg_alpha=0.9977404850489419, reg_lambda=1.3003430428258551, scale_pos_weight=0.7243218608105599, subsample=1.0021432185830892; total time=   0.0s
[CV] END colsample_bytree=0.6987504251354405, gamma=0.3481521364198942, learning_rate=0.15245411798488842, max_depth=7, min_child_weight=1, n_estimators=10000, reg_alpha=0.9977404850489419, reg_lambda=1.3003430428258551, scale_pos_weight=0.7243218608105599, subsample=1.0021432185830892; total time=   0.0s
[CV] END colsample_bytree=0.6987504251354405, gamma=0.3481521364198942, learning_rate=0.15245411798488842, max_depth=7, min_child_weight=1, n_estimators=10000, reg_alpha=0.9977404850489419, reg_lambda=1.3003430428258551, scale_pos_weight=0.7243218608105599, subsample=1.0021432185830892; total time=   0.0s
[CV] END colsample_bytree=0.6987504251354405, gamma=0.3481521364198942, learning_rate=0.15245411798488842, max_depth=7, min_child_weight=1, n_estimators=10000, reg_alpha=0.9977404850489419, reg_lambda=1.3003430428258551, scale_pos_weight=0.7243218608105599, subsample=1.0021432185830892; total time=   0.0s
[CV] END colsample_bytree=0.6205915004999957, gamma=0.13932323211830572, learning_rate=0.19165317719333075, max_depth=5, min_child_weight=2, n_estimators=10000, reg_alpha=0.5309345833171364, reg_lambda=1.843349493719275, scale_pos_weight=0.7243218608105599, subsample=0.7936442172092003; total time=   1.8s
[CV] END colsample_bytree=0.6205915004999957, gamma=0.13932323211830572, learning_rate=0.19165317719333075, max_depth=5, min_child_weight=2, n_estimators=10000, reg_alpha=0.5309345833171364, reg_lambda=1.843349493719275, scale_pos_weight=0.7243218608105599, subsample=0.7936442172092003; total time=   1.8s
[CV] END colsample_bytree=0.6205915004999957, gamma=0.13932323211830572, learning_rate=0.19165317719333075, max_depth=5, min_child_weight=2, n_estimators=10000, reg_alpha=0.5309345833171364, reg_lambda=1.843349493719275, scale_pos_weight=0.7243218608105599, subsample=0.7936442172092003; total time=   1.8s
[CV] END colsample_bytree=0.6205915004999957, gamma=0.13932323211830572, learning_rate=0.19165317719333075, max_depth=5, min_child_weight=2, n_estimators=10000, reg_alpha=0.5309345833171364, reg_lambda=1.843349493719275, scale_pos_weight=0.7243218608105599, subsample=0.7936442172092003; total time=   1.7s
[CV] END colsample_bytree=0.6205915004999957, gamma=0.13932323211830572, learning_rate=0.19165317719333075, max_depth=5, min_child_weight=2, n_estimators=10000, reg_alpha=0.5309345833171364, reg_lambda=1.843349493719275, scale_pos_weight=0.7243218608105599, subsample=0.7936442172092003; total time=   1.7s
[CV] END colsample_bytree=0.8688542189623514, gamma=0.3808098076643588, learning_rate=0.05752750879847994, max_depth=9, min_child_weight=6, n_estimators=10000, reg_alpha=0.3677831327192532, reg_lambda=2.3969174917807385, scale_pos_weight=0.7243218608105599, subsample=0.9190595539556424; total time=   1.8s
[CV] END colsample_bytree=0.8688542189623514, gamma=0.3808098076643588, learning_rate=0.05752750879847994, max_depth=9, min_child_weight=6, n_estimators=10000, reg_alpha=0.3677831327192532, reg_lambda=2.3969174917807385, scale_pos_weight=0.7243218608105599, subsample=0.9190595539556424; total time=   1.8s
[CV] END colsample_bytree=0.8688542189623514, gamma=0.3808098076643588, learning_rate=0.05752750879847994, max_depth=9, min_child_weight=6, n_estimators=10000, reg_alpha=0.3677831327192532, reg_lambda=2.3969174917807385, scale_pos_weight=0.7243218608105599, subsample=0.9190595539556424; total time=   1.8s
[CV] END colsample_bytree=0.8688542189623514, gamma=0.3808098076643588, learning_rate=0.05752750879847994, max_depth=9, min_child_weight=6, n_estimators=10000, reg_alpha=0.3677831327192532, reg_lambda=2.3969174917807385, scale_pos_weight=0.7243218608105599, subsample=0.9190595539556424; total time=   1.8s
[CV] END colsample_bytree=0.8688542189623514, gamma=0.3808098076643588, learning_rate=0.05752750879847994, max_depth=9, min_child_weight=6, n_estimators=10000, reg_alpha=0.3677831327192532, reg_lambda=2.3969174917807385, scale_pos_weight=0.7243218608105599, subsample=0.9190595539556424; total time=   1.8s
[CV] END colsample_bytree=0.9265727492877536, gamma=0.39917256249227556, learning_rate=0.0401435087930859, max_depth=5, min_child_weight=6, n_estimators=10000, reg_alpha=0.6958128067908819, reg_lambda=3.0750764144411598, scale_pos_weight=0.7243218608105599, subsample=1.1420514894738258; total time=   0.0s
[CV] END colsample_bytree=0.9265727492877536, gamma=0.39917256249227556, learning_rate=0.0401435087930859, max_depth=5, min_child_weight=6, n_estimators=10000, reg_alpha=0.6958128067908819, reg_lambda=3.0750764144411598, scale_pos_weight=0.7243218608105599, subsample=1.1420514894738258; total time=   0.0s
[CV] END colsample_bytree=0.9265727492877536, gamma=0.39917256249227556, learning_rate=0.0401435087930859, max_depth=5, min_child_weight=6, n_estimators=10000, reg_alpha=0.6958128067908819, reg_lambda=3.0750764144411598, scale_pos_weight=0.7243218608105599, subsample=1.1420514894738258; total time=   0.0s
[CV] END colsample_bytree=0.9265727492877536, gamma=0.39917256249227556, learning_rate=0.0401435087930859, max_depth=5, min_child_weight=6, n_estimators=10000, reg_alpha=0.6958128067908819, reg_lambda=3.0750764144411598, scale_pos_weight=0.7243218608105599, subsample=1.1420514894738258; total time=   0.0s
[CV] END colsample_bytree=0.9265727492877536, gamma=0.39917256249227556, learning_rate=0.0401435087930859, max_depth=5, min_child_weight=6, n_estimators=10000, reg_alpha=0.6958128067908819, reg_lambda=3.0750764144411598, scale_pos_weight=0.7243218608105599, subsample=1.1420514894738258; total time=   0.0s
[CV] END colsample_bytree=0.6066351315711425, gamma=0.2560465291496405, learning_rate=0.05529915503958759, max_depth=9, min_child_weight=4, n_estimators=10000, reg_alpha=0.940523264489604, reg_lambda=1.692716063262567, scale_pos_weight=<scipy.stats._distn_infrastructure.rv_continuous_frozen object at 0x7f9851ef9310>, subsample=1.3493839909893877; total time=   0.0s
[CV] END colsample_bytree=0.6066351315711425, gamma=0.2560465291496405, learning_rate=0.05529915503958759, max_depth=9, min_child_weight=4, n_estimators=10000, reg_alpha=0.940523264489604, reg_lambda=1.692716063262567, scale_pos_weight=<scipy.stats._distn_infrastructure.rv_continuous_frozen object at 0x7f9851ef9310>, subsample=1.3493839909893877; total time=   0.0s
[CV] END colsample_bytree=0.6066351315711425, gamma=0.2560465291496405, learning_rate=0.05529915503958759, max_depth=9, min_child_weight=4, n_estimators=10000, reg_alpha=0.940523264489604, reg_lambda=1.692716063262567, scale_pos_weight=<scipy.stats._distn_infrastructure.rv_continuous_frozen object at 0x7f9851ef9310>, subsample=1.3493839909893877; total time=   0.0s
[CV] END colsample_bytree=0.6066351315711425, gamma=0.2560465291496405, learning_rate=0.05529915503958759, max_depth=9, min_child_weight=4, n_estimators=10000, reg_alpha=0.940523264489604, reg_lambda=1.692716063262567, scale_pos_weight=<scipy.stats._distn_infrastructure.rv_continuous_frozen object at 0x7f9851ef9310>, subsample=1.3493839909893877; total time=   0.0s
[CV] END colsample_bytree=0.6066351315711425, gamma=0.2560465291496405, learning_rate=0.05529915503958759, max_depth=9, min_child_weight=4, n_estimators=10000, reg_alpha=0.940523264489604, reg_lambda=1.692716063262567, scale_pos_weight=<scipy.stats._distn_infrastructure.rv_continuous_frozen object at 0x7f9851ef9310>, subsample=1.3493839909893877; total time=   0.0s
[CV] END colsample_bytree=0.6550083776583973, gamma=0.17053317552512925, learning_rate=0.032694704248117816, max_depth=9, min_child_weight=3, n_estimators=10000, reg_alpha=0.22855002179729966, reg_lambda=1.0248647812878087, scale_pos_weight=0.7243218608105599, subsample=1.0441606492795699; total time=   0.0s
[CV] END colsample_bytree=0.6550083776583973, gamma=0.17053317552512925, learning_rate=0.032694704248117816, max_depth=9, min_child_weight=3, n_estimators=10000, reg_alpha=0.22855002179729966, reg_lambda=1.0248647812878087, scale_pos_weight=0.7243218608105599, subsample=1.0441606492795699; total time=   0.0s
[CV] END colsample_bytree=0.6550083776583973, gamma=0.17053317552512925, learning_rate=0.032694704248117816, max_depth=9, min_child_weight=3, n_estimators=10000, reg_alpha=0.22855002179729966, reg_lambda=1.0248647812878087, scale_pos_weight=0.7243218608105599, subsample=1.0441606492795699; total time=   0.0s
[CV] END colsample_bytree=0.6550083776583973, gamma=0.17053317552512925, learning_rate=0.032694704248117816, max_depth=9, min_child_weight=3, n_estimators=10000, reg_alpha=0.22855002179729966, reg_lambda=1.0248647812878087, scale_pos_weight=0.7243218608105599, subsample=1.0441606492795699; total time=   0.0s
[CV] END colsample_bytree=0.6550083776583973, gamma=0.17053317552512925, learning_rate=0.032694704248117816, max_depth=9, min_child_weight=3, n_estimators=10000, reg_alpha=0.22855002179729966, reg_lambda=1.0248647812878087, scale_pos_weight=0.7243218608105599, subsample=1.0441606492795699; total time=   0.0s
[CV] END colsample_bytree=0.8118602313424026, gamma=0.12092614545022584, learning_rate=0.028620553561179846, max_depth=6, min_child_weight=5, n_estimators=10000, reg_alpha=0.9004180571633305, reg_lambda=2.3993043718198037, scale_pos_weight=<scipy.stats._distn_infrastructure.rv_continuous_frozen object at 0x7f9851ef9310>, subsample=0.8230970820737455; total time=   0.0s
[CV] END colsample_bytree=0.8118602313424026, gamma=0.12092614545022584, learning_rate=0.028620553561179846, max_depth=6, min_child_weight=5, n_estimators=10000, reg_alpha=0.9004180571633305, reg_lambda=2.3993043718198037, scale_pos_weight=<scipy.stats._distn_infrastructure.rv_continuous_frozen object at 0x7f9851ef9310>, subsample=0.8230970820737455; total time=   0.0s
[CV] END colsample_bytree=0.8118602313424026, gamma=0.12092614545022584, learning_rate=0.028620553561179846, max_depth=6, min_child_weight=5, n_estimators=10000, reg_alpha=0.9004180571633305, reg_lambda=2.3993043718198037, scale_pos_weight=<scipy.stats._distn_infrastructure.rv_continuous_frozen object at 0x7f9851ef9310>, subsample=0.8230970820737455; total time=   0.0s
[CV] END colsample_bytree=0.8118602313424026, gamma=0.12092614545022584, learning_rate=0.028620553561179846, max_depth=6, min_child_weight=5, n_estimators=10000, reg_alpha=0.9004180571633305, reg_lambda=2.3993043718198037, scale_pos_weight=<scipy.stats._distn_infrastructure.rv_continuous_frozen object at 0x7f9851ef9310>, subsample=0.8230970820737455; total time=   0.0s
[CV] END colsample_bytree=0.8118602313424026, gamma=0.12092614545022584, learning_rate=0.028620553561179846, max_depth=6, min_child_weight=5, n_estimators=10000, reg_alpha=0.9004180571633305, reg_lambda=2.3993043718198037, scale_pos_weight=<scipy.stats._distn_infrastructure.rv_continuous_frozen object at 0x7f9851ef9310>, subsample=0.8230970820737455; total time=   0.0s
[CV] END colsample_bytree=0.8801431319891084, gamma=0.42333057111915295, learning_rate=0.1812648583756185, max_depth=8, min_child_weight=8, n_estimators=10000, reg_alpha=0.8877700987609598, reg_lambda=3.0527853463025383, scale_pos_weight=<scipy.stats._distn_infrastructure.rv_continuous_frozen object at 0x7f9851ef9310>, subsample=0.729302971275691; total time=   0.0s
[CV] END colsample_bytree=0.8801431319891084, gamma=0.42333057111915295, learning_rate=0.1812648583756185, max_depth=8, min_child_weight=8, n_estimators=10000, reg_alpha=0.8877700987609598, reg_lambda=3.0527853463025383, scale_pos_weight=<scipy.stats._distn_infrastructure.rv_continuous_frozen object at 0x7f9851ef9310>, subsample=0.729302971275691; total time=   0.0s
[CV] END colsample_bytree=0.8801431319891084, gamma=0.42333057111915295, learning_rate=0.1812648583756185, max_depth=8, min_child_weight=8, n_estimators=10000, reg_alpha=0.8877700987609598, reg_lambda=3.0527853463025383, scale_pos_weight=<scipy.stats._distn_infrastructure.rv_continuous_frozen object at 0x7f9851ef9310>, subsample=0.729302971275691; total time=   0.0s
[CV] END colsample_bytree=0.8801431319891084, gamma=0.42333057111915295, learning_rate=0.1812648583756185, max_depth=8, min_child_weight=8, n_estimators=10000, reg_alpha=0.8877700987609598, reg_lambda=3.0527853463025383, scale_pos_weight=<scipy.stats._distn_infrastructure.rv_continuous_frozen object at 0x7f9851ef9310>, subsample=0.729302971275691; total time=   0.0s
[CV] END colsample_bytree=0.8801431319891084, gamma=0.42333057111915295, learning_rate=0.1812648583756185, max_depth=8, min_child_weight=8, n_estimators=10000, reg_alpha=0.8877700987609598, reg_lambda=3.0527853463025383, scale_pos_weight=<scipy.stats._distn_infrastructure.rv_continuous_frozen object at 0x7f9851ef9310>, subsample=0.729302971275691; total time=   0.0s
[CV] END colsample_bytree=0.9594216754108317, gamma=0.30321452982979497, learning_rate=0.01183941032332593, max_depth=8, min_child_weight=9, n_estimators=10000, reg_alpha=0.6635017691080558, reg_lambda=0.5151847515386561, scale_pos_weight=0.7243218608105599, subsample=0.8442910882755148; total time=   4.6s
[CV] END colsample_bytree=0.9594216754108317, gamma=0.30321452982979497, learning_rate=0.01183941032332593, max_depth=8, min_child_weight=9, n_estimators=10000, reg_alpha=0.6635017691080558, reg_lambda=0.5151847515386561, scale_pos_weight=0.7243218608105599, subsample=0.8442910882755148; total time=   4.7s
[CV] END colsample_bytree=0.9594216754108317, gamma=0.30321452982979497, learning_rate=0.01183941032332593, max_depth=8, min_child_weight=9, n_estimators=10000, reg_alpha=0.6635017691080558, reg_lambda=0.5151847515386561, scale_pos_weight=0.7243218608105599, subsample=0.8442910882755148; total time=   4.9s
[CV] END colsample_bytree=0.9594216754108317, gamma=0.30321452982979497, learning_rate=0.01183941032332593, max_depth=8, min_child_weight=9, n_estimators=10000, reg_alpha=0.6635017691080558, reg_lambda=0.5151847515386561, scale_pos_weight=0.7243218608105599, subsample=0.8442910882755148; total time=   4.7s
[CV] END colsample_bytree=0.9594216754108317, gamma=0.30321452982979497, learning_rate=0.01183941032332593, max_depth=8, min_child_weight=9, n_estimators=10000, reg_alpha=0.6635017691080558, reg_lambda=0.5151847515386561, scale_pos_weight=0.7243218608105599, subsample=0.8442910882755148; total time=   4.7s
[CV] END colsample_bytree=0.7942455014344907, gamma=0.22421207149312367, learning_rate=0.20889149252216416, max_depth=6, min_child_weight=1, n_estimators=10000, reg_alpha=0.018075363615520867, reg_lambda=1.9816811455503038, scale_pos_weight=0.7243218608105599, subsample=1.1971931240944194; total time=   0.0s
[CV] END colsample_bytree=0.7942455014344907, gamma=0.22421207149312367, learning_rate=0.20889149252216416, max_depth=6, min_child_weight=1, n_estimators=10000, reg_alpha=0.018075363615520867, reg_lambda=1.9816811455503038, scale_pos_weight=0.7243218608105599, subsample=1.1971931240944194; total time=   0.0s
[CV] END colsample_bytree=0.7942455014344907, gamma=0.22421207149312367, learning_rate=0.20889149252216416, max_depth=6, min_child_weight=1, n_estimators=10000, reg_alpha=0.018075363615520867, reg_lambda=1.9816811455503038, scale_pos_weight=0.7243218608105599, subsample=1.1971931240944194; total time=   0.0s
[CV] END colsample_bytree=0.7942455014344907, gamma=0.22421207149312367, learning_rate=0.20889149252216416, max_depth=6, min_child_weight=1, n_estimators=10000, reg_alpha=0.018075363615520867, reg_lambda=1.9816811455503038, scale_pos_weight=0.7243218608105599, subsample=1.1971931240944194; total time=   0.0s
[CV] END colsample_bytree=0.7942455014344907, gamma=0.22421207149312367, learning_rate=0.20889149252216416, max_depth=6, min_child_weight=1, n_estimators=10000, reg_alpha=0.018075363615520867, reg_lambda=1.9816811455503038, scale_pos_weight=0.7243218608105599, subsample=1.1971931240944194; total time=   0.0s
[CV] END colsample_bytree=0.8598531596188859, gamma=0.42461170524708897, learning_rate=0.1415225784600687, max_depth=3, min_child_weight=3, n_estimators=10000, reg_alpha=0.6363326181858954, reg_lambda=1.2513854558167523, scale_pos_weight=0.7243218608105599, subsample=1.3784084438019564; total time=   0.0s
[CV] END colsample_bytree=0.8598531596188859, gamma=0.42461170524708897, learning_rate=0.1415225784600687, max_depth=3, min_child_weight=3, n_estimators=10000, reg_alpha=0.6363326181858954, reg_lambda=1.2513854558167523, scale_pos_weight=0.7243218608105599, subsample=1.3784084438019564; total time=   0.0s
[CV] END colsample_bytree=0.8598531596188859, gamma=0.42461170524708897, learning_rate=0.1415225784600687, max_depth=3, min_child_weight=3, n_estimators=10000, reg_alpha=0.6363326181858954, reg_lambda=1.2513854558167523, scale_pos_weight=0.7243218608105599, subsample=1.3784084438019564; total time=   0.0s
[CV] END colsample_bytree=0.8598531596188859, gamma=0.42461170524708897, learning_rate=0.1415225784600687, max_depth=3, min_child_weight=3, n_estimators=10000, reg_alpha=0.6363326181858954, reg_lambda=1.2513854558167523, scale_pos_weight=0.7243218608105599, subsample=1.3784084438019564; total time=   0.0s
[CV] END colsample_bytree=0.8598531596188859, gamma=0.42461170524708897, learning_rate=0.1415225784600687, max_depth=3, min_child_weight=3, n_estimators=10000, reg_alpha=0.6363326181858954, reg_lambda=1.2513854558167523, scale_pos_weight=0.7243218608105599, subsample=1.3784084438019564; total time=   0.0s
[CV] END colsample_bytree=0.7572390898667042, gamma=0.44602327758855664, learning_rate=0.1362277251994526, max_depth=4, min_child_weight=5, n_estimators=10000, reg_alpha=0.5026370931051921, reg_lambda=2.2307116538790774, scale_pos_weight=0.7243218608105599, subsample=1.2913340520575225; total time=   0.0s
[CV] END colsample_bytree=0.7572390898667042, gamma=0.44602327758855664, learning_rate=0.1362277251994526, max_depth=4, min_child_weight=5, n_estimators=10000, reg_alpha=0.5026370931051921, reg_lambda=2.2307116538790774, scale_pos_weight=0.7243218608105599, subsample=1.2913340520575225; total time=   0.0s
[CV] END colsample_bytree=0.7572390898667042, gamma=0.44602327758855664, learning_rate=0.1362277251994526, max_depth=4, min_child_weight=5, n_estimators=10000, reg_alpha=0.5026370931051921, reg_lambda=2.2307116538790774, scale_pos_weight=0.7243218608105599, subsample=1.2913340520575225; total time=   0.0s
[CV] END colsample_bytree=0.7572390898667042, gamma=0.44602327758855664, learning_rate=0.1362277251994526, max_depth=4, min_child_weight=5, n_estimators=10000, reg_alpha=0.5026370931051921, reg_lambda=2.2307116538790774, scale_pos_weight=0.7243218608105599, subsample=1.2913340520575225; total time=   0.0s
[CV] END colsample_bytree=0.7572390898667042, gamma=0.44602327758855664, learning_rate=0.1362277251994526, max_depth=4, min_child_weight=5, n_estimators=10000, reg_alpha=0.5026370931051921, reg_lambda=2.2307116538790774, scale_pos_weight=0.7243218608105599, subsample=1.2913340520575225; total time=   0.0s
[CV] END colsample_bytree=0.6920741072966221, gamma=0.24959668994237616, learning_rate=0.12440083984183663, max_depth=3, min_child_weight=1, n_estimators=10000, reg_alpha=0.994550510797341, reg_lambda=1.9098335419728287, scale_pos_weight=0.7243218608105599, subsample=1.3318915121763588; total time=   0.0s
[CV] END colsample_bytree=0.6920741072966221, gamma=0.24959668994237616, learning_rate=0.12440083984183663, max_depth=3, min_child_weight=1, n_estimators=10000, reg_alpha=0.994550510797341, reg_lambda=1.9098335419728287, scale_pos_weight=0.7243218608105599, subsample=1.3318915121763588; total time=   0.0s
[CV] END colsample_bytree=0.6920741072966221, gamma=0.24959668994237616, learning_rate=0.12440083984183663, max_depth=3, min_child_weight=1, n_estimators=10000, reg_alpha=0.994550510797341, reg_lambda=1.9098335419728287, scale_pos_weight=0.7243218608105599, subsample=1.3318915121763588; total time=   0.0s
[CV] END colsample_bytree=0.6920741072966221, gamma=0.24959668994237616, learning_rate=0.12440083984183663, max_depth=3, min_child_weight=1, n_estimators=10000, reg_alpha=0.994550510797341, reg_lambda=1.9098335419728287, scale_pos_weight=0.7243218608105599, subsample=1.3318915121763588; total time=   0.0s
[CV] END colsample_bytree=0.6920741072966221, gamma=0.24959668994237616, learning_rate=0.12440083984183663, max_depth=3, min_child_weight=1, n_estimators=10000, reg_alpha=0.994550510797341, reg_lambda=1.9098335419728287, scale_pos_weight=0.7243218608105599, subsample=1.3318915121763588; total time=   0.0s
[CV] END colsample_bytree=0.7480634801021777, gamma=0.007728308264433714, learning_rate=0.1956637125175451, max_depth=3, min_child_weight=5, n_estimators=10000, reg_alpha=0.5722924691708383, reg_lambda=3.440994751148137, scale_pos_weight=0.7243218608105599, subsample=0.8355591136556686; total time=   2.7s
[CV] END colsample_bytree=0.7480634801021777, gamma=0.007728308264433714, learning_rate=0.1956637125175451, max_depth=3, min_child_weight=5, n_estimators=10000, reg_alpha=0.5722924691708383, reg_lambda=3.440994751148137, scale_pos_weight=0.7243218608105599, subsample=0.8355591136556686; total time=   2.8s
[CV] END colsample_bytree=0.7480634801021777, gamma=0.007728308264433714, learning_rate=0.1956637125175451, max_depth=3, min_child_weight=5, n_estimators=10000, reg_alpha=0.5722924691708383, reg_lambda=3.440994751148137, scale_pos_weight=0.7243218608105599, subsample=0.8355591136556686; total time=   2.8s
[CV] END colsample_bytree=0.7480634801021777, gamma=0.007728308264433714, learning_rate=0.1956637125175451, max_depth=3, min_child_weight=5, n_estimators=10000, reg_alpha=0.5722924691708383, reg_lambda=3.440994751148137, scale_pos_weight=0.7243218608105599, subsample=0.8355591136556686; total time=   2.8s
[CV] END colsample_bytree=0.7480634801021777, gamma=0.007728308264433714, learning_rate=0.1956637125175451, max_depth=3, min_child_weight=5, n_estimators=10000, reg_alpha=0.5722924691708383, reg_lambda=3.440994751148137, scale_pos_weight=0.7243218608105599, subsample=0.8355591136556686; total time=   2.7s
[CV] END colsample_bytree=0.7540390914407701, gamma=0.42556833575842845, learning_rate=0.07338440103125553, max_depth=4, min_child_weight=9, n_estimators=10000, reg_alpha=0.3946914668094722, reg_lambda=3.032639422178934, scale_pos_weight=<scipy.stats._distn_infrastructure.rv_continuous_frozen object at 0x7f9851ef9310>, subsample=1.056048936071492; total time=   0.0s
[CV] END colsample_bytree=0.7540390914407701, gamma=0.42556833575842845, learning_rate=0.07338440103125553, max_depth=4, min_child_weight=9, n_estimators=10000, reg_alpha=0.3946914668094722, reg_lambda=3.032639422178934, scale_pos_weight=<scipy.stats._distn_infrastructure.rv_continuous_frozen object at 0x7f9851ef9310>, subsample=1.056048936071492; total time=   0.0s
[CV] END colsample_bytree=0.7540390914407701, gamma=0.42556833575842845, learning_rate=0.07338440103125553, max_depth=4, min_child_weight=9, n_estimators=10000, reg_alpha=0.3946914668094722, reg_lambda=3.032639422178934, scale_pos_weight=<scipy.stats._distn_infrastructure.rv_continuous_frozen object at 0x7f9851ef9310>, subsample=1.056048936071492; total time=   0.0s
[CV] END colsample_bytree=0.7540390914407701, gamma=0.42556833575842845, learning_rate=0.07338440103125553, max_depth=4, min_child_weight=9, n_estimators=10000, reg_alpha=0.3946914668094722, reg_lambda=3.032639422178934, scale_pos_weight=<scipy.stats._distn_infrastructure.rv_continuous_frozen object at 0x7f9851ef9310>, subsample=1.056048936071492; total time=   0.0s
[CV] END colsample_bytree=0.7540390914407701, gamma=0.42556833575842845, learning_rate=0.07338440103125553, max_depth=4, min_child_weight=9, n_estimators=10000, reg_alpha=0.3946914668094722, reg_lambda=3.032639422178934, scale_pos_weight=<scipy.stats._distn_infrastructure.rv_continuous_frozen object at 0x7f9851ef9310>, subsample=1.056048936071492; total time=   0.0s
[CV] END colsample_bytree=0.6388705975083074, gamma=0.30750361334958487, learning_rate=0.20801077002085266, max_depth=4, min_child_weight=2, n_estimators=10000, reg_alpha=0.3225507642386005, reg_lambda=3.046009384774023, scale_pos_weight=<scipy.stats._distn_infrastructure.rv_continuous_frozen object at 0x7f9851ef9310>, subsample=1.1619872671896874; total time=   0.0s
[CV] END colsample_bytree=0.6388705975083074, gamma=0.30750361334958487, learning_rate=0.20801077002085266, max_depth=4, min_child_weight=2, n_estimators=10000, reg_alpha=0.3225507642386005, reg_lambda=3.046009384774023, scale_pos_weight=<scipy.stats._distn_infrastructure.rv_continuous_frozen object at 0x7f9851ef9310>, subsample=1.1619872671896874; total time=   0.0s
[CV] END colsample_bytree=0.6388705975083074, gamma=0.30750361334958487, learning_rate=0.20801077002085266, max_depth=4, min_child_weight=2, n_estimators=10000, reg_alpha=0.3225507642386005, reg_lambda=3.046009384774023, scale_pos_weight=<scipy.stats._distn_infrastructure.rv_continuous_frozen object at 0x7f9851ef9310>, subsample=1.1619872671896874; total time=   0.0s
[CV] END colsample_bytree=0.6388705975083074, gamma=0.30750361334958487, learning_rate=0.20801077002085266, max_depth=4, min_child_weight=2, n_estimators=10000, reg_alpha=0.3225507642386005, reg_lambda=3.046009384774023, scale_pos_weight=<scipy.stats._distn_infrastructure.rv_continuous_frozen object at 0x7f9851ef9310>, subsample=1.1619872671896874; total time=   0.0s
[CV] END colsample_bytree=0.6388705975083074, gamma=0.30750361334958487, learning_rate=0.20801077002085266, max_depth=4, min_child_weight=2, n_estimators=10000, reg_alpha=0.3225507642386005, reg_lambda=3.046009384774023, scale_pos_weight=<scipy.stats._distn_infrastructure.rv_continuous_frozen object at 0x7f9851ef9310>, subsample=1.1619872671896874; total time=   0.0s
[CV] END colsample_bytree=0.743796460487902, gamma=0.14679592213224668, learning_rate=0.17187223109570274, max_depth=5, min_child_weight=2, n_estimators=10000, reg_alpha=0.8670723185801037, reg_lambda=3.239721657669414, scale_pos_weight=0.7243218608105599, subsample=0.6041478902191894; total time=   2.1s
[CV] END colsample_bytree=0.743796460487902, gamma=0.14679592213224668, learning_rate=0.17187223109570274, max_depth=5, min_child_weight=2, n_estimators=10000, reg_alpha=0.8670723185801037, reg_lambda=3.239721657669414, scale_pos_weight=0.7243218608105599, subsample=0.6041478902191894; total time=   2.1s
[CV] END colsample_bytree=0.743796460487902, gamma=0.14679592213224668, learning_rate=0.17187223109570274, max_depth=5, min_child_weight=2, n_estimators=10000, reg_alpha=0.8670723185801037, reg_lambda=3.239721657669414, scale_pos_weight=0.7243218608105599, subsample=0.6041478902191894; total time=   2.2s
[CV] END colsample_bytree=0.743796460487902, gamma=0.14679592213224668, learning_rate=0.17187223109570274, max_depth=5, min_child_weight=2, n_estimators=10000, reg_alpha=0.8670723185801037, reg_lambda=3.239721657669414, scale_pos_weight=0.7243218608105599, subsample=0.6041478902191894; total time=   2.2s
[CV] END colsample_bytree=0.743796460487902, gamma=0.14679592213224668, learning_rate=0.17187223109570274, max_depth=5, min_child_weight=2, n_estimators=10000, reg_alpha=0.8670723185801037, reg_lambda=3.239721657669414, scale_pos_weight=0.7243218608105599, subsample=0.6041478902191894; total time=   2.1s
[CV] END colsample_bytree=0.8511577659794545, gamma=0.09713697675602112, learning_rate=0.024188183399985533, max_depth=8, min_child_weight=3, n_estimators=10000, reg_alpha=0.3379951568515358, reg_lambda=1.6267488579198321, scale_pos_weight=0.7243218608105599, subsample=0.9507792984144696; total time=   2.9s
[CV] END colsample_bytree=0.8511577659794545, gamma=0.09713697675602112, learning_rate=0.024188183399985533, max_depth=8, min_child_weight=3, n_estimators=10000, reg_alpha=0.3379951568515358, reg_lambda=1.6267488579198321, scale_pos_weight=0.7243218608105599, subsample=0.9507792984144696; total time=   2.9s
[CV] END colsample_bytree=0.8511577659794545, gamma=0.09713697675602112, learning_rate=0.024188183399985533, max_depth=8, min_child_weight=3, n_estimators=10000, reg_alpha=0.3379951568515358, reg_lambda=1.6267488579198321, scale_pos_weight=0.7243218608105599, subsample=0.9507792984144696; total time=   3.0s
[CV] END colsample_bytree=0.8511577659794545, gamma=0.09713697675602112, learning_rate=0.024188183399985533, max_depth=8, min_child_weight=3, n_estimators=10000, reg_alpha=0.3379951568515358, reg_lambda=1.6267488579198321, scale_pos_weight=0.7243218608105599, subsample=0.9507792984144696; total time=   3.0s
[CV] END colsample_bytree=0.8511577659794545, gamma=0.09713697675602112, learning_rate=0.024188183399985533, max_depth=8, min_child_weight=3, n_estimators=10000, reg_alpha=0.3379951568515358, reg_lambda=1.6267488579198321, scale_pos_weight=0.7243218608105599, subsample=0.9507792984144696; total time=   3.0s
[CV] END colsample_bytree=0.8688104541180797, gamma=0.16407633373736596, learning_rate=0.04100832334554884, max_depth=8, min_child_weight=6, n_estimators=10000, reg_alpha=0.5908332605690108, reg_lambda=0.5915007498171483, scale_pos_weight=0.7243218608105599, subsample=0.6310677875435385; total time=   3.5s
[CV] END colsample_bytree=0.8688104541180797, gamma=0.16407633373736596, learning_rate=0.04100832334554884, max_depth=8, min_child_weight=6, n_estimators=10000, reg_alpha=0.5908332605690108, reg_lambda=0.5915007498171483, scale_pos_weight=0.7243218608105599, subsample=0.6310677875435385; total time=   3.5s
[CV] END colsample_bytree=0.8688104541180797, gamma=0.16407633373736596, learning_rate=0.04100832334554884, max_depth=8, min_child_weight=6, n_estimators=10000, reg_alpha=0.5908332605690108, reg_lambda=0.5915007498171483, scale_pos_weight=0.7243218608105599, subsample=0.6310677875435385; total time=   3.6s
[CV] END colsample_bytree=0.8688104541180797, gamma=0.16407633373736596, learning_rate=0.04100832334554884, max_depth=8, min_child_weight=6, n_estimators=10000, reg_alpha=0.5908332605690108, reg_lambda=0.5915007498171483, scale_pos_weight=0.7243218608105599, subsample=0.6310677875435385; total time=   3.5s
[CV] END colsample_bytree=0.8688104541180797, gamma=0.16407633373736596, learning_rate=0.04100832334554884, max_depth=8, min_child_weight=6, n_estimators=10000, reg_alpha=0.5908332605690108, reg_lambda=0.5915007498171483, scale_pos_weight=0.7243218608105599, subsample=0.6310677875435385; total time=   3.5s
[CV] END colsample_bytree=0.7213062058692892, gamma=0.2685412135983277, learning_rate=0.07533024835920818, max_depth=7, min_child_weight=5, n_estimators=10000, reg_alpha=0.45726516161372854, reg_lambda=3.026069225035944, scale_pos_weight=0.7243218608105599, subsample=1.0250837052545183; total time=   0.0s
[CV] END colsample_bytree=0.7213062058692892, gamma=0.2685412135983277, learning_rate=0.07533024835920818, max_depth=7, min_child_weight=5, n_estimators=10000, reg_alpha=0.45726516161372854, reg_lambda=3.026069225035944, scale_pos_weight=0.7243218608105599, subsample=1.0250837052545183; total time=   0.0s
[CV] END colsample_bytree=0.7213062058692892, gamma=0.2685412135983277, learning_rate=0.07533024835920818, max_depth=7, min_child_weight=5, n_estimators=10000, reg_alpha=0.45726516161372854, reg_lambda=3.026069225035944, scale_pos_weight=0.7243218608105599, subsample=1.0250837052545183; total time=   0.0s
[CV] END colsample_bytree=0.7213062058692892, gamma=0.2685412135983277, learning_rate=0.07533024835920818, max_depth=7, min_child_weight=5, n_estimators=10000, reg_alpha=0.45726516161372854, reg_lambda=3.026069225035944, scale_pos_weight=0.7243218608105599, subsample=1.0250837052545183; total time=   0.0s
[CV] END colsample_bytree=0.7213062058692892, gamma=0.2685412135983277, learning_rate=0.07533024835920818, max_depth=7, min_child_weight=5, n_estimators=10000, reg_alpha=0.45726516161372854, reg_lambda=3.026069225035944, scale_pos_weight=0.7243218608105599, subsample=1.0250837052545183; total time=   0.0s
[CV] END colsample_bytree=0.8162540486440426, gamma=0.3187149507491033, learning_rate=0.15521826674453232, max_depth=7, min_child_weight=2, n_estimators=10000, reg_alpha=0.5163003483011953, reg_lambda=1.468869418823738, scale_pos_weight=<scipy.stats._distn_infrastructure.rv_continuous_frozen object at 0x7f9851ef9310>, subsample=0.9190567211558356; total time=   0.0s
[CV] END colsample_bytree=0.8162540486440426, gamma=0.3187149507491033, learning_rate=0.15521826674453232, max_depth=7, min_child_weight=2, n_estimators=10000, reg_alpha=0.5163003483011953, reg_lambda=1.468869418823738, scale_pos_weight=<scipy.stats._distn_infrastructure.rv_continuous_frozen object at 0x7f9851ef9310>, subsample=0.9190567211558356; total time=   0.0s
[CV] END colsample_bytree=0.8162540486440426, gamma=0.3187149507491033, learning_rate=0.15521826674453232, max_depth=7, min_child_weight=2, n_estimators=10000, reg_alpha=0.5163003483011953, reg_lambda=1.468869418823738, scale_pos_weight=<scipy.stats._distn_infrastructure.rv_continuous_frozen object at 0x7f9851ef9310>, subsample=0.9190567211558356; total time=   0.0s
[CV] END colsample_bytree=0.8162540486440426, gamma=0.3187149507491033, learning_rate=0.15521826674453232, max_depth=7, min_child_weight=2, n_estimators=10000, reg_alpha=0.5163003483011953, reg_lambda=1.468869418823738, scale_pos_weight=<scipy.stats._distn_infrastructure.rv_continuous_frozen object at 0x7f9851ef9310>, subsample=0.9190567211558356; total time=   0.0s
[CV] END colsample_bytree=0.8162540486440426, gamma=0.3187149507491033, learning_rate=0.15521826674453232, max_depth=7, min_child_weight=2, n_estimators=10000, reg_alpha=0.5163003483011953, reg_lambda=1.468869418823738, scale_pos_weight=<scipy.stats._distn_infrastructure.rv_continuous_frozen object at 0x7f9851ef9310>, subsample=0.9190567211558356; total time=   0.0s
[CV] END colsample_bytree=0.7734082950322968, gamma=0.3720213214995577, learning_rate=0.06017210546933224, max_depth=4, min_child_weight=5, n_estimators=10000, reg_alpha=0.08087296661719767, reg_lambda=1.7849434248203233, scale_pos_weight=0.7243218608105599, subsample=0.9271623555314159; total time=   1.9s
[CV] END colsample_bytree=0.7734082950322968, gamma=0.3720213214995577, learning_rate=0.06017210546933224, max_depth=4, min_child_weight=5, n_estimators=10000, reg_alpha=0.08087296661719767, reg_lambda=1.7849434248203233, scale_pos_weight=0.7243218608105599, subsample=0.9271623555314159; total time=   1.9s
[CV] END colsample_bytree=0.7734082950322968, gamma=0.3720213214995577, learning_rate=0.06017210546933224, max_depth=4, min_child_weight=5, n_estimators=10000, reg_alpha=0.08087296661719767, reg_lambda=1.7849434248203233, scale_pos_weight=0.7243218608105599, subsample=0.9271623555314159; total time=   1.9s
[CV] END colsample_bytree=0.7734082950322968, gamma=0.3720213214995577, learning_rate=0.06017210546933224, max_depth=4, min_child_weight=5, n_estimators=10000, reg_alpha=0.08087296661719767, reg_lambda=1.7849434248203233, scale_pos_weight=0.7243218608105599, subsample=0.9271623555314159; total time=   1.9s
[CV] END colsample_bytree=0.7734082950322968, gamma=0.3720213214995577, learning_rate=0.06017210546933224, max_depth=4, min_child_weight=5, n_estimators=10000, reg_alpha=0.08087296661719767, reg_lambda=1.7849434248203233, scale_pos_weight=0.7243218608105599, subsample=0.9271623555314159; total time=   1.9s
----------
iter: 1
n_candidates: 14
n_resources: 22698
Fitting 5 folds for each of 14 candidates, totalling 70 fits
[CV] END colsample_bytree=0.7300733288106989, gamma=0.36480308916903204, learning_rate=0.13751149427104264, max_depth=5, min_child_weight=3, n_estimators=10000, reg_alpha=0.4722149251619493, reg_lambda=0.8587827378149051, scale_pos_weight=0.7243218608105599, subsample=1.279131059412867; total time=   0.0s
[CV] END colsample_bytree=0.7300733288106989, gamma=0.36480308916903204, learning_rate=0.13751149427104264, max_depth=5, min_child_weight=3, n_estimators=10000, reg_alpha=0.4722149251619493, reg_lambda=0.8587827378149051, scale_pos_weight=0.7243218608105599, subsample=1.279131059412867; total time=   0.0s
[CV] END colsample_bytree=0.7300733288106989, gamma=0.36480308916903204, learning_rate=0.13751149427104264, max_depth=5, min_child_weight=3, n_estimators=10000, reg_alpha=0.4722149251619493, reg_lambda=0.8587827378149051, scale_pos_weight=0.7243218608105599, subsample=1.279131059412867; total time=   0.0s
[CV] END colsample_bytree=0.7300733288106989, gamma=0.36480308916903204, learning_rate=0.13751149427104264, max_depth=5, min_child_weight=3, n_estimators=10000, reg_alpha=0.4722149251619493, reg_lambda=0.8587827378149051, scale_pos_weight=0.7243218608105599, subsample=1.279131059412867; total time=   0.0s
[CV] END colsample_bytree=0.7300733288106989, gamma=0.36480308916903204, learning_rate=0.13751149427104264, max_depth=5, min_child_weight=3, n_estimators=10000, reg_alpha=0.4722149251619493, reg_lambda=0.8587827378149051, scale_pos_weight=0.7243218608105599, subsample=1.279131059412867; total time=   0.0s
[CV] END colsample_bytree=0.7480634801021777, gamma=0.007728308264433714, learning_rate=0.1956637125175451, max_depth=3, min_child_weight=5, n_estimators=10000, reg_alpha=0.5722924691708383, reg_lambda=3.440994751148137, scale_pos_weight=0.7243218608105599, subsample=0.8355591136556686; total time=   5.9s
[CV] END colsample_bytree=0.7480634801021777, gamma=0.007728308264433714, learning_rate=0.1956637125175451, max_depth=3, min_child_weight=5, n_estimators=10000, reg_alpha=0.5722924691708383, reg_lambda=3.440994751148137, scale_pos_weight=0.7243218608105599, subsample=0.8355591136556686; total time=   5.9s
[CV] END colsample_bytree=0.7480634801021777, gamma=0.007728308264433714, learning_rate=0.1956637125175451, max_depth=3, min_child_weight=5, n_estimators=10000, reg_alpha=0.5722924691708383, reg_lambda=3.440994751148137, scale_pos_weight=0.7243218608105599, subsample=0.8355591136556686; total time=   5.9s
[CV] END colsample_bytree=0.7480634801021777, gamma=0.007728308264433714, learning_rate=0.1956637125175451, max_depth=3, min_child_weight=5, n_estimators=10000, reg_alpha=0.5722924691708383, reg_lambda=3.440994751148137, scale_pos_weight=0.7243218608105599, subsample=0.8355591136556686; total time=   5.9s
[CV] END colsample_bytree=0.7480634801021777, gamma=0.007728308264433714, learning_rate=0.1956637125175451, max_depth=3, min_child_weight=5, n_estimators=10000, reg_alpha=0.5722924691708383, reg_lambda=3.440994751148137, scale_pos_weight=0.7243218608105599, subsample=0.8355591136556686; total time=   5.9s
[CV] END colsample_bytree=0.6733618039413735, gamma=0.15212112147976886, learning_rate=0.11495128632644756, max_depth=6, min_child_weight=9, n_estimators=10000, reg_alpha=0.2912291401980419, reg_lambda=2.3355586841671383, scale_pos_weight=0.7243218608105599, subsample=0.6373325305708923; total time=   5.6s
[CV] END colsample_bytree=0.6733618039413735, gamma=0.15212112147976886, learning_rate=0.11495128632644756, max_depth=6, min_child_weight=9, n_estimators=10000, reg_alpha=0.2912291401980419, reg_lambda=2.3355586841671383, scale_pos_weight=0.7243218608105599, subsample=0.6373325305708923; total time=   5.5s
[CV] END colsample_bytree=0.6733618039413735, gamma=0.15212112147976886, learning_rate=0.11495128632644756, max_depth=6, min_child_weight=9, n_estimators=10000, reg_alpha=0.2912291401980419, reg_lambda=2.3355586841671383, scale_pos_weight=0.7243218608105599, subsample=0.6373325305708923; total time=   5.6s
[CV] END colsample_bytree=0.6733618039413735, gamma=0.15212112147976886, learning_rate=0.11495128632644756, max_depth=6, min_child_weight=9, n_estimators=10000, reg_alpha=0.2912291401980419, reg_lambda=2.3355586841671383, scale_pos_weight=0.7243218608105599, subsample=0.6373325305708923; total time=   5.6s
[CV] END colsample_bytree=0.6733618039413735, gamma=0.15212112147976886, learning_rate=0.11495128632644756, max_depth=6, min_child_weight=9, n_estimators=10000, reg_alpha=0.2912291401980419, reg_lambda=2.3355586841671383, scale_pos_weight=0.7243218608105599, subsample=0.6373325305708923; total time=   5.5s
[CV] END colsample_bytree=0.8590760482165449, gamma=0.0002601884976579094, learning_rate=0.0805137712668338, max_depth=5, min_child_weight=7, n_estimators=10000, reg_alpha=0.16465585314294173, reg_lambda=2.102268258126326, scale_pos_weight=0.7243218608105599, subsample=0.7776862483765842; total time=   8.3s
[CV] END colsample_bytree=0.8590760482165449, gamma=0.0002601884976579094, learning_rate=0.0805137712668338, max_depth=5, min_child_weight=7, n_estimators=10000, reg_alpha=0.16465585314294173, reg_lambda=2.102268258126326, scale_pos_weight=0.7243218608105599, subsample=0.7776862483765842; total time=   8.3s
[CV] END colsample_bytree=0.8590760482165449, gamma=0.0002601884976579094, learning_rate=0.0805137712668338, max_depth=5, min_child_weight=7, n_estimators=10000, reg_alpha=0.16465585314294173, reg_lambda=2.102268258126326, scale_pos_weight=0.7243218608105599, subsample=0.7776862483765842; total time=   8.2s
[CV] END colsample_bytree=0.8590760482165449, gamma=0.0002601884976579094, learning_rate=0.0805137712668338, max_depth=5, min_child_weight=7, n_estimators=10000, reg_alpha=0.16465585314294173, reg_lambda=2.102268258126326, scale_pos_weight=0.7243218608105599, subsample=0.7776862483765842; total time=   8.3s
[CV] END colsample_bytree=0.8590760482165449, gamma=0.0002601884976579094, learning_rate=0.0805137712668338, max_depth=5, min_child_weight=7, n_estimators=10000, reg_alpha=0.16465585314294173, reg_lambda=2.102268258126326, scale_pos_weight=0.7243218608105599, subsample=0.7776862483765842; total time=   8.2s
[CV] END colsample_bytree=0.6923575302488596, gamma=0.12051273301300586, learning_rate=0.14665270376509165, max_depth=6, min_child_weight=8, n_estimators=10000, reg_alpha=0.034388521115218396, reg_lambda=3.2279612062363463, scale_pos_weight=0.7243218608105599, subsample=0.7457888702304498; total time=   4.8s
[CV] END colsample_bytree=0.6923575302488596, gamma=0.12051273301300586, learning_rate=0.14665270376509165, max_depth=6, min_child_weight=8, n_estimators=10000, reg_alpha=0.034388521115218396, reg_lambda=3.2279612062363463, scale_pos_weight=0.7243218608105599, subsample=0.7457888702304498; total time=   4.8s
[CV] END colsample_bytree=0.6923575302488596, gamma=0.12051273301300586, learning_rate=0.14665270376509165, max_depth=6, min_child_weight=8, n_estimators=10000, reg_alpha=0.034388521115218396, reg_lambda=3.2279612062363463, scale_pos_weight=0.7243218608105599, subsample=0.7457888702304498; total time=   4.8s
[CV] END colsample_bytree=0.6923575302488596, gamma=0.12051273301300586, learning_rate=0.14665270376509165, max_depth=6, min_child_weight=8, n_estimators=10000, reg_alpha=0.034388521115218396, reg_lambda=3.2279612062363463, scale_pos_weight=0.7243218608105599, subsample=0.7457888702304498; total time=   4.8s
[CV] END colsample_bytree=0.6923575302488596, gamma=0.12051273301300586, learning_rate=0.14665270376509165, max_depth=6, min_child_weight=8, n_estimators=10000, reg_alpha=0.034388521115218396, reg_lambda=3.2279612062363463, scale_pos_weight=0.7243218608105599, subsample=0.7457888702304498; total time=   4.8s
[CV] END colsample_bytree=0.8886918084659492, gamma=0.11799245987447787, learning_rate=0.0612136645522648, max_depth=5, min_child_weight=9, n_estimators=10000, reg_alpha=0.7106628896857874, reg_lambda=0.832672462435494, scale_pos_weight=0.7243218608105599, subsample=0.6863131415946435; total time=   7.4s
[CV] END colsample_bytree=0.8886918084659492, gamma=0.11799245987447787, learning_rate=0.0612136645522648, max_depth=5, min_child_weight=9, n_estimators=10000, reg_alpha=0.7106628896857874, reg_lambda=0.832672462435494, scale_pos_weight=0.7243218608105599, subsample=0.6863131415946435; total time=   7.4s
[CV] END colsample_bytree=0.8886918084659492, gamma=0.11799245987447787, learning_rate=0.0612136645522648, max_depth=5, min_child_weight=9, n_estimators=10000, reg_alpha=0.7106628896857874, reg_lambda=0.832672462435494, scale_pos_weight=0.7243218608105599, subsample=0.6863131415946435; total time=   7.4s
[CV] END colsample_bytree=0.8886918084659492, gamma=0.11799245987447787, learning_rate=0.0612136645522648, max_depth=5, min_child_weight=9, n_estimators=10000, reg_alpha=0.7106628896857874, reg_lambda=0.832672462435494, scale_pos_weight=0.7243218608105599, subsample=0.6863131415946435; total time=   7.4s
[CV] END colsample_bytree=0.8886918084659492, gamma=0.11799245987447787, learning_rate=0.0612136645522648, max_depth=5, min_child_weight=9, n_estimators=10000, reg_alpha=0.7106628896857874, reg_lambda=0.832672462435494, scale_pos_weight=0.7243218608105599, subsample=0.6863131415946435; total time=   7.3s
[CV] END colsample_bytree=0.6205915004999957, gamma=0.13932323211830572, learning_rate=0.19165317719333075, max_depth=5, min_child_weight=2, n_estimators=10000, reg_alpha=0.5309345833171364, reg_lambda=1.843349493719275, scale_pos_weight=0.7243218608105599, subsample=0.7936442172092003; total time=   3.5s
[CV] END colsample_bytree=0.6205915004999957, gamma=0.13932323211830572, learning_rate=0.19165317719333075, max_depth=5, min_child_weight=2, n_estimators=10000, reg_alpha=0.5309345833171364, reg_lambda=1.843349493719275, scale_pos_weight=0.7243218608105599, subsample=0.7936442172092003; total time=   3.5s
[CV] END colsample_bytree=0.6205915004999957, gamma=0.13932323211830572, learning_rate=0.19165317719333075, max_depth=5, min_child_weight=2, n_estimators=10000, reg_alpha=0.5309345833171364, reg_lambda=1.843349493719275, scale_pos_weight=0.7243218608105599, subsample=0.7936442172092003; total time=   3.5s
[CV] END colsample_bytree=0.6205915004999957, gamma=0.13932323211830572, learning_rate=0.19165317719333075, max_depth=5, min_child_weight=2, n_estimators=10000, reg_alpha=0.5309345833171364, reg_lambda=1.843349493719275, scale_pos_weight=0.7243218608105599, subsample=0.7936442172092003; total time=   3.5s
[CV] END colsample_bytree=0.6205915004999957, gamma=0.13932323211830572, learning_rate=0.19165317719333075, max_depth=5, min_child_weight=2, n_estimators=10000, reg_alpha=0.5309345833171364, reg_lambda=1.843349493719275, scale_pos_weight=0.7243218608105599, subsample=0.7936442172092003; total time=   3.5s
[CV] END colsample_bytree=0.743796460487902, gamma=0.14679592213224668, learning_rate=0.17187223109570274, max_depth=5, min_child_weight=2, n_estimators=10000, reg_alpha=0.8670723185801037, reg_lambda=3.239721657669414, scale_pos_weight=0.7243218608105599, subsample=0.6041478902191894; total time=   4.7s
[CV] END colsample_bytree=0.743796460487902, gamma=0.14679592213224668, learning_rate=0.17187223109570274, max_depth=5, min_child_weight=2, n_estimators=10000, reg_alpha=0.8670723185801037, reg_lambda=3.239721657669414, scale_pos_weight=0.7243218608105599, subsample=0.6041478902191894; total time=   4.7s
[CV] END colsample_bytree=0.743796460487902, gamma=0.14679592213224668, learning_rate=0.17187223109570274, max_depth=5, min_child_weight=2, n_estimators=10000, reg_alpha=0.8670723185801037, reg_lambda=3.239721657669414, scale_pos_weight=0.7243218608105599, subsample=0.6041478902191894; total time=   4.7s
[CV] END colsample_bytree=0.743796460487902, gamma=0.14679592213224668, learning_rate=0.17187223109570274, max_depth=5, min_child_weight=2, n_estimators=10000, reg_alpha=0.8670723185801037, reg_lambda=3.239721657669414, scale_pos_weight=0.7243218608105599, subsample=0.6041478902191894; total time=   4.7s
[CV] END colsample_bytree=0.743796460487902, gamma=0.14679592213224668, learning_rate=0.17187223109570274, max_depth=5, min_child_weight=2, n_estimators=10000, reg_alpha=0.8670723185801037, reg_lambda=3.239721657669414, scale_pos_weight=0.7243218608105599, subsample=0.6041478902191894; total time=   4.7s
[CV] END colsample_bytree=0.7734082950322968, gamma=0.3720213214995577, learning_rate=0.06017210546933224, max_depth=4, min_child_weight=5, n_estimators=10000, reg_alpha=0.08087296661719767, reg_lambda=1.7849434248203233, scale_pos_weight=0.7243218608105599, subsample=0.9271623555314159; total time=   3.5s
[CV] END colsample_bytree=0.7734082950322968, gamma=0.3720213214995577, learning_rate=0.06017210546933224, max_depth=4, min_child_weight=5, n_estimators=10000, reg_alpha=0.08087296661719767, reg_lambda=1.7849434248203233, scale_pos_weight=0.7243218608105599, subsample=0.9271623555314159; total time=   3.5s
[CV] END colsample_bytree=0.7734082950322968, gamma=0.3720213214995577, learning_rate=0.06017210546933224, max_depth=4, min_child_weight=5, n_estimators=10000, reg_alpha=0.08087296661719767, reg_lambda=1.7849434248203233, scale_pos_weight=0.7243218608105599, subsample=0.9271623555314159; total time=   3.6s
[CV] END colsample_bytree=0.7734082950322968, gamma=0.3720213214995577, learning_rate=0.06017210546933224, max_depth=4, min_child_weight=5, n_estimators=10000, reg_alpha=0.08087296661719767, reg_lambda=1.7849434248203233, scale_pos_weight=0.7243218608105599, subsample=0.9271623555314159; total time=   3.6s
[CV] END colsample_bytree=0.7734082950322968, gamma=0.3720213214995577, learning_rate=0.06017210546933224, max_depth=4, min_child_weight=5, n_estimators=10000, reg_alpha=0.08087296661719767, reg_lambda=1.7849434248203233, scale_pos_weight=0.7243218608105599, subsample=0.9271623555314159; total time=   3.5s
[CV] END colsample_bytree=0.8688104541180797, gamma=0.16407633373736596, learning_rate=0.04100832334554884, max_depth=8, min_child_weight=6, n_estimators=10000, reg_alpha=0.5908332605690108, reg_lambda=0.5915007498171483, scale_pos_weight=0.7243218608105599, subsample=0.6310677875435385; total time=   7.3s
[CV] END colsample_bytree=0.8688104541180797, gamma=0.16407633373736596, learning_rate=0.04100832334554884, max_depth=8, min_child_weight=6, n_estimators=10000, reg_alpha=0.5908332605690108, reg_lambda=0.5915007498171483, scale_pos_weight=0.7243218608105599, subsample=0.6310677875435385; total time=   7.3s
[CV] END colsample_bytree=0.8688104541180797, gamma=0.16407633373736596, learning_rate=0.04100832334554884, max_depth=8, min_child_weight=6, n_estimators=10000, reg_alpha=0.5908332605690108, reg_lambda=0.5915007498171483, scale_pos_weight=0.7243218608105599, subsample=0.6310677875435385; total time=   7.5s
[CV] END colsample_bytree=0.8688104541180797, gamma=0.16407633373736596, learning_rate=0.04100832334554884, max_depth=8, min_child_weight=6, n_estimators=10000, reg_alpha=0.5908332605690108, reg_lambda=0.5915007498171483, scale_pos_weight=0.7243218608105599, subsample=0.6310677875435385; total time=   7.5s
[CV] END colsample_bytree=0.8688104541180797, gamma=0.16407633373736596, learning_rate=0.04100832334554884, max_depth=8, min_child_weight=6, n_estimators=10000, reg_alpha=0.5908332605690108, reg_lambda=0.5915007498171483, scale_pos_weight=0.7243218608105599, subsample=0.6310677875435385; total time=   7.4s
[CV] END colsample_bytree=0.8688542189623514, gamma=0.3808098076643588, learning_rate=0.05752750879847994, max_depth=9, min_child_weight=6, n_estimators=10000, reg_alpha=0.3677831327192532, reg_lambda=2.3969174917807385, scale_pos_weight=0.7243218608105599, subsample=0.9190595539556424; total time=   3.3s
[CV] END colsample_bytree=0.8688542189623514, gamma=0.3808098076643588, learning_rate=0.05752750879847994, max_depth=9, min_child_weight=6, n_estimators=10000, reg_alpha=0.3677831327192532, reg_lambda=2.3969174917807385, scale_pos_weight=0.7243218608105599, subsample=0.9190595539556424; total time=   3.3s
[CV] END colsample_bytree=0.8688542189623514, gamma=0.3808098076643588, learning_rate=0.05752750879847994, max_depth=9, min_child_weight=6, n_estimators=10000, reg_alpha=0.3677831327192532, reg_lambda=2.3969174917807385, scale_pos_weight=0.7243218608105599, subsample=0.9190595539556424; total time=   3.3s
[CV] END colsample_bytree=0.8688542189623514, gamma=0.3808098076643588, learning_rate=0.05752750879847994, max_depth=9, min_child_weight=6, n_estimators=10000, reg_alpha=0.3677831327192532, reg_lambda=2.3969174917807385, scale_pos_weight=0.7243218608105599, subsample=0.9190595539556424; total time=   3.3s
[CV] END colsample_bytree=0.8688542189623514, gamma=0.3808098076643588, learning_rate=0.05752750879847994, max_depth=9, min_child_weight=6, n_estimators=10000, reg_alpha=0.3677831327192532, reg_lambda=2.3969174917807385, scale_pos_weight=0.7243218608105599, subsample=0.9190595539556424; total time=   3.3s
[CV] END colsample_bytree=0.9594216754108317, gamma=0.30321452982979497, learning_rate=0.01183941032332593, max_depth=8, min_child_weight=9, n_estimators=10000, reg_alpha=0.6635017691080558, reg_lambda=0.5151847515386561, scale_pos_weight=0.7243218608105599, subsample=0.8442910882755148; total time=   9.2s
[CV] END colsample_bytree=0.9594216754108317, gamma=0.30321452982979497, learning_rate=0.01183941032332593, max_depth=8, min_child_weight=9, n_estimators=10000, reg_alpha=0.6635017691080558, reg_lambda=0.5151847515386561, scale_pos_weight=0.7243218608105599, subsample=0.8442910882755148; total time=   9.1s
[CV] END colsample_bytree=0.9594216754108317, gamma=0.30321452982979497, learning_rate=0.01183941032332593, max_depth=8, min_child_weight=9, n_estimators=10000, reg_alpha=0.6635017691080558, reg_lambda=0.5151847515386561, scale_pos_weight=0.7243218608105599, subsample=0.8442910882755148; total time=   9.3s
[CV] END colsample_bytree=0.9594216754108317, gamma=0.30321452982979497, learning_rate=0.01183941032332593, max_depth=8, min_child_weight=9, n_estimators=10000, reg_alpha=0.6635017691080558, reg_lambda=0.5151847515386561, scale_pos_weight=0.7243218608105599, subsample=0.8442910882755148; total time=   9.2s
[CV] END colsample_bytree=0.9594216754108317, gamma=0.30321452982979497, learning_rate=0.01183941032332593, max_depth=8, min_child_weight=9, n_estimators=10000, reg_alpha=0.6635017691080558, reg_lambda=0.5151847515386561, scale_pos_weight=0.7243218608105599, subsample=0.8442910882755148; total time=   9.0s
[CV] END colsample_bytree=0.7334834444556088, gamma=0.07143340896097039, learning_rate=0.14017769458977059, max_depth=7, min_child_weight=2, n_estimators=10000, reg_alpha=0.7219987722668247, reg_lambda=3.3156581270472505, scale_pos_weight=0.7243218608105599, subsample=0.7454599737656805; total time=   4.9s
[CV] END colsample_bytree=0.7334834444556088, gamma=0.07143340896097039, learning_rate=0.14017769458977059, max_depth=7, min_child_weight=2, n_estimators=10000, reg_alpha=0.7219987722668247, reg_lambda=3.3156581270472505, scale_pos_weight=0.7243218608105599, subsample=0.7454599737656805; total time=   4.8s
[CV] END colsample_bytree=0.7334834444556088, gamma=0.07143340896097039, learning_rate=0.14017769458977059, max_depth=7, min_child_weight=2, n_estimators=10000, reg_alpha=0.7219987722668247, reg_lambda=3.3156581270472505, scale_pos_weight=0.7243218608105599, subsample=0.7454599737656805; total time=   4.9s
[CV] END colsample_bytree=0.7334834444556088, gamma=0.07143340896097039, learning_rate=0.14017769458977059, max_depth=7, min_child_weight=2, n_estimators=10000, reg_alpha=0.7219987722668247, reg_lambda=3.3156581270472505, scale_pos_weight=0.7243218608105599, subsample=0.7454599737656805; total time=   4.8s
[CV] END colsample_bytree=0.7334834444556088, gamma=0.07143340896097039, learning_rate=0.14017769458977059, max_depth=7, min_child_weight=2, n_estimators=10000, reg_alpha=0.7219987722668247, reg_lambda=3.3156581270472505, scale_pos_weight=0.7243218608105599, subsample=0.7454599737656805; total time=   4.8s
[CV] END colsample_bytree=0.8511577659794545, gamma=0.09713697675602112, learning_rate=0.024188183399985533, max_depth=8, min_child_weight=3, n_estimators=10000, reg_alpha=0.3379951568515358, reg_lambda=1.6267488579198321, scale_pos_weight=0.7243218608105599, subsample=0.9507792984144696; total time=   5.9s
[CV] END colsample_bytree=0.8511577659794545, gamma=0.09713697675602112, learning_rate=0.024188183399985533, max_depth=8, min_child_weight=3, n_estimators=10000, reg_alpha=0.3379951568515358, reg_lambda=1.6267488579198321, scale_pos_weight=0.7243218608105599, subsample=0.9507792984144696; total time=   5.8s
[CV] END colsample_bytree=0.8511577659794545, gamma=0.09713697675602112, learning_rate=0.024188183399985533, max_depth=8, min_child_weight=3, n_estimators=10000, reg_alpha=0.3379951568515358, reg_lambda=1.6267488579198321, scale_pos_weight=0.7243218608105599, subsample=0.9507792984144696; total time=   6.0s
[CV] END colsample_bytree=0.8511577659794545, gamma=0.09713697675602112, learning_rate=0.024188183399985533, max_depth=8, min_child_weight=3, n_estimators=10000, reg_alpha=0.3379951568515358, reg_lambda=1.6267488579198321, scale_pos_weight=0.7243218608105599, subsample=0.9507792984144696; total time=   5.9s
[CV] END colsample_bytree=0.8511577659794545, gamma=0.09713697675602112, learning_rate=0.024188183399985533, max_depth=8, min_child_weight=3, n_estimators=10000, reg_alpha=0.3379951568515358, reg_lambda=1.6267488579198321, scale_pos_weight=0.7243218608105599, subsample=0.9507792984144696; total time=   5.8s
----------
iter: 2
n_candidates: 5
n_resources: 68094
Fitting 5 folds for each of 5 candidates, totalling 25 fits
[CV] END colsample_bytree=0.6205915004999957, gamma=0.13932323211830572, learning_rate=0.19165317719333075, max_depth=5, min_child_weight=2, n_estimators=10000, reg_alpha=0.5309345833171364, reg_lambda=1.843349493719275, scale_pos_weight=0.7243218608105599, subsample=0.7936442172092003; total time=   8.8s
[CV] END colsample_bytree=0.6205915004999957, gamma=0.13932323211830572, learning_rate=0.19165317719333075, max_depth=5, min_child_weight=2, n_estimators=10000, reg_alpha=0.5309345833171364, reg_lambda=1.843349493719275, scale_pos_weight=0.7243218608105599, subsample=0.7936442172092003; total time=   8.8s
[CV] END colsample_bytree=0.6205915004999957, gamma=0.13932323211830572, learning_rate=0.19165317719333075, max_depth=5, min_child_weight=2, n_estimators=10000, reg_alpha=0.5309345833171364, reg_lambda=1.843349493719275, scale_pos_weight=0.7243218608105599, subsample=0.7936442172092003; total time=   8.6s
[CV] END colsample_bytree=0.6205915004999957, gamma=0.13932323211830572, learning_rate=0.19165317719333075, max_depth=5, min_child_weight=2, n_estimators=10000, reg_alpha=0.5309345833171364, reg_lambda=1.843349493719275, scale_pos_weight=0.7243218608105599, subsample=0.7936442172092003; total time=   8.6s
[CV] END colsample_bytree=0.6205915004999957, gamma=0.13932323211830572, learning_rate=0.19165317719333075, max_depth=5, min_child_weight=2, n_estimators=10000, reg_alpha=0.5309345833171364, reg_lambda=1.843349493719275, scale_pos_weight=0.7243218608105599, subsample=0.7936442172092003; total time=   8.2s
[CV] END colsample_bytree=0.9594216754108317, gamma=0.30321452982979497, learning_rate=0.01183941032332593, max_depth=8, min_child_weight=9, n_estimators=10000, reg_alpha=0.6635017691080558, reg_lambda=0.5151847515386561, scale_pos_weight=0.7243218608105599, subsample=0.8442910882755148; total time=  15.6s
[CV] END colsample_bytree=0.9594216754108317, gamma=0.30321452982979497, learning_rate=0.01183941032332593, max_depth=8, min_child_weight=9, n_estimators=10000, reg_alpha=0.6635017691080558, reg_lambda=0.5151847515386561, scale_pos_weight=0.7243218608105599, subsample=0.8442910882755148; total time=  15.6s
[CV] END colsample_bytree=0.9594216754108317, gamma=0.30321452982979497, learning_rate=0.01183941032332593, max_depth=8, min_child_weight=9, n_estimators=10000, reg_alpha=0.6635017691080558, reg_lambda=0.5151847515386561, scale_pos_weight=0.7243218608105599, subsample=0.8442910882755148; total time=  15.4s
[CV] END colsample_bytree=0.9594216754108317, gamma=0.30321452982979497, learning_rate=0.01183941032332593, max_depth=8, min_child_weight=9, n_estimators=10000, reg_alpha=0.6635017691080558, reg_lambda=0.5151847515386561, scale_pos_weight=0.7243218608105599, subsample=0.8442910882755148; total time=  15.8s
[CV] END colsample_bytree=0.9594216754108317, gamma=0.30321452982979497, learning_rate=0.01183941032332593, max_depth=8, min_child_weight=9, n_estimators=10000, reg_alpha=0.6635017691080558, reg_lambda=0.5151847515386561, scale_pos_weight=0.7243218608105599, subsample=0.8442910882755148; total time=  15.7s
[CV] END colsample_bytree=0.7334834444556088, gamma=0.07143340896097039, learning_rate=0.14017769458977059, max_depth=7, min_child_weight=2, n_estimators=10000, reg_alpha=0.7219987722668247, reg_lambda=3.3156581270472505, scale_pos_weight=0.7243218608105599, subsample=0.7454599737656805; total time=   9.4s
[CV] END colsample_bytree=0.7334834444556088, gamma=0.07143340896097039, learning_rate=0.14017769458977059, max_depth=7, min_child_weight=2, n_estimators=10000, reg_alpha=0.7219987722668247, reg_lambda=3.3156581270472505, scale_pos_weight=0.7243218608105599, subsample=0.7454599737656805; total time=   9.4s
[CV] END colsample_bytree=0.7334834444556088, gamma=0.07143340896097039, learning_rate=0.14017769458977059, max_depth=7, min_child_weight=2, n_estimators=10000, reg_alpha=0.7219987722668247, reg_lambda=3.3156581270472505, scale_pos_weight=0.7243218608105599, subsample=0.7454599737656805; total time=   9.4s
[CV] END colsample_bytree=0.7334834444556088, gamma=0.07143340896097039, learning_rate=0.14017769458977059, max_depth=7, min_child_weight=2, n_estimators=10000, reg_alpha=0.7219987722668247, reg_lambda=3.3156581270472505, scale_pos_weight=0.7243218608105599, subsample=0.7454599737656805; total time=   9.4s
[CV] END colsample_bytree=0.7334834444556088, gamma=0.07143340896097039, learning_rate=0.14017769458977059, max_depth=7, min_child_weight=2, n_estimators=10000, reg_alpha=0.7219987722668247, reg_lambda=3.3156581270472505, scale_pos_weight=0.7243218608105599, subsample=0.7454599737656805; total time=   9.3s
[CV] END colsample_bytree=0.8688542189623514, gamma=0.3808098076643588, learning_rate=0.05752750879847994, max_depth=9, min_child_weight=6, n_estimators=10000, reg_alpha=0.3677831327192532, reg_lambda=2.3969174917807385, scale_pos_weight=0.7243218608105599, subsample=0.9190595539556424; total time=   5.9s
[CV] END colsample_bytree=0.8688542189623514, gamma=0.3808098076643588, learning_rate=0.05752750879847994, max_depth=9, min_child_weight=6, n_estimators=10000, reg_alpha=0.3677831327192532, reg_lambda=2.3969174917807385, scale_pos_weight=0.7243218608105599, subsample=0.9190595539556424; total time=   5.9s
[CV] END colsample_bytree=0.8688542189623514, gamma=0.3808098076643588, learning_rate=0.05752750879847994, max_depth=9, min_child_weight=6, n_estimators=10000, reg_alpha=0.3677831327192532, reg_lambda=2.3969174917807385, scale_pos_weight=0.7243218608105599, subsample=0.9190595539556424; total time=   5.8s
[CV] END colsample_bytree=0.8688542189623514, gamma=0.3808098076643588, learning_rate=0.05752750879847994, max_depth=9, min_child_weight=6, n_estimators=10000, reg_alpha=0.3677831327192532, reg_lambda=2.3969174917807385, scale_pos_weight=0.7243218608105599, subsample=0.9190595539556424; total time=   5.9s
[CV] END colsample_bytree=0.8688542189623514, gamma=0.3808098076643588, learning_rate=0.05752750879847994, max_depth=9, min_child_weight=6, n_estimators=10000, reg_alpha=0.3677831327192532, reg_lambda=2.3969174917807385, scale_pos_weight=0.7243218608105599, subsample=0.9190595539556424; total time=   5.8s
[CV] END colsample_bytree=0.8511577659794545, gamma=0.09713697675602112, learning_rate=0.024188183399985533, max_depth=8, min_child_weight=3, n_estimators=10000, reg_alpha=0.3379951568515358, reg_lambda=1.6267488579198321, scale_pos_weight=0.7243218608105599, subsample=0.9507792984144696; total time=  10.8s
[CV] END colsample_bytree=0.8511577659794545, gamma=0.09713697675602112, learning_rate=0.024188183399985533, max_depth=8, min_child_weight=3, n_estimators=10000, reg_alpha=0.3379951568515358, reg_lambda=1.6267488579198321, scale_pos_weight=0.7243218608105599, subsample=0.9507792984144696; total time=  10.7s
[CV] END colsample_bytree=0.8511577659794545, gamma=0.09713697675602112, learning_rate=0.024188183399985533, max_depth=8, min_child_weight=3, n_estimators=10000, reg_alpha=0.3379951568515358, reg_lambda=1.6267488579198321, scale_pos_weight=0.7243218608105599, subsample=0.9507792984144696; total time=  10.7s
[CV] END colsample_bytree=0.8511577659794545, gamma=0.09713697675602112, learning_rate=0.024188183399985533, max_depth=8, min_child_weight=3, n_estimators=10000, reg_alpha=0.3379951568515358, reg_lambda=1.6267488579198321, scale_pos_weight=0.7243218608105599, subsample=0.9507792984144696; total time=  10.8s
[CV] END colsample_bytree=0.8511577659794545, gamma=0.09713697675602112, learning_rate=0.024188183399985533, max_depth=8, min_child_weight=3, n_estimators=10000, reg_alpha=0.3379951568515358, reg_lambda=1.6267488579198321, scale_pos_weight=0.7243218608105599, subsample=0.9507792984144696; total time=  10.7s
----------
iter: 3
n_candidates: 2
n_resources: 204282
Fitting 5 folds for each of 2 candidates, totalling 10 fits
[CV] END colsample_bytree=0.8688542189623514, gamma=0.3808098076643588, learning_rate=0.05752750879847994, max_depth=9, min_child_weight=6, n_estimators=10000, reg_alpha=0.3677831327192532, reg_lambda=2.3969174917807385, scale_pos_weight=0.7243218608105599, subsample=0.9190595539556424; total time=  16.4s
[CV] END colsample_bytree=0.8688542189623514, gamma=0.3808098076643588, learning_rate=0.05752750879847994, max_depth=9, min_child_weight=6, n_estimators=10000, reg_alpha=0.3677831327192532, reg_lambda=2.3969174917807385, scale_pos_weight=0.7243218608105599, subsample=0.9190595539556424; total time=  16.4s
[CV] END colsample_bytree=0.8688542189623514, gamma=0.3808098076643588, learning_rate=0.05752750879847994, max_depth=9, min_child_weight=6, n_estimators=10000, reg_alpha=0.3677831327192532, reg_lambda=2.3969174917807385, scale_pos_weight=0.7243218608105599, subsample=0.9190595539556424; total time=  16.3s
[CV] END colsample_bytree=0.8688542189623514, gamma=0.3808098076643588, learning_rate=0.05752750879847994, max_depth=9, min_child_weight=6, n_estimators=10000, reg_alpha=0.3677831327192532, reg_lambda=2.3969174917807385, scale_pos_weight=0.7243218608105599, subsample=0.9190595539556424; total time=  16.3s
[CV] END colsample_bytree=0.8688542189623514, gamma=0.3808098076643588, learning_rate=0.05752750879847994, max_depth=9, min_child_weight=6, n_estimators=10000, reg_alpha=0.3677831327192532, reg_lambda=2.3969174917807385, scale_pos_weight=0.7243218608105599, subsample=0.9190595539556424; total time=  16.4s
[CV] END colsample_bytree=0.8511577659794545, gamma=0.09713697675602112, learning_rate=0.024188183399985533, max_depth=8, min_child_weight=3, n_estimators=10000, reg_alpha=0.3379951568515358, reg_lambda=1.6267488579198321, scale_pos_weight=0.7243218608105599, subsample=0.9507792984144696; total time=  30.5s
[CV] END colsample_bytree=0.8511577659794545, gamma=0.09713697675602112, learning_rate=0.024188183399985533, max_depth=8, min_child_weight=3, n_estimators=10000, reg_alpha=0.3379951568515358, reg_lambda=1.6267488579198321, scale_pos_weight=0.7243218608105599, subsample=0.9507792984144696; total time=  30.6s
[CV] END colsample_bytree=0.8511577659794545, gamma=0.09713697675602112, learning_rate=0.024188183399985533, max_depth=8, min_child_weight=3, n_estimators=10000, reg_alpha=0.3379951568515358, reg_lambda=1.6267488579198321, scale_pos_weight=0.7243218608105599, subsample=0.9507792984144696; total time=  30.6s
[CV] END colsample_bytree=0.8511577659794545, gamma=0.09713697675602112, learning_rate=0.024188183399985533, max_depth=8, min_child_weight=3, n_estimators=10000, reg_alpha=0.3379951568515358, reg_lambda=1.6267488579198321, scale_pos_weight=0.7243218608105599, subsample=0.9507792984144696; total time=  30.4s
[CV] END colsample_bytree=0.8511577659794545, gamma=0.09713697675602112, learning_rate=0.024188183399985533, max_depth=8, min_child_weight=3, n_estimators=10000, reg_alpha=0.3379951568515358, reg_lambda=1.6267488579198321, scale_pos_weight=0.7243218608105599, subsample=0.9507792984144696; total time=  30.5s

Best F1-macro (CV on train): 0.9505

======================================================================
Threshold tuning on validation set 
======================================================================
  Best F1-macro   threshold (val): 0.40  : f1_macro=0.9131  recall_anom=0.9577
  Best F1-anomaly threshold (val): 0.40
  Best Youden     threshold (val): 0.65
  Best recall≥90  threshold (val): 0.85

======================================================================
Evaluation on TEST  (threshold=0.40 from val)
======================================================================

BASELINE  (test, threshold=0.5)
======================================================================
              precision    recall  f1-score   support

        Good     0.7971    0.7925    0.7948      5537
         Bad     0.9631    0.9641    0.9636     31092

    accuracy                         0.9381     36629
   macro avg     0.8801    0.8783    0.8792     36629
weighted avg     0.9380    0.9381    0.9381     36629


OPTIMIZED  (test, threshold=0.40 tuned on val, scoring=f1_macro)
======================================================================
              precision    recall  f1-score   support

        Good     0.8352    0.7146    0.7702      5537
         Bad     0.9505    0.9749    0.9625     31092

    accuracy                         0.9355     36629
   macro avg     0.8928    0.8448    0.8664     36629
weighted avg     0.9330    0.9355    0.9334     36629


======================================================================
Saving artifacts
======================================================================
  - Model
  - Plot bundle
  - Test results parquet
  - Threshold info
  - Best params JSON
  - HP search CSV
  - Threshold CSV
  - Classification report
  - MLflow model log
# Train completed for 3 oceans (Atlantic, Indian, Pacific)
Results saved in each ocean's model_dir (see OCEANS config)
Done c:
