
######################################################################
#  OCEANO: Atlantic
######################################################################
  Train : 139,114 profiles | 24.73% anomalous
  Val   : 46,113   profiles | 32.04% anomalous
  Test  : 43,650  profiles | 32.49% anomalous
  Features: 24  →  ['TEMP_max', 'TEMP_min', 'TEMP_mean', 'TEMP_std', 'TEMP_range', 'TEMP_max_grad', 'TEMP_mean_grad', 'TEMP_grad_std', 'PSAL_max', 'PSAL_min', 'PSAL_mean', 'PSAL_std', 'PSAL_range', 'PSAL_max_grad', 'PSAL_mean_grad', 'PSAL_grad_std', 'PRES_max', 'PRES_min', 'PRES_mean', 'PRES_std', 'PRES_range', 'PRES_max_grad', 'PRES_mean_grad', 'PRES_grad_std']
  Imbalance ratio (scale_pos_weight): 3.04

Using experiment 'XGBoost_Atlantic_2018_2022_TemporalSplit' (id=44)

======================================================================
Baseline XGBoost (200 trees, default threshold 0.5)
======================================================================
  Baseline ROC-AUC (test) : 0.8778
  Baseline F1-macro (test): 0.8034

======================================================================
HalvingRandomSearchCV — scoring=f1_macro  (CV en train only)
======================================================================

Starting hyperparameter search...
n_iterations: 4
n_required_iterations: 4
n_possible_iterations: 4
min_resources_: 5152
max_resources_: 139114
aggressive_elimination: False
factor: 3
----------
iter: 0
n_candidates: 40
n_resources: 5152
Fitting 5 folds for each of 40 candidates, totalling 200 fits
[CV] END colsample_bytree=0.749816047538945, gamma=0.4753571532049581, learning_rate=0.15639878836228102, max_depth=7, min_child_weight=5, n_estimators=10000, reg_alpha=0.15601864044243652, reg_lambda=0.9679835610086079, scale_pos_weight=<scipy.stats._distn_infrastructure.rv_continuous_frozen object at 0x7f5b8ff83090>, subsample=0.9673991135726937; total time=   0.0s
[CV] END colsample_bytree=0.749816047538945, gamma=0.4753571532049581, learning_rate=0.15639878836228102, max_depth=7, min_child_weight=5, n_estimators=10000, reg_alpha=0.15601864044243652, reg_lambda=0.9679835610086079, scale_pos_weight=<scipy.stats._distn_infrastructure.rv_continuous_frozen object at 0x7f5b8ff83090>, subsample=0.9673991135726937; total time=   0.0s
[CV] END colsample_bytree=0.749816047538945, gamma=0.4753571532049581, learning_rate=0.15639878836228102, max_depth=7, min_child_weight=5, n_estimators=10000, reg_alpha=0.15601864044243652, reg_lambda=0.9679835610086079, scale_pos_weight=<scipy.stats._distn_infrastructure.rv_continuous_frozen object at 0x7f5b8ff83090>, subsample=0.9673991135726937; total time=   0.0s
[CV] END colsample_bytree=0.749816047538945, gamma=0.4753571532049581, learning_rate=0.15639878836228102, max_depth=7, min_child_weight=5, n_estimators=10000, reg_alpha=0.15601864044243652, reg_lambda=0.9679835610086079, scale_pos_weight=<scipy.stats._distn_infrastructure.rv_continuous_frozen object at 0x7f5b8ff83090>, subsample=0.9673991135726937; total time=   0.0s
[CV] END colsample_bytree=0.749816047538945, gamma=0.4753571532049581, learning_rate=0.15639878836228102, max_depth=7, min_child_weight=5, n_estimators=10000, reg_alpha=0.15601864044243652, reg_lambda=0.9679835610086079, scale_pos_weight=<scipy.stats._distn_infrastructure.rv_continuous_frozen object at 0x7f5b8ff83090>, subsample=0.9673991135726937; total time=   0.0s
[CV] END colsample_bytree=0.7334834444556088, gamma=0.07143340896097039, learning_rate=0.14017769458977059, max_depth=7, min_child_weight=2, n_estimators=10000, reg_alpha=0.7219987722668247, reg_lambda=3.3156581270472505, scale_pos_weight=3.0431888859825036, subsample=0.7454599737656805; total time=   2.0s
[CV] END colsample_bytree=0.7334834444556088, gamma=0.07143340896097039, learning_rate=0.14017769458977059, max_depth=7, min_child_weight=2, n_estimators=10000, reg_alpha=0.7219987722668247, reg_lambda=3.3156581270472505, scale_pos_weight=3.0431888859825036, subsample=0.7454599737656805; total time=   2.0s
[CV] END colsample_bytree=0.7334834444556088, gamma=0.07143340896097039, learning_rate=0.14017769458977059, max_depth=7, min_child_weight=2, n_estimators=10000, reg_alpha=0.7219987722668247, reg_lambda=3.3156581270472505, scale_pos_weight=3.0431888859825036, subsample=0.7454599737656805; total time=   2.0s
[CV] END colsample_bytree=0.7334834444556088, gamma=0.07143340896097039, learning_rate=0.14017769458977059, max_depth=7, min_child_weight=2, n_estimators=10000, reg_alpha=0.7219987722668247, reg_lambda=3.3156581270472505, scale_pos_weight=3.0431888859825036, subsample=0.7454599737656805; total time=   2.0s
[CV] END colsample_bytree=0.7334834444556088, gamma=0.07143340896097039, learning_rate=0.14017769458977059, max_depth=7, min_child_weight=2, n_estimators=10000, reg_alpha=0.7219987722668247, reg_lambda=3.3156581270472505, scale_pos_weight=3.0431888859825036, subsample=0.7454599737656805; total time=   2.0s
[CV] END colsample_bytree=0.6733618039413735, gamma=0.15212112147976886, learning_rate=0.11495128632644756, max_depth=6, min_child_weight=9, n_estimators=10000, reg_alpha=0.2912291401980419, reg_lambda=2.3355586841671383, scale_pos_weight=3.0431888859825036, subsample=0.6373325305708923; total time=   2.4s
[CV] END colsample_bytree=0.6733618039413735, gamma=0.15212112147976886, learning_rate=0.11495128632644756, max_depth=6, min_child_weight=9, n_estimators=10000, reg_alpha=0.2912291401980419, reg_lambda=2.3355586841671383, scale_pos_weight=3.0431888859825036, subsample=0.6373325305708923; total time=   2.3s
[CV] END colsample_bytree=0.6733618039413735, gamma=0.15212112147976886, learning_rate=0.11495128632644756, max_depth=6, min_child_weight=9, n_estimators=10000, reg_alpha=0.2912291401980419, reg_lambda=2.3355586841671383, scale_pos_weight=3.0431888859825036, subsample=0.6373325305708923; total time=   2.4s
[CV] END colsample_bytree=0.6733618039413735, gamma=0.15212112147976886, learning_rate=0.11495128632644756, max_depth=6, min_child_weight=9, n_estimators=10000, reg_alpha=0.2912291401980419, reg_lambda=2.3355586841671383, scale_pos_weight=3.0431888859825036, subsample=0.6373325305708923; total time=   2.3s
[CV] END colsample_bytree=0.6733618039413735, gamma=0.15212112147976886, learning_rate=0.11495128632644756, max_depth=6, min_child_weight=9, n_estimators=10000, reg_alpha=0.2912291401980419, reg_lambda=2.3355586841671383, scale_pos_weight=3.0431888859825036, subsample=0.6373325305708923; total time=   2.3s
[CV] END colsample_bytree=0.9895022075365837, gamma=0.11638567021515211, learning_rate=0.02812128690656416, max_depth=8, min_child_weight=3, n_estimators=10000, reg_alpha=0.38246199126716274, reg_lambda=3.4496926574203646, scale_pos_weight=<scipy.stats._distn_infrastructure.rv_continuous_frozen object at 0x7f5b8ff83090>, subsample=0.6371603301759982; total time=   0.0s
[CV] END colsample_bytree=0.9895022075365837, gamma=0.11638567021515211, learning_rate=0.02812128690656416, max_depth=8, min_child_weight=3, n_estimators=10000, reg_alpha=0.38246199126716274, reg_lambda=3.4496926574203646, scale_pos_weight=<scipy.stats._distn_infrastructure.rv_continuous_frozen object at 0x7f5b8ff83090>, subsample=0.6371603301759982; total time=   0.0s
[CV] END colsample_bytree=0.9895022075365837, gamma=0.11638567021515211, learning_rate=0.02812128690656416, max_depth=8, min_child_weight=3, n_estimators=10000, reg_alpha=0.38246199126716274, reg_lambda=3.4496926574203646, scale_pos_weight=<scipy.stats._distn_infrastructure.rv_continuous_frozen object at 0x7f5b8ff83090>, subsample=0.6371603301759982; total time=   0.0s
[CV] END colsample_bytree=0.9895022075365837, gamma=0.11638567021515211, learning_rate=0.02812128690656416, max_depth=8, min_child_weight=3, n_estimators=10000, reg_alpha=0.38246199126716274, reg_lambda=3.4496926574203646, scale_pos_weight=<scipy.stats._distn_infrastructure.rv_continuous_frozen object at 0x7f5b8ff83090>, subsample=0.6371603301759982; total time=   0.0s
[CV] END colsample_bytree=0.9895022075365837, gamma=0.11638567021515211, learning_rate=0.02812128690656416, max_depth=8, min_child_weight=3, n_estimators=10000, reg_alpha=0.38246199126716274, reg_lambda=3.4496926574203646, scale_pos_weight=<scipy.stats._distn_infrastructure.rv_continuous_frozen object at 0x7f5b8ff83090>, subsample=0.6371603301759982; total time=   0.0s
[CV] END colsample_bytree=0.8430179407605753, gamma=0.08526206184364576, learning_rate=0.023010318597055907, max_depth=6, min_child_weight=9, n_estimators=10000, reg_alpha=0.9656320330745594, reg_lambda=2.9251920443493833, scale_pos_weight=<scipy.stats._distn_infrastructure.rv_continuous_frozen object at 0x7f5b8ff83090>, subsample=0.6127730017761713; total time=   0.0s
[CV] END colsample_bytree=0.8430179407605753, gamma=0.08526206184364576, learning_rate=0.023010318597055907, max_depth=6, min_child_weight=9, n_estimators=10000, reg_alpha=0.9656320330745594, reg_lambda=2.9251920443493833, scale_pos_weight=<scipy.stats._distn_infrastructure.rv_continuous_frozen object at 0x7f5b8ff83090>, subsample=0.6127730017761713; total time=   0.0s
[CV] END colsample_bytree=0.8430179407605753, gamma=0.08526206184364576, learning_rate=0.023010318597055907, max_depth=6, min_child_weight=9, n_estimators=10000, reg_alpha=0.9656320330745594, reg_lambda=2.9251920443493833, scale_pos_weight=<scipy.stats._distn_infrastructure.rv_continuous_frozen object at 0x7f5b8ff83090>, subsample=0.6127730017761713; total time=   0.0s
[CV] END colsample_bytree=0.8430179407605753, gamma=0.08526206184364576, learning_rate=0.023010318597055907, max_depth=6, min_child_weight=9, n_estimators=10000, reg_alpha=0.9656320330745594, reg_lambda=2.9251920443493833, scale_pos_weight=<scipy.stats._distn_infrastructure.rv_continuous_frozen object at 0x7f5b8ff83090>, subsample=0.6127730017761713; total time=   0.0s
[CV] END colsample_bytree=0.8430179407605753, gamma=0.08526206184364576, learning_rate=0.023010318597055907, max_depth=6, min_child_weight=9, n_estimators=10000, reg_alpha=0.9656320330745594, reg_lambda=2.9251920443493833, scale_pos_weight=<scipy.stats._distn_infrastructure.rv_continuous_frozen object at 0x7f5b8ff83090>, subsample=0.6127730017761713; total time=   0.0s
[CV] END colsample_bytree=0.6923575302488596, gamma=0.12051273301300586, learning_rate=0.14665270376509165, max_depth=6, min_child_weight=8, n_estimators=10000, reg_alpha=0.034388521115218396, reg_lambda=3.2279612062363463, scale_pos_weight=3.0431888859825036, subsample=0.7457888702304498; total time=   2.0s
[CV] END colsample_bytree=0.6923575302488596, gamma=0.12051273301300586, learning_rate=0.14665270376509165, max_depth=6, min_child_weight=8, n_estimators=10000, reg_alpha=0.034388521115218396, reg_lambda=3.2279612062363463, scale_pos_weight=3.0431888859825036, subsample=0.7457888702304498; total time=   2.0s
[CV] END colsample_bytree=0.6923575302488596, gamma=0.12051273301300586, learning_rate=0.14665270376509165, max_depth=6, min_child_weight=8, n_estimators=10000, reg_alpha=0.034388521115218396, reg_lambda=3.2279612062363463, scale_pos_weight=3.0431888859825036, subsample=0.7457888702304498; total time=   2.0s
[CV] END colsample_bytree=0.6923575302488596, gamma=0.12051273301300586, learning_rate=0.14665270376509165, max_depth=6, min_child_weight=8, n_estimators=10000, reg_alpha=0.034388521115218396, reg_lambda=3.2279612062363463, scale_pos_weight=3.0431888859825036, subsample=0.7457888702304498; total time=   2.0s
[CV] END colsample_bytree=0.6923575302488596, gamma=0.12051273301300586, learning_rate=0.14665270376509165, max_depth=6, min_child_weight=8, n_estimators=10000, reg_alpha=0.034388521115218396, reg_lambda=3.2279612062363463, scale_pos_weight=3.0431888859825036, subsample=0.7457888702304498; total time=   2.0s
[CV] END colsample_bytree=0.902144564127061, gamma=0.21257793724562235, learning_rate=0.05158833257363777, max_depth=6, min_child_weight=6, n_estimators=10000, reg_alpha=0.03131329245555858, reg_lambda=3.0268543237849954, scale_pos_weight=3.0431888859825036, subsample=1.3515991532513514; total time=   0.0s
[CV] END colsample_bytree=0.902144564127061, gamma=0.21257793724562235, learning_rate=0.05158833257363777, max_depth=6, min_child_weight=6, n_estimators=10000, reg_alpha=0.03131329245555858, reg_lambda=3.0268543237849954, scale_pos_weight=3.0431888859825036, subsample=1.3515991532513514; total time=   0.0s
[CV] END colsample_bytree=0.902144564127061, gamma=0.21257793724562235, learning_rate=0.05158833257363777, max_depth=6, min_child_weight=6, n_estimators=10000, reg_alpha=0.03131329245555858, reg_lambda=3.0268543237849954, scale_pos_weight=3.0431888859825036, subsample=1.3515991532513514; total time=   0.0s
[CV] END colsample_bytree=0.902144564127061, gamma=0.21257793724562235, learning_rate=0.05158833257363777, max_depth=6, min_child_weight=6, n_estimators=10000, reg_alpha=0.03131329245555858, reg_lambda=3.0268543237849954, scale_pos_weight=3.0431888859825036, subsample=1.3515991532513514; total time=   0.0s
[CV] END colsample_bytree=0.902144564127061, gamma=0.21257793724562235, learning_rate=0.05158833257363777, max_depth=6, min_child_weight=6, n_estimators=10000, reg_alpha=0.03131329245555858, reg_lambda=3.0268543237849954, scale_pos_weight=3.0431888859825036, subsample=1.3515991532513514; total time=   0.0s
[CV] END colsample_bytree=0.9579309401710595, gamma=0.29894998940554257, learning_rate=0.19437484700462337, max_depth=8, min_child_weight=7, n_estimators=10000, reg_alpha=0.5208342600258237, reg_lambda=3.3835160730480474, scale_pos_weight=<scipy.stats._distn_infrastructure.rv_continuous_frozen object at 0x7f5b8ff83090>, subsample=0.9109418317515856; total time=   0.0s
[CV] END colsample_bytree=0.9579309401710595, gamma=0.29894998940554257, learning_rate=0.19437484700462337, max_depth=8, min_child_weight=7, n_estimators=10000, reg_alpha=0.5208342600258237, reg_lambda=3.3835160730480474, scale_pos_weight=<scipy.stats._distn_infrastructure.rv_continuous_frozen object at 0x7f5b8ff83090>, subsample=0.9109418317515856; total time=   0.0s
[CV] END colsample_bytree=0.9579309401710595, gamma=0.29894998940554257, learning_rate=0.19437484700462337, max_depth=8, min_child_weight=7, n_estimators=10000, reg_alpha=0.5208342600258237, reg_lambda=3.3835160730480474, scale_pos_weight=<scipy.stats._distn_infrastructure.rv_continuous_frozen object at 0x7f5b8ff83090>, subsample=0.9109418317515856; total time=   0.0s
[CV] END colsample_bytree=0.9579309401710595, gamma=0.29894998940554257, learning_rate=0.19437484700462337, max_depth=8, min_child_weight=7, n_estimators=10000, reg_alpha=0.5208342600258237, reg_lambda=3.3835160730480474, scale_pos_weight=<scipy.stats._distn_infrastructure.rv_continuous_frozen object at 0x7f5b8ff83090>, subsample=0.9109418317515856; total time=   0.0s
[CV] END colsample_bytree=0.9579309401710595, gamma=0.29894998940554257, learning_rate=0.19437484700462337, max_depth=8, min_child_weight=7, n_estimators=10000, reg_alpha=0.5208342600258237, reg_lambda=3.3835160730480474, scale_pos_weight=<scipy.stats._distn_infrastructure.rv_continuous_frozen object at 0x7f5b8ff83090>, subsample=0.9109418317515856; total time=   0.0s
[CV] END colsample_bytree=0.7085396127095583, gamma=0.41436875457596467, learning_rate=0.08135066533871785, max_depth=6, min_child_weight=9, n_estimators=10000, reg_alpha=0.2962735057040824, reg_lambda=0.9958008171890075, scale_pos_weight=<scipy.stats._distn_infrastructure.rv_continuous_frozen object at 0x7f5b8ff83090>, subsample=1.389509549280414; total time=   0.0s
[CV] END colsample_bytree=0.7085396127095583, gamma=0.41436875457596467, learning_rate=0.08135066533871785, max_depth=6, min_child_weight=9, n_estimators=10000, reg_alpha=0.2962735057040824, reg_lambda=0.9958008171890075, scale_pos_weight=<scipy.stats._distn_infrastructure.rv_continuous_frozen object at 0x7f5b8ff83090>, subsample=1.389509549280414; total time=   0.0s
[CV] END colsample_bytree=0.7085396127095583, gamma=0.41436875457596467, learning_rate=0.08135066533871785, max_depth=6, min_child_weight=9, n_estimators=10000, reg_alpha=0.2962735057040824, reg_lambda=0.9958008171890075, scale_pos_weight=<scipy.stats._distn_infrastructure.rv_continuous_frozen object at 0x7f5b8ff83090>, subsample=1.389509549280414; total time=   0.0s
[CV] END colsample_bytree=0.7085396127095583, gamma=0.41436875457596467, learning_rate=0.08135066533871785, max_depth=6, min_child_weight=9, n_estimators=10000, reg_alpha=0.2962735057040824, reg_lambda=0.9958008171890075, scale_pos_weight=<scipy.stats._distn_infrastructure.rv_continuous_frozen object at 0x7f5b8ff83090>, subsample=1.389509549280414; total time=   0.0s
[CV] END colsample_bytree=0.7085396127095583, gamma=0.41436875457596467, learning_rate=0.08135066533871785, max_depth=6, min_child_weight=9, n_estimators=10000, reg_alpha=0.2962735057040824, reg_lambda=0.9958008171890075, scale_pos_weight=<scipy.stats._distn_infrastructure.rv_continuous_frozen object at 0x7f5b8ff83090>, subsample=1.389509549280414; total time=   0.0s
[CV] END colsample_bytree=0.908897907718663, gamma=0.0993578407670862, learning_rate=0.01110442342472048, max_depth=5, min_child_weight=3, n_estimators=10000, reg_alpha=0.7068573438476171, reg_lambda=2.6870215041229617, scale_pos_weight=<scipy.stats._distn_infrastructure.rv_continuous_frozen object at 0x7f5b8ff83090>, subsample=1.084767979824809; total time=   0.0s
[CV] END colsample_bytree=0.908897907718663, gamma=0.0993578407670862, learning_rate=0.01110442342472048, max_depth=5, min_child_weight=3, n_estimators=10000, reg_alpha=0.7068573438476171, reg_lambda=2.6870215041229617, scale_pos_weight=<scipy.stats._distn_infrastructure.rv_continuous_frozen object at 0x7f5b8ff83090>, subsample=1.084767979824809; total time=   0.0s
[CV] END colsample_bytree=0.908897907718663, gamma=0.0993578407670862, learning_rate=0.01110442342472048, max_depth=5, min_child_weight=3, n_estimators=10000, reg_alpha=0.7068573438476171, reg_lambda=2.6870215041229617, scale_pos_weight=<scipy.stats._distn_infrastructure.rv_continuous_frozen object at 0x7f5b8ff83090>, subsample=1.084767979824809; total time=   0.0s
[CV] END colsample_bytree=0.908897907718663, gamma=0.0993578407670862, learning_rate=0.01110442342472048, max_depth=5, min_child_weight=3, n_estimators=10000, reg_alpha=0.7068573438476171, reg_lambda=2.6870215041229617, scale_pos_weight=<scipy.stats._distn_infrastructure.rv_continuous_frozen object at 0x7f5b8ff83090>, subsample=1.084767979824809; total time=   0.0s
[CV] END colsample_bytree=0.908897907718663, gamma=0.0993578407670862, learning_rate=0.01110442342472048, max_depth=5, min_child_weight=3, n_estimators=10000, reg_alpha=0.7068573438476171, reg_lambda=2.6870215041229617, scale_pos_weight=<scipy.stats._distn_infrastructure.rv_continuous_frozen object at 0x7f5b8ff83090>, subsample=1.084767979824809; total time=   0.0s
[CV] END colsample_bytree=0.9705203514053395, gamma=0.32553851275097223, learning_rate=0.19299193510875617, max_depth=3, min_child_weight=8, n_estimators=10000, reg_alpha=0.4494506741382034, reg_lambda=0.7862303494712339, scale_pos_weight=<scipy.stats._distn_infrastructure.rv_continuous_frozen object at 0x7f5b8ff83090>, subsample=0.8487858573725298; total time=   0.0s
[CV] END colsample_bytree=0.9705203514053395, gamma=0.32553851275097223, learning_rate=0.19299193510875617, max_depth=3, min_child_weight=8, n_estimators=10000, reg_alpha=0.4494506741382034, reg_lambda=0.7862303494712339, scale_pos_weight=<scipy.stats._distn_infrastructure.rv_continuous_frozen object at 0x7f5b8ff83090>, subsample=0.8487858573725298; total time=   0.0s
[CV] END colsample_bytree=0.9705203514053395, gamma=0.32553851275097223, learning_rate=0.19299193510875617, max_depth=3, min_child_weight=8, n_estimators=10000, reg_alpha=0.4494506741382034, reg_lambda=0.7862303494712339, scale_pos_weight=<scipy.stats._distn_infrastructure.rv_continuous_frozen object at 0x7f5b8ff83090>, subsample=0.8487858573725298; total time=   0.0s
[CV] END colsample_bytree=0.9705203514053395, gamma=0.32553851275097223, learning_rate=0.19299193510875617, max_depth=3, min_child_weight=8, n_estimators=10000, reg_alpha=0.4494506741382034, reg_lambda=0.7862303494712339, scale_pos_weight=<scipy.stats._distn_infrastructure.rv_continuous_frozen object at 0x7f5b8ff83090>, subsample=0.8487858573725298; total time=   0.0s
[CV] END colsample_bytree=0.9705203514053395, gamma=0.32553851275097223, learning_rate=0.19299193510875617, max_depth=3, min_child_weight=8, n_estimators=10000, reg_alpha=0.4494506741382034, reg_lambda=0.7862303494712339, scale_pos_weight=<scipy.stats._distn_infrastructure.rv_continuous_frozen object at 0x7f5b8ff83090>, subsample=0.8487858573725298; total time=   0.0s
[CV] END colsample_bytree=0.7300733288106989, gamma=0.36480308916903204, learning_rate=0.13751149427104264, max_depth=5, min_child_weight=3, n_estimators=10000, reg_alpha=0.4722149251619493, reg_lambda=0.8587827378149051, scale_pos_weight=3.0431888859825036, subsample=1.279131059412867; total time=   0.0s
[CV] END colsample_bytree=0.7300733288106989, gamma=0.36480308916903204, learning_rate=0.13751149427104264, max_depth=5, min_child_weight=3, n_estimators=10000, reg_alpha=0.4722149251619493, reg_lambda=0.8587827378149051, scale_pos_weight=3.0431888859825036, subsample=1.279131059412867; total time=   0.0s
[CV] END colsample_bytree=0.7300733288106989, gamma=0.36480308916903204, learning_rate=0.13751149427104264, max_depth=5, min_child_weight=3, n_estimators=10000, reg_alpha=0.4722149251619493, reg_lambda=0.8587827378149051, scale_pos_weight=3.0431888859825036, subsample=1.279131059412867; total time=   0.0s
[CV] END colsample_bytree=0.7300733288106989, gamma=0.36480308916903204, learning_rate=0.13751149427104264, max_depth=5, min_child_weight=3, n_estimators=10000, reg_alpha=0.4722149251619493, reg_lambda=0.8587827378149051, scale_pos_weight=3.0431888859825036, subsample=1.279131059412867; total time=   0.0s
[CV] END colsample_bytree=0.7300733288106989, gamma=0.36480308916903204, learning_rate=0.13751149427104264, max_depth=5, min_child_weight=3, n_estimators=10000, reg_alpha=0.4722149251619493, reg_lambda=0.8587827378149051, scale_pos_weight=3.0431888859825036, subsample=1.279131059412867; total time=   0.0s
[CV] END colsample_bytree=0.8886918084659492, gamma=0.11799245987447787, learning_rate=0.0612136645522648, max_depth=5, min_child_weight=9, n_estimators=10000, reg_alpha=0.7106628896857874, reg_lambda=0.832672462435494, scale_pos_weight=3.0431888859825036, subsample=0.6863131415946435; total time=   3.0s
[CV] END colsample_bytree=0.8886918084659492, gamma=0.11799245987447787, learning_rate=0.0612136645522648, max_depth=5, min_child_weight=9, n_estimators=10000, reg_alpha=0.7106628896857874, reg_lambda=0.832672462435494, scale_pos_weight=3.0431888859825036, subsample=0.6863131415946435; total time=   3.1s
[CV] END colsample_bytree=0.8886918084659492, gamma=0.11799245987447787, learning_rate=0.0612136645522648, max_depth=5, min_child_weight=9, n_estimators=10000, reg_alpha=0.7106628896857874, reg_lambda=0.832672462435494, scale_pos_weight=3.0431888859825036, subsample=0.6863131415946435; total time=   3.1s
[CV] END colsample_bytree=0.8886918084659492, gamma=0.11799245987447787, learning_rate=0.0612136645522648, max_depth=5, min_child_weight=9, n_estimators=10000, reg_alpha=0.7106628896857874, reg_lambda=0.832672462435494, scale_pos_weight=3.0431888859825036, subsample=0.6863131415946435; total time=   3.1s
[CV] END colsample_bytree=0.8886918084659492, gamma=0.11799245987447787, learning_rate=0.0612136645522648, max_depth=5, min_child_weight=9, n_estimators=10000, reg_alpha=0.7106628896857874, reg_lambda=0.832672462435494, scale_pos_weight=3.0431888859825036, subsample=0.6863131415946435; total time=   3.2s
[CV] END colsample_bytree=0.6125716742746937, gamma=0.3182052056318902, learning_rate=0.07287119621526533, max_depth=6, min_child_weight=5, n_estimators=10000, reg_alpha=0.24929222914887494, reg_lambda=1.7311487691068892, scale_pos_weight=<scipy.stats._distn_infrastructure.rv_continuous_frozen object at 0x7f5b8ff83090>, subsample=0.7624489797878156; total time=   0.0s
[CV] END colsample_bytree=0.6125716742746937, gamma=0.3182052056318902, learning_rate=0.07287119621526533, max_depth=6, min_child_weight=5, n_estimators=10000, reg_alpha=0.24929222914887494, reg_lambda=1.7311487691068892, scale_pos_weight=<scipy.stats._distn_infrastructure.rv_continuous_frozen object at 0x7f5b8ff83090>, subsample=0.7624489797878156; total time=   0.0s
[CV] END colsample_bytree=0.6125716742746937, gamma=0.3182052056318902, learning_rate=0.07287119621526533, max_depth=6, min_child_weight=5, n_estimators=10000, reg_alpha=0.24929222914887494, reg_lambda=1.7311487691068892, scale_pos_weight=<scipy.stats._distn_infrastructure.rv_continuous_frozen object at 0x7f5b8ff83090>, subsample=0.7624489797878156; total time=   0.0s
[CV] END colsample_bytree=0.6125716742746937, gamma=0.3182052056318902, learning_rate=0.07287119621526533, max_depth=6, min_child_weight=5, n_estimators=10000, reg_alpha=0.24929222914887494, reg_lambda=1.7311487691068892, scale_pos_weight=<scipy.stats._distn_infrastructure.rv_continuous_frozen object at 0x7f5b8ff83090>, subsample=0.7624489797878156; total time=   0.0s
[CV] END colsample_bytree=0.6125716742746937, gamma=0.3182052056318902, learning_rate=0.07287119621526533, max_depth=6, min_child_weight=5, n_estimators=10000, reg_alpha=0.24929222914887494, reg_lambda=1.7311487691068892, scale_pos_weight=<scipy.stats._distn_infrastructure.rv_continuous_frozen object at 0x7f5b8ff83090>, subsample=0.7624489797878156; total time=   0.0s
[CV] END colsample_bytree=0.9771414282231924, gamma=0.299432733244268, learning_rate=0.14895698660794093, max_depth=6, min_child_weight=2, n_estimators=10000, reg_alpha=0.6243540481337932, reg_lambda=1.386901057513142, scale_pos_weight=<scipy.stats._distn_infrastructure.rv_continuous_frozen object at 0x7f5b8ff83090>, subsample=1.2971684721501742; total time=   0.0s
[CV] END colsample_bytree=0.9771414282231924, gamma=0.299432733244268, learning_rate=0.14895698660794093, max_depth=6, min_child_weight=2, n_estimators=10000, reg_alpha=0.6243540481337932, reg_lambda=1.386901057513142, scale_pos_weight=<scipy.stats._distn_infrastructure.rv_continuous_frozen object at 0x7f5b8ff83090>, subsample=1.2971684721501742; total time=   0.0s
[CV] END colsample_bytree=0.9771414282231924, gamma=0.299432733244268, learning_rate=0.14895698660794093, max_depth=6, min_child_weight=2, n_estimators=10000, reg_alpha=0.6243540481337932, reg_lambda=1.386901057513142, scale_pos_weight=<scipy.stats._distn_infrastructure.rv_continuous_frozen object at 0x7f5b8ff83090>, subsample=1.2971684721501742; total time=   0.0s
[CV] END colsample_bytree=0.9771414282231924, gamma=0.299432733244268, learning_rate=0.14895698660794093, max_depth=6, min_child_weight=2, n_estimators=10000, reg_alpha=0.6243540481337932, reg_lambda=1.386901057513142, scale_pos_weight=<scipy.stats._distn_infrastructure.rv_continuous_frozen object at 0x7f5b8ff83090>, subsample=1.2971684721501742; total time=   0.0s
[CV] END colsample_bytree=0.9771414282231924, gamma=0.299432733244268, learning_rate=0.14895698660794093, max_depth=6, min_child_weight=2, n_estimators=10000, reg_alpha=0.6243540481337932, reg_lambda=1.386901057513142, scale_pos_weight=<scipy.stats._distn_infrastructure.rv_continuous_frozen object at 0x7f5b8ff83090>, subsample=1.2971684721501742; total time=   0.0s
[CV] END colsample_bytree=0.9214688307596458, gamma=0.09328502944301792, learning_rate=0.18851179969799559, max_depth=5, min_child_weight=7, n_estimators=10000, reg_alpha=0.8960912999234932, reg_lambda=1.4540104249155916, scale_pos_weight=<scipy.stats._distn_infrastructure.rv_continuous_frozen object at 0x7f5b8ff83090>, subsample=0.8177057995077083; total time=   0.0s
[CV] END colsample_bytree=0.9214688307596458, gamma=0.09328502944301792, learning_rate=0.18851179969799559, max_depth=5, min_child_weight=7, n_estimators=10000, reg_alpha=0.8960912999234932, reg_lambda=1.4540104249155916, scale_pos_weight=<scipy.stats._distn_infrastructure.rv_continuous_frozen object at 0x7f5b8ff83090>, subsample=0.8177057995077083; total time=   0.0s
[CV] END colsample_bytree=0.9214688307596458, gamma=0.09328502944301792, learning_rate=0.18851179969799559, max_depth=5, min_child_weight=7, n_estimators=10000, reg_alpha=0.8960912999234932, reg_lambda=1.4540104249155916, scale_pos_weight=<scipy.stats._distn_infrastructure.rv_continuous_frozen object at 0x7f5b8ff83090>, subsample=0.8177057995077083; total time=   0.0s
[CV] END colsample_bytree=0.9214688307596458, gamma=0.09328502944301792, learning_rate=0.18851179969799559, max_depth=5, min_child_weight=7, n_estimators=10000, reg_alpha=0.8960912999234932, reg_lambda=1.4540104249155916, scale_pos_weight=<scipy.stats._distn_infrastructure.rv_continuous_frozen object at 0x7f5b8ff83090>, subsample=0.8177057995077083; total time=   0.0s
[CV] END colsample_bytree=0.9214688307596458, gamma=0.09328502944301792, learning_rate=0.18851179969799559, max_depth=5, min_child_weight=7, n_estimators=10000, reg_alpha=0.8960912999234932, reg_lambda=1.4540104249155916, scale_pos_weight=<scipy.stats._distn_infrastructure.rv_continuous_frozen object at 0x7f5b8ff83090>, subsample=0.8177057995077083; total time=   0.0s
[CV] END colsample_bytree=0.8590760482165449, gamma=0.0002601884976579094, learning_rate=0.0805137712668338, max_depth=5, min_child_weight=7, n_estimators=10000, reg_alpha=0.16465585314294173, reg_lambda=2.102268258126326, scale_pos_weight=3.0431888859825036, subsample=0.7776862483765842; total time=   3.5s
[CV] END colsample_bytree=0.8590760482165449, gamma=0.0002601884976579094, learning_rate=0.0805137712668338, max_depth=5, min_child_weight=7, n_estimators=10000, reg_alpha=0.16465585314294173, reg_lambda=2.102268258126326, scale_pos_weight=3.0431888859825036, subsample=0.7776862483765842; total time=   3.5s
[CV] END colsample_bytree=0.8590760482165449, gamma=0.0002601884976579094, learning_rate=0.0805137712668338, max_depth=5, min_child_weight=7, n_estimators=10000, reg_alpha=0.16465585314294173, reg_lambda=2.102268258126326, scale_pos_weight=3.0431888859825036, subsample=0.7776862483765842; total time=   3.5s
[CV] END colsample_bytree=0.8590760482165449, gamma=0.0002601884976579094, learning_rate=0.0805137712668338, max_depth=5, min_child_weight=7, n_estimators=10000, reg_alpha=0.16465585314294173, reg_lambda=2.102268258126326, scale_pos_weight=3.0431888859825036, subsample=0.7776862483765842; total time=   3.4s
[CV] END colsample_bytree=0.8590760482165449, gamma=0.0002601884976579094, learning_rate=0.0805137712668338, max_depth=5, min_child_weight=7, n_estimators=10000, reg_alpha=0.16465585314294173, reg_lambda=2.102268258126326, scale_pos_weight=3.0431888859825036, subsample=0.7776862483765842; total time=   3.5s
[CV] END colsample_bytree=0.6479461469334731, gamma=0.16880758570181398, learning_rate=0.19858194078250385, max_depth=8, min_child_weight=8, n_estimators=10000, reg_alpha=0.7030189588951778, reg_lambda=1.590888807137882, scale_pos_weight=<scipy.stats._distn_infrastructure.rv_continuous_frozen object at 0x7f5b8ff83090>, subsample=0.8031323311474757; total time=   0.0s
[CV] END colsample_bytree=0.6479461469334731, gamma=0.16880758570181398, learning_rate=0.19858194078250385, max_depth=8, min_child_weight=8, n_estimators=10000, reg_alpha=0.7030189588951778, reg_lambda=1.590888807137882, scale_pos_weight=<scipy.stats._distn_infrastructure.rv_continuous_frozen object at 0x7f5b8ff83090>, subsample=0.8031323311474757; total time=   0.0s
[CV] END colsample_bytree=0.6479461469334731, gamma=0.16880758570181398, learning_rate=0.19858194078250385, max_depth=8, min_child_weight=8, n_estimators=10000, reg_alpha=0.7030189588951778, reg_lambda=1.590888807137882, scale_pos_weight=<scipy.stats._distn_infrastructure.rv_continuous_frozen object at 0x7f5b8ff83090>, subsample=0.8031323311474757; total time=   0.0s
[CV] END colsample_bytree=0.6479461469334731, gamma=0.16880758570181398, learning_rate=0.19858194078250385, max_depth=8, min_child_weight=8, n_estimators=10000, reg_alpha=0.7030189588951778, reg_lambda=1.590888807137882, scale_pos_weight=<scipy.stats._distn_infrastructure.rv_continuous_frozen object at 0x7f5b8ff83090>, subsample=0.8031323311474757; total time=   0.0s
[CV] END colsample_bytree=0.6479461469334731, gamma=0.16880758570181398, learning_rate=0.19858194078250385, max_depth=8, min_child_weight=8, n_estimators=10000, reg_alpha=0.7030189588951778, reg_lambda=1.590888807137882, scale_pos_weight=<scipy.stats._distn_infrastructure.rv_continuous_frozen object at 0x7f5b8ff83090>, subsample=0.8031323311474757; total time=   0.0s
[CV] END colsample_bytree=0.6987504251354405, gamma=0.3481521364198942, learning_rate=0.15245411798488842, max_depth=7, min_child_weight=1, n_estimators=10000, reg_alpha=0.9977404850489419, reg_lambda=1.3003430428258551, scale_pos_weight=3.0431888859825036, subsample=1.0021432185830892; total time=   0.0s
[CV] END colsample_bytree=0.6987504251354405, gamma=0.3481521364198942, learning_rate=0.15245411798488842, max_depth=7, min_child_weight=1, n_estimators=10000, reg_alpha=0.9977404850489419, reg_lambda=1.3003430428258551, scale_pos_weight=3.0431888859825036, subsample=1.0021432185830892; total time=   0.0s
[CV] END colsample_bytree=0.6987504251354405, gamma=0.3481521364198942, learning_rate=0.15245411798488842, max_depth=7, min_child_weight=1, n_estimators=10000, reg_alpha=0.9977404850489419, reg_lambda=1.3003430428258551, scale_pos_weight=3.0431888859825036, subsample=1.0021432185830892; total time=   0.0s
[CV] END colsample_bytree=0.6987504251354405, gamma=0.3481521364198942, learning_rate=0.15245411798488842, max_depth=7, min_child_weight=1, n_estimators=10000, reg_alpha=0.9977404850489419, reg_lambda=1.3003430428258551, scale_pos_weight=3.0431888859825036, subsample=1.0021432185830892; total time=   0.0s
[CV] END colsample_bytree=0.6987504251354405, gamma=0.3481521364198942, learning_rate=0.15245411798488842, max_depth=7, min_child_weight=1, n_estimators=10000, reg_alpha=0.9977404850489419, reg_lambda=1.3003430428258551, scale_pos_weight=3.0431888859825036, subsample=1.0021432185830892; total time=   0.0s
[CV] END colsample_bytree=0.6205915004999957, gamma=0.13932323211830572, learning_rate=0.19165317719333075, max_depth=5, min_child_weight=2, n_estimators=10000, reg_alpha=0.5309345833171364, reg_lambda=1.843349493719275, scale_pos_weight=3.0431888859825036, subsample=0.7936442172092003; total time=   1.5s
[CV] END colsample_bytree=0.6205915004999957, gamma=0.13932323211830572, learning_rate=0.19165317719333075, max_depth=5, min_child_weight=2, n_estimators=10000, reg_alpha=0.5309345833171364, reg_lambda=1.843349493719275, scale_pos_weight=3.0431888859825036, subsample=0.7936442172092003; total time=   1.5s
[CV] END colsample_bytree=0.6205915004999957, gamma=0.13932323211830572, learning_rate=0.19165317719333075, max_depth=5, min_child_weight=2, n_estimators=10000, reg_alpha=0.5309345833171364, reg_lambda=1.843349493719275, scale_pos_weight=3.0431888859825036, subsample=0.7936442172092003; total time=   1.6s
[CV] END colsample_bytree=0.6205915004999957, gamma=0.13932323211830572, learning_rate=0.19165317719333075, max_depth=5, min_child_weight=2, n_estimators=10000, reg_alpha=0.5309345833171364, reg_lambda=1.843349493719275, scale_pos_weight=3.0431888859825036, subsample=0.7936442172092003; total time=   1.5s
[CV] END colsample_bytree=0.6205915004999957, gamma=0.13932323211830572, learning_rate=0.19165317719333075, max_depth=5, min_child_weight=2, n_estimators=10000, reg_alpha=0.5309345833171364, reg_lambda=1.843349493719275, scale_pos_weight=3.0431888859825036, subsample=0.7936442172092003; total time=   1.6s
[CV] END colsample_bytree=0.8688542189623514, gamma=0.3808098076643588, learning_rate=0.05752750879847994, max_depth=9, min_child_weight=6, n_estimators=10000, reg_alpha=0.3677831327192532, reg_lambda=2.3969174917807385, scale_pos_weight=3.0431888859825036, subsample=0.9190595539556424; total time=   1.7s
[CV] END colsample_bytree=0.8688542189623514, gamma=0.3808098076643588, learning_rate=0.05752750879847994, max_depth=9, min_child_weight=6, n_estimators=10000, reg_alpha=0.3677831327192532, reg_lambda=2.3969174917807385, scale_pos_weight=3.0431888859825036, subsample=0.9190595539556424; total time=   1.7s
[CV] END colsample_bytree=0.8688542189623514, gamma=0.3808098076643588, learning_rate=0.05752750879847994, max_depth=9, min_child_weight=6, n_estimators=10000, reg_alpha=0.3677831327192532, reg_lambda=2.3969174917807385, scale_pos_weight=3.0431888859825036, subsample=0.9190595539556424; total time=   1.7s
[CV] END colsample_bytree=0.8688542189623514, gamma=0.3808098076643588, learning_rate=0.05752750879847994, max_depth=9, min_child_weight=6, n_estimators=10000, reg_alpha=0.3677831327192532, reg_lambda=2.3969174917807385, scale_pos_weight=3.0431888859825036, subsample=0.9190595539556424; total time=   1.7s
[CV] END colsample_bytree=0.8688542189623514, gamma=0.3808098076643588, learning_rate=0.05752750879847994, max_depth=9, min_child_weight=6, n_estimators=10000, reg_alpha=0.3677831327192532, reg_lambda=2.3969174917807385, scale_pos_weight=3.0431888859825036, subsample=0.9190595539556424; total time=   1.7s
[CV] END colsample_bytree=0.9265727492877536, gamma=0.39917256249227556, learning_rate=0.0401435087930859, max_depth=5, min_child_weight=6, n_estimators=10000, reg_alpha=0.6958128067908819, reg_lambda=3.0750764144411598, scale_pos_weight=3.0431888859825036, subsample=1.1420514894738258; total time=   0.0s
[CV] END colsample_bytree=0.9265727492877536, gamma=0.39917256249227556, learning_rate=0.0401435087930859, max_depth=5, min_child_weight=6, n_estimators=10000, reg_alpha=0.6958128067908819, reg_lambda=3.0750764144411598, scale_pos_weight=3.0431888859825036, subsample=1.1420514894738258; total time=   0.0s
[CV] END colsample_bytree=0.9265727492877536, gamma=0.39917256249227556, learning_rate=0.0401435087930859, max_depth=5, min_child_weight=6, n_estimators=10000, reg_alpha=0.6958128067908819, reg_lambda=3.0750764144411598, scale_pos_weight=3.0431888859825036, subsample=1.1420514894738258; total time=   0.0s
[CV] END colsample_bytree=0.9265727492877536, gamma=0.39917256249227556, learning_rate=0.0401435087930859, max_depth=5, min_child_weight=6, n_estimators=10000, reg_alpha=0.6958128067908819, reg_lambda=3.0750764144411598, scale_pos_weight=3.0431888859825036, subsample=1.1420514894738258; total time=   0.0s
[CV] END colsample_bytree=0.9265727492877536, gamma=0.39917256249227556, learning_rate=0.0401435087930859, max_depth=5, min_child_weight=6, n_estimators=10000, reg_alpha=0.6958128067908819, reg_lambda=3.0750764144411598, scale_pos_weight=3.0431888859825036, subsample=1.1420514894738258; total time=   0.0s
[CV] END colsample_bytree=0.6066351315711425, gamma=0.2560465291496405, learning_rate=0.05529915503958759, max_depth=9, min_child_weight=4, n_estimators=10000, reg_alpha=0.940523264489604, reg_lambda=1.692716063262567, scale_pos_weight=<scipy.stats._distn_infrastructure.rv_continuous_frozen object at 0x7f5b8ff83090>, subsample=1.3493839909893877; total time=   0.0s
[CV] END colsample_bytree=0.6066351315711425, gamma=0.2560465291496405, learning_rate=0.05529915503958759, max_depth=9, min_child_weight=4, n_estimators=10000, reg_alpha=0.940523264489604, reg_lambda=1.692716063262567, scale_pos_weight=<scipy.stats._distn_infrastructure.rv_continuous_frozen object at 0x7f5b8ff83090>, subsample=1.3493839909893877; total time=   0.0s
[CV] END colsample_bytree=0.6066351315711425, gamma=0.2560465291496405, learning_rate=0.05529915503958759, max_depth=9, min_child_weight=4, n_estimators=10000, reg_alpha=0.940523264489604, reg_lambda=1.692716063262567, scale_pos_weight=<scipy.stats._distn_infrastructure.rv_continuous_frozen object at 0x7f5b8ff83090>, subsample=1.3493839909893877; total time=   0.0s
[CV] END colsample_bytree=0.6066351315711425, gamma=0.2560465291496405, learning_rate=0.05529915503958759, max_depth=9, min_child_weight=4, n_estimators=10000, reg_alpha=0.940523264489604, reg_lambda=1.692716063262567, scale_pos_weight=<scipy.stats._distn_infrastructure.rv_continuous_frozen object at 0x7f5b8ff83090>, subsample=1.3493839909893877; total time=   0.0s
[CV] END colsample_bytree=0.6066351315711425, gamma=0.2560465291496405, learning_rate=0.05529915503958759, max_depth=9, min_child_weight=4, n_estimators=10000, reg_alpha=0.940523264489604, reg_lambda=1.692716063262567, scale_pos_weight=<scipy.stats._distn_infrastructure.rv_continuous_frozen object at 0x7f5b8ff83090>, subsample=1.3493839909893877; total time=   0.0s
[CV] END colsample_bytree=0.6550083776583973, gamma=0.17053317552512925, learning_rate=0.032694704248117816, max_depth=9, min_child_weight=3, n_estimators=10000, reg_alpha=0.22855002179729966, reg_lambda=1.0248647812878087, scale_pos_weight=3.0431888859825036, subsample=1.0441606492795699; total time=   0.0s
[CV] END colsample_bytree=0.6550083776583973, gamma=0.17053317552512925, learning_rate=0.032694704248117816, max_depth=9, min_child_weight=3, n_estimators=10000, reg_alpha=0.22855002179729966, reg_lambda=1.0248647812878087, scale_pos_weight=3.0431888859825036, subsample=1.0441606492795699; total time=   0.0s
[CV] END colsample_bytree=0.6550083776583973, gamma=0.17053317552512925, learning_rate=0.032694704248117816, max_depth=9, min_child_weight=3, n_estimators=10000, reg_alpha=0.22855002179729966, reg_lambda=1.0248647812878087, scale_pos_weight=3.0431888859825036, subsample=1.0441606492795699; total time=   0.0s
[CV] END colsample_bytree=0.6550083776583973, gamma=0.17053317552512925, learning_rate=0.032694704248117816, max_depth=9, min_child_weight=3, n_estimators=10000, reg_alpha=0.22855002179729966, reg_lambda=1.0248647812878087, scale_pos_weight=3.0431888859825036, subsample=1.0441606492795699; total time=   0.0s
[CV] END colsample_bytree=0.6550083776583973, gamma=0.17053317552512925, learning_rate=0.032694704248117816, max_depth=9, min_child_weight=3, n_estimators=10000, reg_alpha=0.22855002179729966, reg_lambda=1.0248647812878087, scale_pos_weight=3.0431888859825036, subsample=1.0441606492795699; total time=   0.0s
[CV] END colsample_bytree=0.8118602313424026, gamma=0.12092614545022584, learning_rate=0.028620553561179846, max_depth=6, min_child_weight=5, n_estimators=10000, reg_alpha=0.9004180571633305, reg_lambda=2.3993043718198037, scale_pos_weight=<scipy.stats._distn_infrastructure.rv_continuous_frozen object at 0x7f5b8ff83090>, subsample=0.8230970820737455; total time=   0.0s
[CV] END colsample_bytree=0.8118602313424026, gamma=0.12092614545022584, learning_rate=0.028620553561179846, max_depth=6, min_child_weight=5, n_estimators=10000, reg_alpha=0.9004180571633305, reg_lambda=2.3993043718198037, scale_pos_weight=<scipy.stats._distn_infrastructure.rv_continuous_frozen object at 0x7f5b8ff83090>, subsample=0.8230970820737455; total time=   0.0s
[CV] END colsample_bytree=0.8118602313424026, gamma=0.12092614545022584, learning_rate=0.028620553561179846, max_depth=6, min_child_weight=5, n_estimators=10000, reg_alpha=0.9004180571633305, reg_lambda=2.3993043718198037, scale_pos_weight=<scipy.stats._distn_infrastructure.rv_continuous_frozen object at 0x7f5b8ff83090>, subsample=0.8230970820737455; total time=   0.0s
[CV] END colsample_bytree=0.8118602313424026, gamma=0.12092614545022584, learning_rate=0.028620553561179846, max_depth=6, min_child_weight=5, n_estimators=10000, reg_alpha=0.9004180571633305, reg_lambda=2.3993043718198037, scale_pos_weight=<scipy.stats._distn_infrastructure.rv_continuous_frozen object at 0x7f5b8ff83090>, subsample=0.8230970820737455; total time=   0.0s
[CV] END colsample_bytree=0.8118602313424026, gamma=0.12092614545022584, learning_rate=0.028620553561179846, max_depth=6, min_child_weight=5, n_estimators=10000, reg_alpha=0.9004180571633305, reg_lambda=2.3993043718198037, scale_pos_weight=<scipy.stats._distn_infrastructure.rv_continuous_frozen object at 0x7f5b8ff83090>, subsample=0.8230970820737455; total time=   0.0s
[CV] END colsample_bytree=0.8801431319891084, gamma=0.42333057111915295, learning_rate=0.1812648583756185, max_depth=8, min_child_weight=8, n_estimators=10000, reg_alpha=0.8877700987609598, reg_lambda=3.0527853463025383, scale_pos_weight=<scipy.stats._distn_infrastructure.rv_continuous_frozen object at 0x7f5b8ff83090>, subsample=0.729302971275691; total time=   0.0s
[CV] END colsample_bytree=0.8801431319891084, gamma=0.42333057111915295, learning_rate=0.1812648583756185, max_depth=8, min_child_weight=8, n_estimators=10000, reg_alpha=0.8877700987609598, reg_lambda=3.0527853463025383, scale_pos_weight=<scipy.stats._distn_infrastructure.rv_continuous_frozen object at 0x7f5b8ff83090>, subsample=0.729302971275691; total time=   0.0s
[CV] END colsample_bytree=0.8801431319891084, gamma=0.42333057111915295, learning_rate=0.1812648583756185, max_depth=8, min_child_weight=8, n_estimators=10000, reg_alpha=0.8877700987609598, reg_lambda=3.0527853463025383, scale_pos_weight=<scipy.stats._distn_infrastructure.rv_continuous_frozen object at 0x7f5b8ff83090>, subsample=0.729302971275691; total time=   0.0s
[CV] END colsample_bytree=0.8801431319891084, gamma=0.42333057111915295, learning_rate=0.1812648583756185, max_depth=8, min_child_weight=8, n_estimators=10000, reg_alpha=0.8877700987609598, reg_lambda=3.0527853463025383, scale_pos_weight=<scipy.stats._distn_infrastructure.rv_continuous_frozen object at 0x7f5b8ff83090>, subsample=0.729302971275691; total time=   0.0s
[CV] END colsample_bytree=0.8801431319891084, gamma=0.42333057111915295, learning_rate=0.1812648583756185, max_depth=8, min_child_weight=8, n_estimators=10000, reg_alpha=0.8877700987609598, reg_lambda=3.0527853463025383, scale_pos_weight=<scipy.stats._distn_infrastructure.rv_continuous_frozen object at 0x7f5b8ff83090>, subsample=0.729302971275691; total time=   0.0s
[CV] END colsample_bytree=0.9594216754108317, gamma=0.30321452982979497, learning_rate=0.01183941032332593, max_depth=8, min_child_weight=9, n_estimators=10000, reg_alpha=0.6635017691080558, reg_lambda=0.5151847515386561, scale_pos_weight=3.0431888859825036, subsample=0.8442910882755148; total time=   4.7s
[CV] END colsample_bytree=0.9594216754108317, gamma=0.30321452982979497, learning_rate=0.01183941032332593, max_depth=8, min_child_weight=9, n_estimators=10000, reg_alpha=0.6635017691080558, reg_lambda=0.5151847515386561, scale_pos_weight=3.0431888859825036, subsample=0.8442910882755148; total time=   4.7s
[CV] END colsample_bytree=0.9594216754108317, gamma=0.30321452982979497, learning_rate=0.01183941032332593, max_depth=8, min_child_weight=9, n_estimators=10000, reg_alpha=0.6635017691080558, reg_lambda=0.5151847515386561, scale_pos_weight=3.0431888859825036, subsample=0.8442910882755148; total time=   4.7s
[CV] END colsample_bytree=0.9594216754108317, gamma=0.30321452982979497, learning_rate=0.01183941032332593, max_depth=8, min_child_weight=9, n_estimators=10000, reg_alpha=0.6635017691080558, reg_lambda=0.5151847515386561, scale_pos_weight=3.0431888859825036, subsample=0.8442910882755148; total time=   4.6s
[CV] END colsample_bytree=0.9594216754108317, gamma=0.30321452982979497, learning_rate=0.01183941032332593, max_depth=8, min_child_weight=9, n_estimators=10000, reg_alpha=0.6635017691080558, reg_lambda=0.5151847515386561, scale_pos_weight=3.0431888859825036, subsample=0.8442910882755148; total time=   4.7s
[CV] END colsample_bytree=0.7942455014344907, gamma=0.22421207149312367, learning_rate=0.20889149252216416, max_depth=6, min_child_weight=1, n_estimators=10000, reg_alpha=0.018075363615520867, reg_lambda=1.9816811455503038, scale_pos_weight=3.0431888859825036, subsample=1.1971931240944194; total time=   0.0s
[CV] END colsample_bytree=0.7942455014344907, gamma=0.22421207149312367, learning_rate=0.20889149252216416, max_depth=6, min_child_weight=1, n_estimators=10000, reg_alpha=0.018075363615520867, reg_lambda=1.9816811455503038, scale_pos_weight=3.0431888859825036, subsample=1.1971931240944194; total time=   0.0s
[CV] END colsample_bytree=0.7942455014344907, gamma=0.22421207149312367, learning_rate=0.20889149252216416, max_depth=6, min_child_weight=1, n_estimators=10000, reg_alpha=0.018075363615520867, reg_lambda=1.9816811455503038, scale_pos_weight=3.0431888859825036, subsample=1.1971931240944194; total time=   0.0s
[CV] END colsample_bytree=0.7942455014344907, gamma=0.22421207149312367, learning_rate=0.20889149252216416, max_depth=6, min_child_weight=1, n_estimators=10000, reg_alpha=0.018075363615520867, reg_lambda=1.9816811455503038, scale_pos_weight=3.0431888859825036, subsample=1.1971931240944194; total time=   0.0s
[CV] END colsample_bytree=0.7942455014344907, gamma=0.22421207149312367, learning_rate=0.20889149252216416, max_depth=6, min_child_weight=1, n_estimators=10000, reg_alpha=0.018075363615520867, reg_lambda=1.9816811455503038, scale_pos_weight=3.0431888859825036, subsample=1.1971931240944194; total time=   0.0s
[CV] END colsample_bytree=0.8598531596188859, gamma=0.42461170524708897, learning_rate=0.1415225784600687, max_depth=3, min_child_weight=3, n_estimators=10000, reg_alpha=0.6363326181858954, reg_lambda=1.2513854558167523, scale_pos_weight=3.0431888859825036, subsample=1.3784084438019564; total time=   0.0s
[CV] END colsample_bytree=0.8598531596188859, gamma=0.42461170524708897, learning_rate=0.1415225784600687, max_depth=3, min_child_weight=3, n_estimators=10000, reg_alpha=0.6363326181858954, reg_lambda=1.2513854558167523, scale_pos_weight=3.0431888859825036, subsample=1.3784084438019564; total time=   0.0s
[CV] END colsample_bytree=0.8598531596188859, gamma=0.42461170524708897, learning_rate=0.1415225784600687, max_depth=3, min_child_weight=3, n_estimators=10000, reg_alpha=0.6363326181858954, reg_lambda=1.2513854558167523, scale_pos_weight=3.0431888859825036, subsample=1.3784084438019564; total time=   0.0s
[CV] END colsample_bytree=0.8598531596188859, gamma=0.42461170524708897, learning_rate=0.1415225784600687, max_depth=3, min_child_weight=3, n_estimators=10000, reg_alpha=0.6363326181858954, reg_lambda=1.2513854558167523, scale_pos_weight=3.0431888859825036, subsample=1.3784084438019564; total time=   0.0s
[CV] END colsample_bytree=0.8598531596188859, gamma=0.42461170524708897, learning_rate=0.1415225784600687, max_depth=3, min_child_weight=3, n_estimators=10000, reg_alpha=0.6363326181858954, reg_lambda=1.2513854558167523, scale_pos_weight=3.0431888859825036, subsample=1.3784084438019564; total time=   0.0s
[CV] END colsample_bytree=0.7572390898667042, gamma=0.44602327758855664, learning_rate=0.1362277251994526, max_depth=4, min_child_weight=5, n_estimators=10000, reg_alpha=0.5026370931051921, reg_lambda=2.2307116538790774, scale_pos_weight=3.0431888859825036, subsample=1.2913340520575225; total time=   0.0s
[CV] END colsample_bytree=0.7572390898667042, gamma=0.44602327758855664, learning_rate=0.1362277251994526, max_depth=4, min_child_weight=5, n_estimators=10000, reg_alpha=0.5026370931051921, reg_lambda=2.2307116538790774, scale_pos_weight=3.0431888859825036, subsample=1.2913340520575225; total time=   0.0s
[CV] END colsample_bytree=0.7572390898667042, gamma=0.44602327758855664, learning_rate=0.1362277251994526, max_depth=4, min_child_weight=5, n_estimators=10000, reg_alpha=0.5026370931051921, reg_lambda=2.2307116538790774, scale_pos_weight=3.0431888859825036, subsample=1.2913340520575225; total time=   0.0s
[CV] END colsample_bytree=0.7572390898667042, gamma=0.44602327758855664, learning_rate=0.1362277251994526, max_depth=4, min_child_weight=5, n_estimators=10000, reg_alpha=0.5026370931051921, reg_lambda=2.2307116538790774, scale_pos_weight=3.0431888859825036, subsample=1.2913340520575225; total time=   0.0s
[CV] END colsample_bytree=0.7572390898667042, gamma=0.44602327758855664, learning_rate=0.1362277251994526, max_depth=4, min_child_weight=5, n_estimators=10000, reg_alpha=0.5026370931051921, reg_lambda=2.2307116538790774, scale_pos_weight=3.0431888859825036, subsample=1.2913340520575225; total time=   0.0s
[CV] END colsample_bytree=0.6920741072966221, gamma=0.24959668994237616, learning_rate=0.12440083984183663, max_depth=3, min_child_weight=1, n_estimators=10000, reg_alpha=0.994550510797341, reg_lambda=1.9098335419728287, scale_pos_weight=3.0431888859825036, subsample=1.3318915121763588; total time=   0.0s
[CV] END colsample_bytree=0.6920741072966221, gamma=0.24959668994237616, learning_rate=0.12440083984183663, max_depth=3, min_child_weight=1, n_estimators=10000, reg_alpha=0.994550510797341, reg_lambda=1.9098335419728287, scale_pos_weight=3.0431888859825036, subsample=1.3318915121763588; total time=   0.0s
[CV] END colsample_bytree=0.6920741072966221, gamma=0.24959668994237616, learning_rate=0.12440083984183663, max_depth=3, min_child_weight=1, n_estimators=10000, reg_alpha=0.994550510797341, reg_lambda=1.9098335419728287, scale_pos_weight=3.0431888859825036, subsample=1.3318915121763588; total time=   0.0s
[CV] END colsample_bytree=0.6920741072966221, gamma=0.24959668994237616, learning_rate=0.12440083984183663, max_depth=3, min_child_weight=1, n_estimators=10000, reg_alpha=0.994550510797341, reg_lambda=1.9098335419728287, scale_pos_weight=3.0431888859825036, subsample=1.3318915121763588; total time=   0.0s
[CV] END colsample_bytree=0.6920741072966221, gamma=0.24959668994237616, learning_rate=0.12440083984183663, max_depth=3, min_child_weight=1, n_estimators=10000, reg_alpha=0.994550510797341, reg_lambda=1.9098335419728287, scale_pos_weight=3.0431888859825036, subsample=1.3318915121763588; total time=   0.0s
[CV] END colsample_bytree=0.7480634801021777, gamma=0.007728308264433714, learning_rate=0.1956637125175451, max_depth=3, min_child_weight=5, n_estimators=10000, reg_alpha=0.5722924691708383, reg_lambda=3.440994751148137, scale_pos_weight=3.0431888859825036, subsample=0.8355591136556686; total time=   2.3s
[CV] END colsample_bytree=0.7480634801021777, gamma=0.007728308264433714, learning_rate=0.1956637125175451, max_depth=3, min_child_weight=5, n_estimators=10000, reg_alpha=0.5722924691708383, reg_lambda=3.440994751148137, scale_pos_weight=3.0431888859825036, subsample=0.8355591136556686; total time=   2.3s
[CV] END colsample_bytree=0.7480634801021777, gamma=0.007728308264433714, learning_rate=0.1956637125175451, max_depth=3, min_child_weight=5, n_estimators=10000, reg_alpha=0.5722924691708383, reg_lambda=3.440994751148137, scale_pos_weight=3.0431888859825036, subsample=0.8355591136556686; total time=   2.4s
[CV] END colsample_bytree=0.7480634801021777, gamma=0.007728308264433714, learning_rate=0.1956637125175451, max_depth=3, min_child_weight=5, n_estimators=10000, reg_alpha=0.5722924691708383, reg_lambda=3.440994751148137, scale_pos_weight=3.0431888859825036, subsample=0.8355591136556686; total time=   2.3s
[CV] END colsample_bytree=0.7480634801021777, gamma=0.007728308264433714, learning_rate=0.1956637125175451, max_depth=3, min_child_weight=5, n_estimators=10000, reg_alpha=0.5722924691708383, reg_lambda=3.440994751148137, scale_pos_weight=3.0431888859825036, subsample=0.8355591136556686; total time=   2.4s
[CV] END colsample_bytree=0.7540390914407701, gamma=0.42556833575842845, learning_rate=0.07338440103125553, max_depth=4, min_child_weight=9, n_estimators=10000, reg_alpha=0.3946914668094722, reg_lambda=3.032639422178934, scale_pos_weight=<scipy.stats._distn_infrastructure.rv_continuous_frozen object at 0x7f5b8ff83090>, subsample=1.056048936071492; total time=   0.0s
[CV] END colsample_bytree=0.7540390914407701, gamma=0.42556833575842845, learning_rate=0.07338440103125553, max_depth=4, min_child_weight=9, n_estimators=10000, reg_alpha=0.3946914668094722, reg_lambda=3.032639422178934, scale_pos_weight=<scipy.stats._distn_infrastructure.rv_continuous_frozen object at 0x7f5b8ff83090>, subsample=1.056048936071492; total time=   0.0s
[CV] END colsample_bytree=0.7540390914407701, gamma=0.42556833575842845, learning_rate=0.07338440103125553, max_depth=4, min_child_weight=9, n_estimators=10000, reg_alpha=0.3946914668094722, reg_lambda=3.032639422178934, scale_pos_weight=<scipy.stats._distn_infrastructure.rv_continuous_frozen object at 0x7f5b8ff83090>, subsample=1.056048936071492; total time=   0.0s
[CV] END colsample_bytree=0.7540390914407701, gamma=0.42556833575842845, learning_rate=0.07338440103125553, max_depth=4, min_child_weight=9, n_estimators=10000, reg_alpha=0.3946914668094722, reg_lambda=3.032639422178934, scale_pos_weight=<scipy.stats._distn_infrastructure.rv_continuous_frozen object at 0x7f5b8ff83090>, subsample=1.056048936071492; total time=   0.0s
[CV] END colsample_bytree=0.7540390914407701, gamma=0.42556833575842845, learning_rate=0.07338440103125553, max_depth=4, min_child_weight=9, n_estimators=10000, reg_alpha=0.3946914668094722, reg_lambda=3.032639422178934, scale_pos_weight=<scipy.stats._distn_infrastructure.rv_continuous_frozen object at 0x7f5b8ff83090>, subsample=1.056048936071492; total time=   0.0s
[CV] END colsample_bytree=0.6388705975083074, gamma=0.30750361334958487, learning_rate=0.20801077002085266, max_depth=4, min_child_weight=2, n_estimators=10000, reg_alpha=0.3225507642386005, reg_lambda=3.046009384774023, scale_pos_weight=<scipy.stats._distn_infrastructure.rv_continuous_frozen object at 0x7f5b8ff83090>, subsample=1.1619872671896874; total time=   0.0s
[CV] END colsample_bytree=0.6388705975083074, gamma=0.30750361334958487, learning_rate=0.20801077002085266, max_depth=4, min_child_weight=2, n_estimators=10000, reg_alpha=0.3225507642386005, reg_lambda=3.046009384774023, scale_pos_weight=<scipy.stats._distn_infrastructure.rv_continuous_frozen object at 0x7f5b8ff83090>, subsample=1.1619872671896874; total time=   0.0s
[CV] END colsample_bytree=0.6388705975083074, gamma=0.30750361334958487, learning_rate=0.20801077002085266, max_depth=4, min_child_weight=2, n_estimators=10000, reg_alpha=0.3225507642386005, reg_lambda=3.046009384774023, scale_pos_weight=<scipy.stats._distn_infrastructure.rv_continuous_frozen object at 0x7f5b8ff83090>, subsample=1.1619872671896874; total time=   0.0s
[CV] END colsample_bytree=0.6388705975083074, gamma=0.30750361334958487, learning_rate=0.20801077002085266, max_depth=4, min_child_weight=2, n_estimators=10000, reg_alpha=0.3225507642386005, reg_lambda=3.046009384774023, scale_pos_weight=<scipy.stats._distn_infrastructure.rv_continuous_frozen object at 0x7f5b8ff83090>, subsample=1.1619872671896874; total time=   0.0s
[CV] END colsample_bytree=0.6388705975083074, gamma=0.30750361334958487, learning_rate=0.20801077002085266, max_depth=4, min_child_weight=2, n_estimators=10000, reg_alpha=0.3225507642386005, reg_lambda=3.046009384774023, scale_pos_weight=<scipy.stats._distn_infrastructure.rv_continuous_frozen object at 0x7f5b8ff83090>, subsample=1.1619872671896874; total time=   0.0s
[CV] END colsample_bytree=0.743796460487902, gamma=0.14679592213224668, learning_rate=0.17187223109570274, max_depth=5, min_child_weight=2, n_estimators=10000, reg_alpha=0.8670723185801037, reg_lambda=3.239721657669414, scale_pos_weight=3.0431888859825036, subsample=0.6041478902191894; total time=   1.9s
[CV] END colsample_bytree=0.743796460487902, gamma=0.14679592213224668, learning_rate=0.17187223109570274, max_depth=5, min_child_weight=2, n_estimators=10000, reg_alpha=0.8670723185801037, reg_lambda=3.239721657669414, scale_pos_weight=3.0431888859825036, subsample=0.6041478902191894; total time=   1.9s
[CV] END colsample_bytree=0.743796460487902, gamma=0.14679592213224668, learning_rate=0.17187223109570274, max_depth=5, min_child_weight=2, n_estimators=10000, reg_alpha=0.8670723185801037, reg_lambda=3.239721657669414, scale_pos_weight=3.0431888859825036, subsample=0.6041478902191894; total time=   1.9s
[CV] END colsample_bytree=0.743796460487902, gamma=0.14679592213224668, learning_rate=0.17187223109570274, max_depth=5, min_child_weight=2, n_estimators=10000, reg_alpha=0.8670723185801037, reg_lambda=3.239721657669414, scale_pos_weight=3.0431888859825036, subsample=0.6041478902191894; total time=   1.9s
[CV] END colsample_bytree=0.743796460487902, gamma=0.14679592213224668, learning_rate=0.17187223109570274, max_depth=5, min_child_weight=2, n_estimators=10000, reg_alpha=0.8670723185801037, reg_lambda=3.239721657669414, scale_pos_weight=3.0431888859825036, subsample=0.6041478902191894; total time=   1.9s
[CV] END colsample_bytree=0.8511577659794545, gamma=0.09713697675602112, learning_rate=0.024188183399985533, max_depth=8, min_child_weight=3, n_estimators=10000, reg_alpha=0.3379951568515358, reg_lambda=1.6267488579198321, scale_pos_weight=3.0431888859825036, subsample=0.9507792984144696; total time=   2.9s
[CV] END colsample_bytree=0.8511577659794545, gamma=0.09713697675602112, learning_rate=0.024188183399985533, max_depth=8, min_child_weight=3, n_estimators=10000, reg_alpha=0.3379951568515358, reg_lambda=1.6267488579198321, scale_pos_weight=3.0431888859825036, subsample=0.9507792984144696; total time=   2.9s
[CV] END colsample_bytree=0.8511577659794545, gamma=0.09713697675602112, learning_rate=0.024188183399985533, max_depth=8, min_child_weight=3, n_estimators=10000, reg_alpha=0.3379951568515358, reg_lambda=1.6267488579198321, scale_pos_weight=3.0431888859825036, subsample=0.9507792984144696; total time=   2.9s
[CV] END colsample_bytree=0.8511577659794545, gamma=0.09713697675602112, learning_rate=0.024188183399985533, max_depth=8, min_child_weight=3, n_estimators=10000, reg_alpha=0.3379951568515358, reg_lambda=1.6267488579198321, scale_pos_weight=3.0431888859825036, subsample=0.9507792984144696; total time=   2.9s
[CV] END colsample_bytree=0.8511577659794545, gamma=0.09713697675602112, learning_rate=0.024188183399985533, max_depth=8, min_child_weight=3, n_estimators=10000, reg_alpha=0.3379951568515358, reg_lambda=1.6267488579198321, scale_pos_weight=3.0431888859825036, subsample=0.9507792984144696; total time=   2.9s
[CV] END colsample_bytree=0.8688104541180797, gamma=0.16407633373736596, learning_rate=0.04100832334554884, max_depth=8, min_child_weight=6, n_estimators=10000, reg_alpha=0.5908332605690108, reg_lambda=0.5915007498171483, scale_pos_weight=3.0431888859825036, subsample=0.6310677875435385; total time=   3.2s
[CV] END colsample_bytree=0.8688104541180797, gamma=0.16407633373736596, learning_rate=0.04100832334554884, max_depth=8, min_child_weight=6, n_estimators=10000, reg_alpha=0.5908332605690108, reg_lambda=0.5915007498171483, scale_pos_weight=3.0431888859825036, subsample=0.6310677875435385; total time=   3.1s
[CV] END colsample_bytree=0.8688104541180797, gamma=0.16407633373736596, learning_rate=0.04100832334554884, max_depth=8, min_child_weight=6, n_estimators=10000, reg_alpha=0.5908332605690108, reg_lambda=0.5915007498171483, scale_pos_weight=3.0431888859825036, subsample=0.6310677875435385; total time=   3.2s
[CV] END colsample_bytree=0.8688104541180797, gamma=0.16407633373736596, learning_rate=0.04100832334554884, max_depth=8, min_child_weight=6, n_estimators=10000, reg_alpha=0.5908332605690108, reg_lambda=0.5915007498171483, scale_pos_weight=3.0431888859825036, subsample=0.6310677875435385; total time=   3.1s
[CV] END colsample_bytree=0.8688104541180797, gamma=0.16407633373736596, learning_rate=0.04100832334554884, max_depth=8, min_child_weight=6, n_estimators=10000, reg_alpha=0.5908332605690108, reg_lambda=0.5915007498171483, scale_pos_weight=3.0431888859825036, subsample=0.6310677875435385; total time=   3.2s
[CV] END colsample_bytree=0.7213062058692892, gamma=0.2685412135983277, learning_rate=0.07533024835920818, max_depth=7, min_child_weight=5, n_estimators=10000, reg_alpha=0.45726516161372854, reg_lambda=3.026069225035944, scale_pos_weight=3.0431888859825036, subsample=1.0250837052545183; total time=   0.0s
[CV] END colsample_bytree=0.7213062058692892, gamma=0.2685412135983277, learning_rate=0.07533024835920818, max_depth=7, min_child_weight=5, n_estimators=10000, reg_alpha=0.45726516161372854, reg_lambda=3.026069225035944, scale_pos_weight=3.0431888859825036, subsample=1.0250837052545183; total time=   0.0s
[CV] END colsample_bytree=0.7213062058692892, gamma=0.2685412135983277, learning_rate=0.07533024835920818, max_depth=7, min_child_weight=5, n_estimators=10000, reg_alpha=0.45726516161372854, reg_lambda=3.026069225035944, scale_pos_weight=3.0431888859825036, subsample=1.0250837052545183; total time=   0.0s
[CV] END colsample_bytree=0.7213062058692892, gamma=0.2685412135983277, learning_rate=0.07533024835920818, max_depth=7, min_child_weight=5, n_estimators=10000, reg_alpha=0.45726516161372854, reg_lambda=3.026069225035944, scale_pos_weight=3.0431888859825036, subsample=1.0250837052545183; total time=   0.0s
[CV] END colsample_bytree=0.7213062058692892, gamma=0.2685412135983277, learning_rate=0.07533024835920818, max_depth=7, min_child_weight=5, n_estimators=10000, reg_alpha=0.45726516161372854, reg_lambda=3.026069225035944, scale_pos_weight=3.0431888859825036, subsample=1.0250837052545183; total time=   0.0s
[CV] END colsample_bytree=0.8162540486440426, gamma=0.3187149507491033, learning_rate=0.15521826674453232, max_depth=7, min_child_weight=2, n_estimators=10000, reg_alpha=0.5163003483011953, reg_lambda=1.468869418823738, scale_pos_weight=<scipy.stats._distn_infrastructure.rv_continuous_frozen object at 0x7f5b8ff83090>, subsample=0.9190567211558356; total time=   0.0s
[CV] END colsample_bytree=0.8162540486440426, gamma=0.3187149507491033, learning_rate=0.15521826674453232, max_depth=7, min_child_weight=2, n_estimators=10000, reg_alpha=0.5163003483011953, reg_lambda=1.468869418823738, scale_pos_weight=<scipy.stats._distn_infrastructure.rv_continuous_frozen object at 0x7f5b8ff83090>, subsample=0.9190567211558356; total time=   0.0s
[CV] END colsample_bytree=0.8162540486440426, gamma=0.3187149507491033, learning_rate=0.15521826674453232, max_depth=7, min_child_weight=2, n_estimators=10000, reg_alpha=0.5163003483011953, reg_lambda=1.468869418823738, scale_pos_weight=<scipy.stats._distn_infrastructure.rv_continuous_frozen object at 0x7f5b8ff83090>, subsample=0.9190567211558356; total time=   0.0s
[CV] END colsample_bytree=0.8162540486440426, gamma=0.3187149507491033, learning_rate=0.15521826674453232, max_depth=7, min_child_weight=2, n_estimators=10000, reg_alpha=0.5163003483011953, reg_lambda=1.468869418823738, scale_pos_weight=<scipy.stats._distn_infrastructure.rv_continuous_frozen object at 0x7f5b8ff83090>, subsample=0.9190567211558356; total time=   0.0s
[CV] END colsample_bytree=0.8162540486440426, gamma=0.3187149507491033, learning_rate=0.15521826674453232, max_depth=7, min_child_weight=2, n_estimators=10000, reg_alpha=0.5163003483011953, reg_lambda=1.468869418823738, scale_pos_weight=<scipy.stats._distn_infrastructure.rv_continuous_frozen object at 0x7f5b8ff83090>, subsample=0.9190567211558356; total time=   0.0s
[CV] END colsample_bytree=0.7734082950322968, gamma=0.3720213214995577, learning_rate=0.06017210546933224, max_depth=4, min_child_weight=5, n_estimators=10000, reg_alpha=0.08087296661719767, reg_lambda=1.7849434248203233, scale_pos_weight=3.0431888859825036, subsample=0.9271623555314159; total time=   1.8s
[CV] END colsample_bytree=0.7734082950322968, gamma=0.3720213214995577, learning_rate=0.06017210546933224, max_depth=4, min_child_weight=5, n_estimators=10000, reg_alpha=0.08087296661719767, reg_lambda=1.7849434248203233, scale_pos_weight=3.0431888859825036, subsample=0.9271623555314159; total time=   1.8s
[CV] END colsample_bytree=0.7734082950322968, gamma=0.3720213214995577, learning_rate=0.06017210546933224, max_depth=4, min_child_weight=5, n_estimators=10000, reg_alpha=0.08087296661719767, reg_lambda=1.7849434248203233, scale_pos_weight=3.0431888859825036, subsample=0.9271623555314159; total time=   1.8s
[CV] END colsample_bytree=0.7734082950322968, gamma=0.3720213214995577, learning_rate=0.06017210546933224, max_depth=4, min_child_weight=5, n_estimators=10000, reg_alpha=0.08087296661719767, reg_lambda=1.7849434248203233, scale_pos_weight=3.0431888859825036, subsample=0.9271623555314159; total time=   1.8s
[CV] END colsample_bytree=0.7734082950322968, gamma=0.3720213214995577, learning_rate=0.06017210546933224, max_depth=4, min_child_weight=5, n_estimators=10000, reg_alpha=0.08087296661719767, reg_lambda=1.7849434248203233, scale_pos_weight=3.0431888859825036, subsample=0.9271623555314159; total time=   1.9s
----------
iter: 1
n_candidates: 14
n_resources: 15456
Fitting 5 folds for each of 14 candidates, totalling 70 fits
[CV] END colsample_bytree=0.7300733288106989, gamma=0.36480308916903204, learning_rate=0.13751149427104264, max_depth=5, min_child_weight=3, n_estimators=10000, reg_alpha=0.4722149251619493, reg_lambda=0.8587827378149051, scale_pos_weight=3.0431888859825036, subsample=1.279131059412867; total time=   0.0s
[CV] END colsample_bytree=0.7300733288106989, gamma=0.36480308916903204, learning_rate=0.13751149427104264, max_depth=5, min_child_weight=3, n_estimators=10000, reg_alpha=0.4722149251619493, reg_lambda=0.8587827378149051, scale_pos_weight=3.0431888859825036, subsample=1.279131059412867; total time=   0.0s
[CV] END colsample_bytree=0.7300733288106989, gamma=0.36480308916903204, learning_rate=0.13751149427104264, max_depth=5, min_child_weight=3, n_estimators=10000, reg_alpha=0.4722149251619493, reg_lambda=0.8587827378149051, scale_pos_weight=3.0431888859825036, subsample=1.279131059412867; total time=   0.0s
[CV] END colsample_bytree=0.7300733288106989, gamma=0.36480308916903204, learning_rate=0.13751149427104264, max_depth=5, min_child_weight=3, n_estimators=10000, reg_alpha=0.4722149251619493, reg_lambda=0.8587827378149051, scale_pos_weight=3.0431888859825036, subsample=1.279131059412867; total time=   0.0s
[CV] END colsample_bytree=0.7300733288106989, gamma=0.36480308916903204, learning_rate=0.13751149427104264, max_depth=5, min_child_weight=3, n_estimators=10000, reg_alpha=0.4722149251619493, reg_lambda=0.8587827378149051, scale_pos_weight=3.0431888859825036, subsample=1.279131059412867; total time=   0.0s
[CV] END colsample_bytree=0.7480634801021777, gamma=0.007728308264433714, learning_rate=0.1956637125175451, max_depth=3, min_child_weight=5, n_estimators=10000, reg_alpha=0.5722924691708383, reg_lambda=3.440994751148137, scale_pos_weight=3.0431888859825036, subsample=0.8355591136556686; total time=   4.7s
[CV] END colsample_bytree=0.7480634801021777, gamma=0.007728308264433714, learning_rate=0.1956637125175451, max_depth=3, min_child_weight=5, n_estimators=10000, reg_alpha=0.5722924691708383, reg_lambda=3.440994751148137, scale_pos_weight=3.0431888859825036, subsample=0.8355591136556686; total time=   4.7s
[CV] END colsample_bytree=0.7480634801021777, gamma=0.007728308264433714, learning_rate=0.1956637125175451, max_depth=3, min_child_weight=5, n_estimators=10000, reg_alpha=0.5722924691708383, reg_lambda=3.440994751148137, scale_pos_weight=3.0431888859825036, subsample=0.8355591136556686; total time=   4.7s
[CV] END colsample_bytree=0.7480634801021777, gamma=0.007728308264433714, learning_rate=0.1956637125175451, max_depth=3, min_child_weight=5, n_estimators=10000, reg_alpha=0.5722924691708383, reg_lambda=3.440994751148137, scale_pos_weight=3.0431888859825036, subsample=0.8355591136556686; total time=   4.6s
[CV] END colsample_bytree=0.7480634801021777, gamma=0.007728308264433714, learning_rate=0.1956637125175451, max_depth=3, min_child_weight=5, n_estimators=10000, reg_alpha=0.5722924691708383, reg_lambda=3.440994751148137, scale_pos_weight=3.0431888859825036, subsample=0.8355591136556686; total time=   4.6s
[CV] END colsample_bytree=0.6733618039413735, gamma=0.15212112147976886, learning_rate=0.11495128632644756, max_depth=6, min_child_weight=9, n_estimators=10000, reg_alpha=0.2912291401980419, reg_lambda=2.3355586841671383, scale_pos_weight=3.0431888859825036, subsample=0.6373325305708923; total time=   4.4s
[CV] END colsample_bytree=0.6733618039413735, gamma=0.15212112147976886, learning_rate=0.11495128632644756, max_depth=6, min_child_weight=9, n_estimators=10000, reg_alpha=0.2912291401980419, reg_lambda=2.3355586841671383, scale_pos_weight=3.0431888859825036, subsample=0.6373325305708923; total time=   4.3s
[CV] END colsample_bytree=0.6733618039413735, gamma=0.15212112147976886, learning_rate=0.11495128632644756, max_depth=6, min_child_weight=9, n_estimators=10000, reg_alpha=0.2912291401980419, reg_lambda=2.3355586841671383, scale_pos_weight=3.0431888859825036, subsample=0.6373325305708923; total time=   4.4s
[CV] END colsample_bytree=0.6733618039413735, gamma=0.15212112147976886, learning_rate=0.11495128632644756, max_depth=6, min_child_weight=9, n_estimators=10000, reg_alpha=0.2912291401980419, reg_lambda=2.3355586841671383, scale_pos_weight=3.0431888859825036, subsample=0.6373325305708923; total time=   4.3s
[CV] END colsample_bytree=0.6733618039413735, gamma=0.15212112147976886, learning_rate=0.11495128632644756, max_depth=6, min_child_weight=9, n_estimators=10000, reg_alpha=0.2912291401980419, reg_lambda=2.3355586841671383, scale_pos_weight=3.0431888859825036, subsample=0.6373325305708923; total time=   4.4s
[CV] END colsample_bytree=0.8886918084659492, gamma=0.11799245987447787, learning_rate=0.0612136645522648, max_depth=5, min_child_weight=9, n_estimators=10000, reg_alpha=0.7106628896857874, reg_lambda=0.832672462435494, scale_pos_weight=3.0431888859825036, subsample=0.6863131415946435; total time=   6.0s
[CV] END colsample_bytree=0.8886918084659492, gamma=0.11799245987447787, learning_rate=0.0612136645522648, max_depth=5, min_child_weight=9, n_estimators=10000, reg_alpha=0.7106628896857874, reg_lambda=0.832672462435494, scale_pos_weight=3.0431888859825036, subsample=0.6863131415946435; total time=   5.9s
[CV] END colsample_bytree=0.8886918084659492, gamma=0.11799245987447787, learning_rate=0.0612136645522648, max_depth=5, min_child_weight=9, n_estimators=10000, reg_alpha=0.7106628896857874, reg_lambda=0.832672462435494, scale_pos_weight=3.0431888859825036, subsample=0.6863131415946435; total time=   6.0s
[CV] END colsample_bytree=0.8886918084659492, gamma=0.11799245987447787, learning_rate=0.0612136645522648, max_depth=5, min_child_weight=9, n_estimators=10000, reg_alpha=0.7106628896857874, reg_lambda=0.832672462435494, scale_pos_weight=3.0431888859825036, subsample=0.6863131415946435; total time=   5.8s
[CV] END colsample_bytree=0.8886918084659492, gamma=0.11799245987447787, learning_rate=0.0612136645522648, max_depth=5, min_child_weight=9, n_estimators=10000, reg_alpha=0.7106628896857874, reg_lambda=0.832672462435494, scale_pos_weight=3.0431888859825036, subsample=0.6863131415946435; total time=   5.8s
[CV] END colsample_bytree=0.6923575302488596, gamma=0.12051273301300586, learning_rate=0.14665270376509165, max_depth=6, min_child_weight=8, n_estimators=10000, reg_alpha=0.034388521115218396, reg_lambda=3.2279612062363463, scale_pos_weight=3.0431888859825036, subsample=0.7457888702304498; total time=   3.8s
[CV] END colsample_bytree=0.6923575302488596, gamma=0.12051273301300586, learning_rate=0.14665270376509165, max_depth=6, min_child_weight=8, n_estimators=10000, reg_alpha=0.034388521115218396, reg_lambda=3.2279612062363463, scale_pos_weight=3.0431888859825036, subsample=0.7457888702304498; total time=   3.7s
[CV] END colsample_bytree=0.6923575302488596, gamma=0.12051273301300586, learning_rate=0.14665270376509165, max_depth=6, min_child_weight=8, n_estimators=10000, reg_alpha=0.034388521115218396, reg_lambda=3.2279612062363463, scale_pos_weight=3.0431888859825036, subsample=0.7457888702304498; total time=   4.0s
[CV] END colsample_bytree=0.6923575302488596, gamma=0.12051273301300586, learning_rate=0.14665270376509165, max_depth=6, min_child_weight=8, n_estimators=10000, reg_alpha=0.034388521115218396, reg_lambda=3.2279612062363463, scale_pos_weight=3.0431888859825036, subsample=0.7457888702304498; total time=   3.8s
[CV] END colsample_bytree=0.6923575302488596, gamma=0.12051273301300586, learning_rate=0.14665270376509165, max_depth=6, min_child_weight=8, n_estimators=10000, reg_alpha=0.034388521115218396, reg_lambda=3.2279612062363463, scale_pos_weight=3.0431888859825036, subsample=0.7457888702304498; total time=   3.9s
[CV] END colsample_bytree=0.743796460487902, gamma=0.14679592213224668, learning_rate=0.17187223109570274, max_depth=5, min_child_weight=2, n_estimators=10000, reg_alpha=0.8670723185801037, reg_lambda=3.239721657669414, scale_pos_weight=3.0431888859825036, subsample=0.6041478902191894; total time=   3.7s
[CV] END colsample_bytree=0.743796460487902, gamma=0.14679592213224668, learning_rate=0.17187223109570274, max_depth=5, min_child_weight=2, n_estimators=10000, reg_alpha=0.8670723185801037, reg_lambda=3.239721657669414, scale_pos_weight=3.0431888859825036, subsample=0.6041478902191894; total time=   3.8s
[CV] END colsample_bytree=0.743796460487902, gamma=0.14679592213224668, learning_rate=0.17187223109570274, max_depth=5, min_child_weight=2, n_estimators=10000, reg_alpha=0.8670723185801037, reg_lambda=3.239721657669414, scale_pos_weight=3.0431888859825036, subsample=0.6041478902191894; total time=   3.8s
[CV] END colsample_bytree=0.743796460487902, gamma=0.14679592213224668, learning_rate=0.17187223109570274, max_depth=5, min_child_weight=2, n_estimators=10000, reg_alpha=0.8670723185801037, reg_lambda=3.239721657669414, scale_pos_weight=3.0431888859825036, subsample=0.6041478902191894; total time=   3.7s
[CV] END colsample_bytree=0.743796460487902, gamma=0.14679592213224668, learning_rate=0.17187223109570274, max_depth=5, min_child_weight=2, n_estimators=10000, reg_alpha=0.8670723185801037, reg_lambda=3.239721657669414, scale_pos_weight=3.0431888859825036, subsample=0.6041478902191894; total time=   3.7s
[CV] END colsample_bytree=0.8590760482165449, gamma=0.0002601884976579094, learning_rate=0.0805137712668338, max_depth=5, min_child_weight=7, n_estimators=10000, reg_alpha=0.16465585314294173, reg_lambda=2.102268258126326, scale_pos_weight=3.0431888859825036, subsample=0.7776862483765842; total time=   6.4s
[CV] END colsample_bytree=0.8590760482165449, gamma=0.0002601884976579094, learning_rate=0.0805137712668338, max_depth=5, min_child_weight=7, n_estimators=10000, reg_alpha=0.16465585314294173, reg_lambda=2.102268258126326, scale_pos_weight=3.0431888859825036, subsample=0.7776862483765842; total time=   6.5s
[CV] END colsample_bytree=0.8590760482165449, gamma=0.0002601884976579094, learning_rate=0.0805137712668338, max_depth=5, min_child_weight=7, n_estimators=10000, reg_alpha=0.16465585314294173, reg_lambda=2.102268258126326, scale_pos_weight=3.0431888859825036, subsample=0.7776862483765842; total time=   6.7s
[CV] END colsample_bytree=0.8590760482165449, gamma=0.0002601884976579094, learning_rate=0.0805137712668338, max_depth=5, min_child_weight=7, n_estimators=10000, reg_alpha=0.16465585314294173, reg_lambda=2.102268258126326, scale_pos_weight=3.0431888859825036, subsample=0.7776862483765842; total time=   6.6s
[CV] END colsample_bytree=0.8590760482165449, gamma=0.0002601884976579094, learning_rate=0.0805137712668338, max_depth=5, min_child_weight=7, n_estimators=10000, reg_alpha=0.16465585314294173, reg_lambda=2.102268258126326, scale_pos_weight=3.0431888859825036, subsample=0.7776862483765842; total time=   6.5s
[CV] END colsample_bytree=0.9594216754108317, gamma=0.30321452982979497, learning_rate=0.01183941032332593, max_depth=8, min_child_weight=9, n_estimators=10000, reg_alpha=0.6635017691080558, reg_lambda=0.5151847515386561, scale_pos_weight=3.0431888859825036, subsample=0.8442910882755148; total time=   8.4s
[CV] END colsample_bytree=0.9594216754108317, gamma=0.30321452982979497, learning_rate=0.01183941032332593, max_depth=8, min_child_weight=9, n_estimators=10000, reg_alpha=0.6635017691080558, reg_lambda=0.5151847515386561, scale_pos_weight=3.0431888859825036, subsample=0.8442910882755148; total time=   8.2s
[CV] END colsample_bytree=0.9594216754108317, gamma=0.30321452982979497, learning_rate=0.01183941032332593, max_depth=8, min_child_weight=9, n_estimators=10000, reg_alpha=0.6635017691080558, reg_lambda=0.5151847515386561, scale_pos_weight=3.0431888859825036, subsample=0.8442910882755148; total time=   8.5s
[CV] END colsample_bytree=0.9594216754108317, gamma=0.30321452982979497, learning_rate=0.01183941032332593, max_depth=8, min_child_weight=9, n_estimators=10000, reg_alpha=0.6635017691080558, reg_lambda=0.5151847515386561, scale_pos_weight=3.0431888859825036, subsample=0.8442910882755148; total time=   8.5s
[CV] END colsample_bytree=0.9594216754108317, gamma=0.30321452982979497, learning_rate=0.01183941032332593, max_depth=8, min_child_weight=9, n_estimators=10000, reg_alpha=0.6635017691080558, reg_lambda=0.5151847515386561, scale_pos_weight=3.0431888859825036, subsample=0.8442910882755148; total time=   8.5s
[CV] END colsample_bytree=0.7734082950322968, gamma=0.3720213214995577, learning_rate=0.06017210546933224, max_depth=4, min_child_weight=5, n_estimators=10000, reg_alpha=0.08087296661719767, reg_lambda=1.7849434248203233, scale_pos_weight=3.0431888859825036, subsample=0.9271623555314159; total time=   3.2s
[CV] END colsample_bytree=0.7734082950322968, gamma=0.3720213214995577, learning_rate=0.06017210546933224, max_depth=4, min_child_weight=5, n_estimators=10000, reg_alpha=0.08087296661719767, reg_lambda=1.7849434248203233, scale_pos_weight=3.0431888859825036, subsample=0.9271623555314159; total time=   3.2s
[CV] END colsample_bytree=0.7734082950322968, gamma=0.3720213214995577, learning_rate=0.06017210546933224, max_depth=4, min_child_weight=5, n_estimators=10000, reg_alpha=0.08087296661719767, reg_lambda=1.7849434248203233, scale_pos_weight=3.0431888859825036, subsample=0.9271623555314159; total time=   3.2s
[CV] END colsample_bytree=0.7734082950322968, gamma=0.3720213214995577, learning_rate=0.06017210546933224, max_depth=4, min_child_weight=5, n_estimators=10000, reg_alpha=0.08087296661719767, reg_lambda=1.7849434248203233, scale_pos_weight=3.0431888859825036, subsample=0.9271623555314159; total time=   3.1s
[CV] END colsample_bytree=0.7734082950322968, gamma=0.3720213214995577, learning_rate=0.06017210546933224, max_depth=4, min_child_weight=5, n_estimators=10000, reg_alpha=0.08087296661719767, reg_lambda=1.7849434248203233, scale_pos_weight=3.0431888859825036, subsample=0.9271623555314159; total time=   3.1s
[CV] END colsample_bytree=0.8688104541180797, gamma=0.16407633373736596, learning_rate=0.04100832334554884, max_depth=8, min_child_weight=6, n_estimators=10000, reg_alpha=0.5908332605690108, reg_lambda=0.5915007498171483, scale_pos_weight=3.0431888859825036, subsample=0.6310677875435385; total time=   6.0s
[CV] END colsample_bytree=0.8688104541180797, gamma=0.16407633373736596, learning_rate=0.04100832334554884, max_depth=8, min_child_weight=6, n_estimators=10000, reg_alpha=0.5908332605690108, reg_lambda=0.5915007498171483, scale_pos_weight=3.0431888859825036, subsample=0.6310677875435385; total time=   6.1s
[CV] END colsample_bytree=0.8688104541180797, gamma=0.16407633373736596, learning_rate=0.04100832334554884, max_depth=8, min_child_weight=6, n_estimators=10000, reg_alpha=0.5908332605690108, reg_lambda=0.5915007498171483, scale_pos_weight=3.0431888859825036, subsample=0.6310677875435385; total time=   6.3s
[CV] END colsample_bytree=0.8688104541180797, gamma=0.16407633373736596, learning_rate=0.04100832334554884, max_depth=8, min_child_weight=6, n_estimators=10000, reg_alpha=0.5908332605690108, reg_lambda=0.5915007498171483, scale_pos_weight=3.0431888859825036, subsample=0.6310677875435385; total time=   6.2s
[CV] END colsample_bytree=0.8688104541180797, gamma=0.16407633373736596, learning_rate=0.04100832334554884, max_depth=8, min_child_weight=6, n_estimators=10000, reg_alpha=0.5908332605690108, reg_lambda=0.5915007498171483, scale_pos_weight=3.0431888859825036, subsample=0.6310677875435385; total time=   6.1s
[CV] END colsample_bytree=0.7334834444556088, gamma=0.07143340896097039, learning_rate=0.14017769458977059, max_depth=7, min_child_weight=2, n_estimators=10000, reg_alpha=0.7219987722668247, reg_lambda=3.3156581270472505, scale_pos_weight=3.0431888859825036, subsample=0.7454599737656805; total time=   3.7s
[CV] END colsample_bytree=0.7334834444556088, gamma=0.07143340896097039, learning_rate=0.14017769458977059, max_depth=7, min_child_weight=2, n_estimators=10000, reg_alpha=0.7219987722668247, reg_lambda=3.3156581270472505, scale_pos_weight=3.0431888859825036, subsample=0.7454599737656805; total time=   3.7s
[CV] END colsample_bytree=0.7334834444556088, gamma=0.07143340896097039, learning_rate=0.14017769458977059, max_depth=7, min_child_weight=2, n_estimators=10000, reg_alpha=0.7219987722668247, reg_lambda=3.3156581270472505, scale_pos_weight=3.0431888859825036, subsample=0.7454599737656805; total time=   3.8s
[CV] END colsample_bytree=0.7334834444556088, gamma=0.07143340896097039, learning_rate=0.14017769458977059, max_depth=7, min_child_weight=2, n_estimators=10000, reg_alpha=0.7219987722668247, reg_lambda=3.3156581270472505, scale_pos_weight=3.0431888859825036, subsample=0.7454599737656805; total time=   3.7s
[CV] END colsample_bytree=0.7334834444556088, gamma=0.07143340896097039, learning_rate=0.14017769458977059, max_depth=7, min_child_weight=2, n_estimators=10000, reg_alpha=0.7219987722668247, reg_lambda=3.3156581270472505, scale_pos_weight=3.0431888859825036, subsample=0.7454599737656805; total time=   3.8s
[CV] END colsample_bytree=0.6205915004999957, gamma=0.13932323211830572, learning_rate=0.19165317719333075, max_depth=5, min_child_weight=2, n_estimators=10000, reg_alpha=0.5309345833171364, reg_lambda=1.843349493719275, scale_pos_weight=3.0431888859825036, subsample=0.7936442172092003; total time=   2.9s
[CV] END colsample_bytree=0.6205915004999957, gamma=0.13932323211830572, learning_rate=0.19165317719333075, max_depth=5, min_child_weight=2, n_estimators=10000, reg_alpha=0.5309345833171364, reg_lambda=1.843349493719275, scale_pos_weight=3.0431888859825036, subsample=0.7936442172092003; total time=   2.9s
[CV] END colsample_bytree=0.6205915004999957, gamma=0.13932323211830572, learning_rate=0.19165317719333075, max_depth=5, min_child_weight=2, n_estimators=10000, reg_alpha=0.5309345833171364, reg_lambda=1.843349493719275, scale_pos_weight=3.0431888859825036, subsample=0.7936442172092003; total time=   2.9s
[CV] END colsample_bytree=0.6205915004999957, gamma=0.13932323211830572, learning_rate=0.19165317719333075, max_depth=5, min_child_weight=2, n_estimators=10000, reg_alpha=0.5309345833171364, reg_lambda=1.843349493719275, scale_pos_weight=3.0431888859825036, subsample=0.7936442172092003; total time=   2.8s
[CV] END colsample_bytree=0.6205915004999957, gamma=0.13932323211830572, learning_rate=0.19165317719333075, max_depth=5, min_child_weight=2, n_estimators=10000, reg_alpha=0.5309345833171364, reg_lambda=1.843349493719275, scale_pos_weight=3.0431888859825036, subsample=0.7936442172092003; total time=   2.8s
[CV] END colsample_bytree=0.8688542189623514, gamma=0.3808098076643588, learning_rate=0.05752750879847994, max_depth=9, min_child_weight=6, n_estimators=10000, reg_alpha=0.3677831327192532, reg_lambda=2.3969174917807385, scale_pos_weight=3.0431888859825036, subsample=0.9190595539556424; total time=   3.0s
[CV] END colsample_bytree=0.8688542189623514, gamma=0.3808098076643588, learning_rate=0.05752750879847994, max_depth=9, min_child_weight=6, n_estimators=10000, reg_alpha=0.3677831327192532, reg_lambda=2.3969174917807385, scale_pos_weight=3.0431888859825036, subsample=0.9190595539556424; total time=   2.9s
[CV] END colsample_bytree=0.8688542189623514, gamma=0.3808098076643588, learning_rate=0.05752750879847994, max_depth=9, min_child_weight=6, n_estimators=10000, reg_alpha=0.3677831327192532, reg_lambda=2.3969174917807385, scale_pos_weight=3.0431888859825036, subsample=0.9190595539556424; total time=   2.9s
[CV] END colsample_bytree=0.8688542189623514, gamma=0.3808098076643588, learning_rate=0.05752750879847994, max_depth=9, min_child_weight=6, n_estimators=10000, reg_alpha=0.3677831327192532, reg_lambda=2.3969174917807385, scale_pos_weight=3.0431888859825036, subsample=0.9190595539556424; total time=   2.9s
[CV] END colsample_bytree=0.8688542189623514, gamma=0.3808098076643588, learning_rate=0.05752750879847994, max_depth=9, min_child_weight=6, n_estimators=10000, reg_alpha=0.3677831327192532, reg_lambda=2.3969174917807385, scale_pos_weight=3.0431888859825036, subsample=0.9190595539556424; total time=   2.9s
[CV] END colsample_bytree=0.8511577659794545, gamma=0.09713697675602112, learning_rate=0.024188183399985533, max_depth=8, min_child_weight=3, n_estimators=10000, reg_alpha=0.3379951568515358, reg_lambda=1.6267488579198321, scale_pos_weight=3.0431888859825036, subsample=0.9507792984144696; total time=   5.3s
[CV] END colsample_bytree=0.8511577659794545, gamma=0.09713697675602112, learning_rate=0.024188183399985533, max_depth=8, min_child_weight=3, n_estimators=10000, reg_alpha=0.3379951568515358, reg_lambda=1.6267488579198321, scale_pos_weight=3.0431888859825036, subsample=0.9507792984144696; total time=   5.2s
[CV] END colsample_bytree=0.8511577659794545, gamma=0.09713697675602112, learning_rate=0.024188183399985533, max_depth=8, min_child_weight=3, n_estimators=10000, reg_alpha=0.3379951568515358, reg_lambda=1.6267488579198321, scale_pos_weight=3.0431888859825036, subsample=0.9507792984144696; total time=   5.4s
[CV] END colsample_bytree=0.8511577659794545, gamma=0.09713697675602112, learning_rate=0.024188183399985533, max_depth=8, min_child_weight=3, n_estimators=10000, reg_alpha=0.3379951568515358, reg_lambda=1.6267488579198321, scale_pos_weight=3.0431888859825036, subsample=0.9507792984144696; total time=   5.4s
[CV] END colsample_bytree=0.8511577659794545, gamma=0.09713697675602112, learning_rate=0.024188183399985533, max_depth=8, min_child_weight=3, n_estimators=10000, reg_alpha=0.3379951568515358, reg_lambda=1.6267488579198321, scale_pos_weight=3.0431888859825036, subsample=0.9507792984144696; total time=   5.4s
----------
iter: 2
n_candidates: 5
n_resources: 46368
Fitting 5 folds for each of 5 candidates, totalling 25 fits
[CV] END colsample_bytree=0.7334834444556088, gamma=0.07143340896097039, learning_rate=0.14017769458977059, max_depth=7, min_child_weight=2, n_estimators=10000, reg_alpha=0.7219987722668247, reg_lambda=3.3156581270472505, scale_pos_weight=3.0431888859825036, subsample=0.7454599737656805; total time=   8.9s
[CV] END colsample_bytree=0.7334834444556088, gamma=0.07143340896097039, learning_rate=0.14017769458977059, max_depth=7, min_child_weight=2, n_estimators=10000, reg_alpha=0.7219987722668247, reg_lambda=3.3156581270472505, scale_pos_weight=3.0431888859825036, subsample=0.7454599737656805; total time=   9.0s
[CV] END colsample_bytree=0.7334834444556088, gamma=0.07143340896097039, learning_rate=0.14017769458977059, max_depth=7, min_child_weight=2, n_estimators=10000, reg_alpha=0.7219987722668247, reg_lambda=3.3156581270472505, scale_pos_weight=3.0431888859825036, subsample=0.7454599737656805; total time=   9.0s
[CV] END colsample_bytree=0.7334834444556088, gamma=0.07143340896097039, learning_rate=0.14017769458977059, max_depth=7, min_child_weight=2, n_estimators=10000, reg_alpha=0.7219987722668247, reg_lambda=3.3156581270472505, scale_pos_weight=3.0431888859825036, subsample=0.7454599737656805; total time=   9.3s
[CV] END colsample_bytree=0.7334834444556088, gamma=0.07143340896097039, learning_rate=0.14017769458977059, max_depth=7, min_child_weight=2, n_estimators=10000, reg_alpha=0.7219987722668247, reg_lambda=3.3156581270472505, scale_pos_weight=3.0431888859825036, subsample=0.7454599737656805; total time=   9.1s
[CV] END colsample_bytree=0.8688104541180797, gamma=0.16407633373736596, learning_rate=0.04100832334554884, max_depth=8, min_child_weight=6, n_estimators=10000, reg_alpha=0.5908332605690108, reg_lambda=0.5915007498171483, scale_pos_weight=3.0431888859825036, subsample=0.6310677875435385; total time=  13.4s
[CV] END colsample_bytree=0.8688104541180797, gamma=0.16407633373736596, learning_rate=0.04100832334554884, max_depth=8, min_child_weight=6, n_estimators=10000, reg_alpha=0.5908332605690108, reg_lambda=0.5915007498171483, scale_pos_weight=3.0431888859825036, subsample=0.6310677875435385; total time=  13.7s
[CV] END colsample_bytree=0.8688104541180797, gamma=0.16407633373736596, learning_rate=0.04100832334554884, max_depth=8, min_child_weight=6, n_estimators=10000, reg_alpha=0.5908332605690108, reg_lambda=0.5915007498171483, scale_pos_weight=3.0431888859825036, subsample=0.6310677875435385; total time=  13.8s
[CV] END colsample_bytree=0.8688104541180797, gamma=0.16407633373736596, learning_rate=0.04100832334554884, max_depth=8, min_child_weight=6, n_estimators=10000, reg_alpha=0.5908332605690108, reg_lambda=0.5915007498171483, scale_pos_weight=3.0431888859825036, subsample=0.6310677875435385; total time=  13.5s
[CV] END colsample_bytree=0.8688104541180797, gamma=0.16407633373736596, learning_rate=0.04100832334554884, max_depth=8, min_child_weight=6, n_estimators=10000, reg_alpha=0.5908332605690108, reg_lambda=0.5915007498171483, scale_pos_weight=3.0431888859825036, subsample=0.6310677875435385; total time=  13.4s
[CV] END colsample_bytree=0.9594216754108317, gamma=0.30321452982979497, learning_rate=0.01183941032332593, max_depth=8, min_child_weight=9, n_estimators=10000, reg_alpha=0.6635017691080558, reg_lambda=0.5151847515386561, scale_pos_weight=3.0431888859825036, subsample=0.8442910882755148; total time=  17.2s
[CV] END colsample_bytree=0.9594216754108317, gamma=0.30321452982979497, learning_rate=0.01183941032332593, max_depth=8, min_child_weight=9, n_estimators=10000, reg_alpha=0.6635017691080558, reg_lambda=0.5151847515386561, scale_pos_weight=3.0431888859825036, subsample=0.8442910882755148; total time=  16.8s
[CV] END colsample_bytree=0.9594216754108317, gamma=0.30321452982979497, learning_rate=0.01183941032332593, max_depth=8, min_child_weight=9, n_estimators=10000, reg_alpha=0.6635017691080558, reg_lambda=0.5151847515386561, scale_pos_weight=3.0431888859825036, subsample=0.8442910882755148; total time=  17.8s
[CV] END colsample_bytree=0.9594216754108317, gamma=0.30321452982979497, learning_rate=0.01183941032332593, max_depth=8, min_child_weight=9, n_estimators=10000, reg_alpha=0.6635017691080558, reg_lambda=0.5151847515386561, scale_pos_weight=3.0431888859825036, subsample=0.8442910882755148; total time=  16.7s
[CV] END colsample_bytree=0.9594216754108317, gamma=0.30321452982979497, learning_rate=0.01183941032332593, max_depth=8, min_child_weight=9, n_estimators=10000, reg_alpha=0.6635017691080558, reg_lambda=0.5151847515386561, scale_pos_weight=3.0431888859825036, subsample=0.8442910882755148; total time=  17.1s
[CV] END colsample_bytree=0.8511577659794545, gamma=0.09713697675602112, learning_rate=0.024188183399985533, max_depth=8, min_child_weight=3, n_estimators=10000, reg_alpha=0.3379951568515358, reg_lambda=1.6267488579198321, scale_pos_weight=3.0431888859825036, subsample=0.9507792984144696; total time=  12.1s
[CV] END colsample_bytree=0.8511577659794545, gamma=0.09713697675602112, learning_rate=0.024188183399985533, max_depth=8, min_child_weight=3, n_estimators=10000, reg_alpha=0.3379951568515358, reg_lambda=1.6267488579198321, scale_pos_weight=3.0431888859825036, subsample=0.9507792984144696; total time=  11.9s
[CV] END colsample_bytree=0.8511577659794545, gamma=0.09713697675602112, learning_rate=0.024188183399985533, max_depth=8, min_child_weight=3, n_estimators=10000, reg_alpha=0.3379951568515358, reg_lambda=1.6267488579198321, scale_pos_weight=3.0431888859825036, subsample=0.9507792984144696; total time=  12.3s
[CV] END colsample_bytree=0.8511577659794545, gamma=0.09713697675602112, learning_rate=0.024188183399985533, max_depth=8, min_child_weight=3, n_estimators=10000, reg_alpha=0.3379951568515358, reg_lambda=1.6267488579198321, scale_pos_weight=3.0431888859825036, subsample=0.9507792984144696; total time=  12.2s
[CV] END colsample_bytree=0.8511577659794545, gamma=0.09713697675602112, learning_rate=0.024188183399985533, max_depth=8, min_child_weight=3, n_estimators=10000, reg_alpha=0.3379951568515358, reg_lambda=1.6267488579198321, scale_pos_weight=3.0431888859825036, subsample=0.9507792984144696; total time=  11.9s
[CV] END colsample_bytree=0.8688542189623514, gamma=0.3808098076643588, learning_rate=0.05752750879847994, max_depth=9, min_child_weight=6, n_estimators=10000, reg_alpha=0.3677831327192532, reg_lambda=2.3969174917807385, scale_pos_weight=3.0431888859825036, subsample=0.9190595539556424; total time=   5.9s
[CV] END colsample_bytree=0.8688542189623514, gamma=0.3808098076643588, learning_rate=0.05752750879847994, max_depth=9, min_child_weight=6, n_estimators=10000, reg_alpha=0.3677831327192532, reg_lambda=2.3969174917807385, scale_pos_weight=3.0431888859825036, subsample=0.9190595539556424; total time=   6.1s
[CV] END colsample_bytree=0.8688542189623514, gamma=0.3808098076643588, learning_rate=0.05752750879847994, max_depth=9, min_child_weight=6, n_estimators=10000, reg_alpha=0.3677831327192532, reg_lambda=2.3969174917807385, scale_pos_weight=3.0431888859825036, subsample=0.9190595539556424; total time=   6.2s
[CV] END colsample_bytree=0.8688542189623514, gamma=0.3808098076643588, learning_rate=0.05752750879847994, max_depth=9, min_child_weight=6, n_estimators=10000, reg_alpha=0.3677831327192532, reg_lambda=2.3969174917807385, scale_pos_weight=3.0431888859825036, subsample=0.9190595539556424; total time=   6.1s
[CV] END colsample_bytree=0.8688542189623514, gamma=0.3808098076643588, learning_rate=0.05752750879847994, max_depth=9, min_child_weight=6, n_estimators=10000, reg_alpha=0.3677831327192532, reg_lambda=2.3969174917807385, scale_pos_weight=3.0431888859825036, subsample=0.9190595539556424; total time=   6.0s
----------
iter: 3
n_candidates: 2
n_resources: 139104
Fitting 5 folds for each of 2 candidates, totalling 10 fits
[CV] END colsample_bytree=0.8688542189623514, gamma=0.3808098076643588, learning_rate=0.05752750879847994, max_depth=9, min_child_weight=6, n_estimators=10000, reg_alpha=0.3677831327192532, reg_lambda=2.3969174917807385, scale_pos_weight=3.0431888859825036, subsample=0.9190595539556424; total time=  15.2s
[CV] END colsample_bytree=0.8688542189623514, gamma=0.3808098076643588, learning_rate=0.05752750879847994, max_depth=9, min_child_weight=6, n_estimators=10000, reg_alpha=0.3677831327192532, reg_lambda=2.3969174917807385, scale_pos_weight=3.0431888859825036, subsample=0.9190595539556424; total time=  15.7s
[CV] END colsample_bytree=0.8688542189623514, gamma=0.3808098076643588, learning_rate=0.05752750879847994, max_depth=9, min_child_weight=6, n_estimators=10000, reg_alpha=0.3677831327192532, reg_lambda=2.3969174917807385, scale_pos_weight=3.0431888859825036, subsample=0.9190595539556424; total time=  15.5s
[CV] END colsample_bytree=0.8688542189623514, gamma=0.3808098076643588, learning_rate=0.05752750879847994, max_depth=9, min_child_weight=6, n_estimators=10000, reg_alpha=0.3677831327192532, reg_lambda=2.3969174917807385, scale_pos_weight=3.0431888859825036, subsample=0.9190595539556424; total time=  15.3s
[CV] END colsample_bytree=0.8688542189623514, gamma=0.3808098076643588, learning_rate=0.05752750879847994, max_depth=9, min_child_weight=6, n_estimators=10000, reg_alpha=0.3677831327192532, reg_lambda=2.3969174917807385, scale_pos_weight=3.0431888859825036, subsample=0.9190595539556424; total time=  15.7s
[CV] END colsample_bytree=0.8511577659794545, gamma=0.09713697675602112, learning_rate=0.024188183399985533, max_depth=8, min_child_weight=3, n_estimators=10000, reg_alpha=0.3379951568515358, reg_lambda=1.6267488579198321, scale_pos_weight=3.0431888859825036, subsample=0.9507792984144696; total time=  31.0s
[CV] END colsample_bytree=0.8511577659794545, gamma=0.09713697675602112, learning_rate=0.024188183399985533, max_depth=8, min_child_weight=3, n_estimators=10000, reg_alpha=0.3379951568515358, reg_lambda=1.6267488579198321, scale_pos_weight=3.0431888859825036, subsample=0.9507792984144696; total time=  31.1s
[CV] END colsample_bytree=0.8511577659794545, gamma=0.09713697675602112, learning_rate=0.024188183399985533, max_depth=8, min_child_weight=3, n_estimators=10000, reg_alpha=0.3379951568515358, reg_lambda=1.6267488579198321, scale_pos_weight=3.0431888859825036, subsample=0.9507792984144696; total time=  31.4s
[CV] END colsample_bytree=0.8511577659794545, gamma=0.09713697675602112, learning_rate=0.024188183399985533, max_depth=8, min_child_weight=3, n_estimators=10000, reg_alpha=0.3379951568515358, reg_lambda=1.6267488579198321, scale_pos_weight=3.0431888859825036, subsample=0.9507792984144696; total time=  31.4s
[CV] END colsample_bytree=0.8511577659794545, gamma=0.09713697675602112, learning_rate=0.024188183399985533, max_depth=8, min_child_weight=3, n_estimators=10000, reg_alpha=0.3379951568515358, reg_lambda=1.6267488579198321, scale_pos_weight=3.0431888859825036, subsample=0.9507792984144696; total time=  31.5s

Best F1-macro (CV on train): 0.9027

======================================================================
Threshold tuning on validation set 
======================================================================
  Best F1-macro   threshold (val): 0.50  : f1_macro=0.8281  recall_anom=0.6784
  Best F1-anomaly threshold (val): 0.45
  Best Youden     threshold (val): 0.30
  Best recall≥90  threshold (val): 0.05

======================================================================
Evaluation on TEST  (threshold=0.50 from val)
======================================================================

BASELINE  (test, threshold=0.5)
======================================================================
              precision    recall  f1-score   support

        Good     0.8632    0.8899    0.8764     29466
         Bad     0.7556    0.7071    0.7305     14184

    accuracy                         0.8305     43650
   macro avg     0.8094    0.7985    0.8034     43650
weighted avg     0.8282    0.8305    0.8290     43650


OPTIMIZED  (test, threshold=0.50 tuned on val, scoring=f1_macro)
======================================================================
              precision    recall  f1-score   support

        Good     0.8500    0.9380    0.8918     29466
         Bad     0.8359    0.6560    0.7351     14184

    accuracy                         0.8464     43650
   macro avg     0.8429    0.7970    0.8135     43650
weighted avg     0.8454    0.8464    0.8409     43650


======================================================================
Saving artifacts
======================================================================
  - Model
  - Plot bundle
  - Test results parquet
  - Threshold info
  - Best params JSON
  - HP search CSV
  - Threshold CSV
  - Classification report
  - MLflow model log

######################################################################
#  OCEANO: Indian
######################################################################
  Train : 88,992 profiles | 39.10% anomalous
  Val   : 26,795   profiles | 49.19% anomalous
  Test  : 22,780  profiles | 51.48% anomalous
  Features: 24  →  ['TEMP_max', 'TEMP_min', 'TEMP_mean', 'TEMP_std', 'TEMP_range', 'TEMP_max_grad', 'TEMP_mean_grad', 'TEMP_grad_std', 'PSAL_max', 'PSAL_min', 'PSAL_mean', 'PSAL_std', 'PSAL_range', 'PSAL_max_grad', 'PSAL_mean_grad', 'PSAL_grad_std', 'PRES_max', 'PRES_min', 'PRES_mean', 'PRES_std', 'PRES_range', 'PRES_max_grad', 'PRES_mean_grad', 'PRES_grad_std']
  Imbalance ratio (scale_pos_weight): 1.56

Using experiment 'XGBoost_Indian_2018_2022_TemporalSplit' (id=48)

======================================================================
Baseline XGBoost (200 trees, default threshold 0.5)
======================================================================
  Baseline ROC-AUC (test) : 0.9077
  Baseline F1-macro (test): 0.8302

======================================================================
HalvingRandomSearchCV — scoring=f1_macro  (CV en train only)
======================================================================

Starting hyperparameter search...
n_iterations: 4
n_required_iterations: 4
n_possible_iterations: 4
min_resources_: 3296
max_resources_: 88992
aggressive_elimination: False
factor: 3
----------
iter: 0
n_candidates: 40
n_resources: 3296
Fitting 5 folds for each of 40 candidates, totalling 200 fits
[CV] END colsample_bytree=0.749816047538945, gamma=0.4753571532049581, learning_rate=0.15639878836228102, max_depth=7, min_child_weight=5, n_estimators=10000, reg_alpha=0.15601864044243652, reg_lambda=0.9679835610086079, scale_pos_weight=<scipy.stats._distn_infrastructure.rv_continuous_frozen object at 0x7f5b8f49e5d0>, subsample=0.9673991135726937; total time=   0.0s
[CV] END colsample_bytree=0.749816047538945, gamma=0.4753571532049581, learning_rate=0.15639878836228102, max_depth=7, min_child_weight=5, n_estimators=10000, reg_alpha=0.15601864044243652, reg_lambda=0.9679835610086079, scale_pos_weight=<scipy.stats._distn_infrastructure.rv_continuous_frozen object at 0x7f5b8f49e5d0>, subsample=0.9673991135726937; total time=   0.0s
[CV] END colsample_bytree=0.749816047538945, gamma=0.4753571532049581, learning_rate=0.15639878836228102, max_depth=7, min_child_weight=5, n_estimators=10000, reg_alpha=0.15601864044243652, reg_lambda=0.9679835610086079, scale_pos_weight=<scipy.stats._distn_infrastructure.rv_continuous_frozen object at 0x7f5b8f49e5d0>, subsample=0.9673991135726937; total time=   0.0s
[CV] END colsample_bytree=0.749816047538945, gamma=0.4753571532049581, learning_rate=0.15639878836228102, max_depth=7, min_child_weight=5, n_estimators=10000, reg_alpha=0.15601864044243652, reg_lambda=0.9679835610086079, scale_pos_weight=<scipy.stats._distn_infrastructure.rv_continuous_frozen object at 0x7f5b8f49e5d0>, subsample=0.9673991135726937; total time=   0.0s
[CV] END colsample_bytree=0.749816047538945, gamma=0.4753571532049581, learning_rate=0.15639878836228102, max_depth=7, min_child_weight=5, n_estimators=10000, reg_alpha=0.15601864044243652, reg_lambda=0.9679835610086079, scale_pos_weight=<scipy.stats._distn_infrastructure.rv_continuous_frozen object at 0x7f5b8f49e5d0>, subsample=0.9673991135726937; total time=   0.0s
[CV] END colsample_bytree=0.7334834444556088, gamma=0.07143340896097039, learning_rate=0.14017769458977059, max_depth=7, min_child_weight=2, n_estimators=10000, reg_alpha=0.7219987722668247, reg_lambda=3.3156581270472505, scale_pos_weight=1.5573148653696944, subsample=0.7454599737656805; total time=   1.5s
[CV] END colsample_bytree=0.7334834444556088, gamma=0.07143340896097039, learning_rate=0.14017769458977059, max_depth=7, min_child_weight=2, n_estimators=10000, reg_alpha=0.7219987722668247, reg_lambda=3.3156581270472505, scale_pos_weight=1.5573148653696944, subsample=0.7454599737656805; total time=   1.5s
[CV] END colsample_bytree=0.7334834444556088, gamma=0.07143340896097039, learning_rate=0.14017769458977059, max_depth=7, min_child_weight=2, n_estimators=10000, reg_alpha=0.7219987722668247, reg_lambda=3.3156581270472505, scale_pos_weight=1.5573148653696944, subsample=0.7454599737656805; total time=   1.5s
[CV] END colsample_bytree=0.7334834444556088, gamma=0.07143340896097039, learning_rate=0.14017769458977059, max_depth=7, min_child_weight=2, n_estimators=10000, reg_alpha=0.7219987722668247, reg_lambda=3.3156581270472505, scale_pos_weight=1.5573148653696944, subsample=0.7454599737656805; total time=   1.5s
[CV] END colsample_bytree=0.7334834444556088, gamma=0.07143340896097039, learning_rate=0.14017769458977059, max_depth=7, min_child_weight=2, n_estimators=10000, reg_alpha=0.7219987722668247, reg_lambda=3.3156581270472505, scale_pos_weight=1.5573148653696944, subsample=0.7454599737656805; total time=   1.5s
[CV] END colsample_bytree=0.6733618039413735, gamma=0.15212112147976886, learning_rate=0.11495128632644756, max_depth=6, min_child_weight=9, n_estimators=10000, reg_alpha=0.2912291401980419, reg_lambda=2.3355586841671383, scale_pos_weight=1.5573148653696944, subsample=0.6373325305708923; total time=   1.9s
[CV] END colsample_bytree=0.6733618039413735, gamma=0.15212112147976886, learning_rate=0.11495128632644756, max_depth=6, min_child_weight=9, n_estimators=10000, reg_alpha=0.2912291401980419, reg_lambda=2.3355586841671383, scale_pos_weight=1.5573148653696944, subsample=0.6373325305708923; total time=   1.8s
[CV] END colsample_bytree=0.6733618039413735, gamma=0.15212112147976886, learning_rate=0.11495128632644756, max_depth=6, min_child_weight=9, n_estimators=10000, reg_alpha=0.2912291401980419, reg_lambda=2.3355586841671383, scale_pos_weight=1.5573148653696944, subsample=0.6373325305708923; total time=   1.8s
[CV] END colsample_bytree=0.6733618039413735, gamma=0.15212112147976886, learning_rate=0.11495128632644756, max_depth=6, min_child_weight=9, n_estimators=10000, reg_alpha=0.2912291401980419, reg_lambda=2.3355586841671383, scale_pos_weight=1.5573148653696944, subsample=0.6373325305708923; total time=   1.8s
[CV] END colsample_bytree=0.6733618039413735, gamma=0.15212112147976886, learning_rate=0.11495128632644756, max_depth=6, min_child_weight=9, n_estimators=10000, reg_alpha=0.2912291401980419, reg_lambda=2.3355586841671383, scale_pos_weight=1.5573148653696944, subsample=0.6373325305708923; total time=   1.9s
[CV] END colsample_bytree=0.9895022075365837, gamma=0.11638567021515211, learning_rate=0.02812128690656416, max_depth=8, min_child_weight=3, n_estimators=10000, reg_alpha=0.38246199126716274, reg_lambda=3.4496926574203646, scale_pos_weight=<scipy.stats._distn_infrastructure.rv_continuous_frozen object at 0x7f5b8f49e5d0>, subsample=0.6371603301759982; total time=   0.0s
[CV] END colsample_bytree=0.9895022075365837, gamma=0.11638567021515211, learning_rate=0.02812128690656416, max_depth=8, min_child_weight=3, n_estimators=10000, reg_alpha=0.38246199126716274, reg_lambda=3.4496926574203646, scale_pos_weight=<scipy.stats._distn_infrastructure.rv_continuous_frozen object at 0x7f5b8f49e5d0>, subsample=0.6371603301759982; total time=   0.0s
[CV] END colsample_bytree=0.9895022075365837, gamma=0.11638567021515211, learning_rate=0.02812128690656416, max_depth=8, min_child_weight=3, n_estimators=10000, reg_alpha=0.38246199126716274, reg_lambda=3.4496926574203646, scale_pos_weight=<scipy.stats._distn_infrastructure.rv_continuous_frozen object at 0x7f5b8f49e5d0>, subsample=0.6371603301759982; total time=   0.0s
[CV] END colsample_bytree=0.9895022075365837, gamma=0.11638567021515211, learning_rate=0.02812128690656416, max_depth=8, min_child_weight=3, n_estimators=10000, reg_alpha=0.38246199126716274, reg_lambda=3.4496926574203646, scale_pos_weight=<scipy.stats._distn_infrastructure.rv_continuous_frozen object at 0x7f5b8f49e5d0>, subsample=0.6371603301759982; total time=   0.0s
[CV] END colsample_bytree=0.9895022075365837, gamma=0.11638567021515211, learning_rate=0.02812128690656416, max_depth=8, min_child_weight=3, n_estimators=10000, reg_alpha=0.38246199126716274, reg_lambda=3.4496926574203646, scale_pos_weight=<scipy.stats._distn_infrastructure.rv_continuous_frozen object at 0x7f5b8f49e5d0>, subsample=0.6371603301759982; total time=   0.0s
[CV] END colsample_bytree=0.8430179407605753, gamma=0.08526206184364576, learning_rate=0.023010318597055907, max_depth=6, min_child_weight=9, n_estimators=10000, reg_alpha=0.9656320330745594, reg_lambda=2.9251920443493833, scale_pos_weight=<scipy.stats._distn_infrastructure.rv_continuous_frozen object at 0x7f5b8f49e5d0>, subsample=0.6127730017761713; total time=   0.0s
[CV] END colsample_bytree=0.8430179407605753, gamma=0.08526206184364576, learning_rate=0.023010318597055907, max_depth=6, min_child_weight=9, n_estimators=10000, reg_alpha=0.9656320330745594, reg_lambda=2.9251920443493833, scale_pos_weight=<scipy.stats._distn_infrastructure.rv_continuous_frozen object at 0x7f5b8f49e5d0>, subsample=0.6127730017761713; total time=   0.0s
[CV] END colsample_bytree=0.8430179407605753, gamma=0.08526206184364576, learning_rate=0.023010318597055907, max_depth=6, min_child_weight=9, n_estimators=10000, reg_alpha=0.9656320330745594, reg_lambda=2.9251920443493833, scale_pos_weight=<scipy.stats._distn_infrastructure.rv_continuous_frozen object at 0x7f5b8f49e5d0>, subsample=0.6127730017761713; total time=   0.0s
[CV] END colsample_bytree=0.8430179407605753, gamma=0.08526206184364576, learning_rate=0.023010318597055907, max_depth=6, min_child_weight=9, n_estimators=10000, reg_alpha=0.9656320330745594, reg_lambda=2.9251920443493833, scale_pos_weight=<scipy.stats._distn_infrastructure.rv_continuous_frozen object at 0x7f5b8f49e5d0>, subsample=0.6127730017761713; total time=   0.0s
[CV] END colsample_bytree=0.8430179407605753, gamma=0.08526206184364576, learning_rate=0.023010318597055907, max_depth=6, min_child_weight=9, n_estimators=10000, reg_alpha=0.9656320330745594, reg_lambda=2.9251920443493833, scale_pos_weight=<scipy.stats._distn_infrastructure.rv_continuous_frozen object at 0x7f5b8f49e5d0>, subsample=0.6127730017761713; total time=   0.0s
[CV] END colsample_bytree=0.6923575302488596, gamma=0.12051273301300586, learning_rate=0.14665270376509165, max_depth=6, min_child_weight=8, n_estimators=10000, reg_alpha=0.034388521115218396, reg_lambda=3.2279612062363463, scale_pos_weight=1.5573148653696944, subsample=0.7457888702304498; total time=   1.7s
[CV] END colsample_bytree=0.6923575302488596, gamma=0.12051273301300586, learning_rate=0.14665270376509165, max_depth=6, min_child_weight=8, n_estimators=10000, reg_alpha=0.034388521115218396, reg_lambda=3.2279612062363463, scale_pos_weight=1.5573148653696944, subsample=0.7457888702304498; total time=   1.7s
[CV] END colsample_bytree=0.6923575302488596, gamma=0.12051273301300586, learning_rate=0.14665270376509165, max_depth=6, min_child_weight=8, n_estimators=10000, reg_alpha=0.034388521115218396, reg_lambda=3.2279612062363463, scale_pos_weight=1.5573148653696944, subsample=0.7457888702304498; total time=   1.7s
[CV] END colsample_bytree=0.6923575302488596, gamma=0.12051273301300586, learning_rate=0.14665270376509165, max_depth=6, min_child_weight=8, n_estimators=10000, reg_alpha=0.034388521115218396, reg_lambda=3.2279612062363463, scale_pos_weight=1.5573148653696944, subsample=0.7457888702304498; total time=   1.6s
[CV] END colsample_bytree=0.6923575302488596, gamma=0.12051273301300586, learning_rate=0.14665270376509165, max_depth=6, min_child_weight=8, n_estimators=10000, reg_alpha=0.034388521115218396, reg_lambda=3.2279612062363463, scale_pos_weight=1.5573148653696944, subsample=0.7457888702304498; total time=   1.7s
[CV] END colsample_bytree=0.902144564127061, gamma=0.21257793724562235, learning_rate=0.05158833257363777, max_depth=6, min_child_weight=6, n_estimators=10000, reg_alpha=0.03131329245555858, reg_lambda=3.0268543237849954, scale_pos_weight=1.5573148653696944, subsample=1.3515991532513514; total time=   0.0s
[CV] END colsample_bytree=0.902144564127061, gamma=0.21257793724562235, learning_rate=0.05158833257363777, max_depth=6, min_child_weight=6, n_estimators=10000, reg_alpha=0.03131329245555858, reg_lambda=3.0268543237849954, scale_pos_weight=1.5573148653696944, subsample=1.3515991532513514; total time=   0.0s
[CV] END colsample_bytree=0.902144564127061, gamma=0.21257793724562235, learning_rate=0.05158833257363777, max_depth=6, min_child_weight=6, n_estimators=10000, reg_alpha=0.03131329245555858, reg_lambda=3.0268543237849954, scale_pos_weight=1.5573148653696944, subsample=1.3515991532513514; total time=   0.0s
[CV] END colsample_bytree=0.902144564127061, gamma=0.21257793724562235, learning_rate=0.05158833257363777, max_depth=6, min_child_weight=6, n_estimators=10000, reg_alpha=0.03131329245555858, reg_lambda=3.0268543237849954, scale_pos_weight=1.5573148653696944, subsample=1.3515991532513514; total time=   0.0s
[CV] END colsample_bytree=0.902144564127061, gamma=0.21257793724562235, learning_rate=0.05158833257363777, max_depth=6, min_child_weight=6, n_estimators=10000, reg_alpha=0.03131329245555858, reg_lambda=3.0268543237849954, scale_pos_weight=1.5573148653696944, subsample=1.3515991532513514; total time=   0.0s
[CV] END colsample_bytree=0.9579309401710595, gamma=0.29894998940554257, learning_rate=0.19437484700462337, max_depth=8, min_child_weight=7, n_estimators=10000, reg_alpha=0.5208342600258237, reg_lambda=3.3835160730480474, scale_pos_weight=<scipy.stats._distn_infrastructure.rv_continuous_frozen object at 0x7f5b8f49e5d0>, subsample=0.9109418317515856; total time=   0.0s
[CV] END colsample_bytree=0.9579309401710595, gamma=0.29894998940554257, learning_rate=0.19437484700462337, max_depth=8, min_child_weight=7, n_estimators=10000, reg_alpha=0.5208342600258237, reg_lambda=3.3835160730480474, scale_pos_weight=<scipy.stats._distn_infrastructure.rv_continuous_frozen object at 0x7f5b8f49e5d0>, subsample=0.9109418317515856; total time=   0.0s
[CV] END colsample_bytree=0.9579309401710595, gamma=0.29894998940554257, learning_rate=0.19437484700462337, max_depth=8, min_child_weight=7, n_estimators=10000, reg_alpha=0.5208342600258237, reg_lambda=3.3835160730480474, scale_pos_weight=<scipy.stats._distn_infrastructure.rv_continuous_frozen object at 0x7f5b8f49e5d0>, subsample=0.9109418317515856; total time=   0.0s
[CV] END colsample_bytree=0.9579309401710595, gamma=0.29894998940554257, learning_rate=0.19437484700462337, max_depth=8, min_child_weight=7, n_estimators=10000, reg_alpha=0.5208342600258237, reg_lambda=3.3835160730480474, scale_pos_weight=<scipy.stats._distn_infrastructure.rv_continuous_frozen object at 0x7f5b8f49e5d0>, subsample=0.9109418317515856; total time=   0.0s
[CV] END colsample_bytree=0.9579309401710595, gamma=0.29894998940554257, learning_rate=0.19437484700462337, max_depth=8, min_child_weight=7, n_estimators=10000, reg_alpha=0.5208342600258237, reg_lambda=3.3835160730480474, scale_pos_weight=<scipy.stats._distn_infrastructure.rv_continuous_frozen object at 0x7f5b8f49e5d0>, subsample=0.9109418317515856; total time=   0.0s
[CV] END colsample_bytree=0.7085396127095583, gamma=0.41436875457596467, learning_rate=0.08135066533871785, max_depth=6, min_child_weight=9, n_estimators=10000, reg_alpha=0.2962735057040824, reg_lambda=0.9958008171890075, scale_pos_weight=<scipy.stats._distn_infrastructure.rv_continuous_frozen object at 0x7f5b8f49e5d0>, subsample=1.389509549280414; total time=   0.0s
[CV] END colsample_bytree=0.7085396127095583, gamma=0.41436875457596467, learning_rate=0.08135066533871785, max_depth=6, min_child_weight=9, n_estimators=10000, reg_alpha=0.2962735057040824, reg_lambda=0.9958008171890075, scale_pos_weight=<scipy.stats._distn_infrastructure.rv_continuous_frozen object at 0x7f5b8f49e5d0>, subsample=1.389509549280414; total time=   0.0s
[CV] END colsample_bytree=0.7085396127095583, gamma=0.41436875457596467, learning_rate=0.08135066533871785, max_depth=6, min_child_weight=9, n_estimators=10000, reg_alpha=0.2962735057040824, reg_lambda=0.9958008171890075, scale_pos_weight=<scipy.stats._distn_infrastructure.rv_continuous_frozen object at 0x7f5b8f49e5d0>, subsample=1.389509549280414; total time=   0.0s
[CV] END colsample_bytree=0.7085396127095583, gamma=0.41436875457596467, learning_rate=0.08135066533871785, max_depth=6, min_child_weight=9, n_estimators=10000, reg_alpha=0.2962735057040824, reg_lambda=0.9958008171890075, scale_pos_weight=<scipy.stats._distn_infrastructure.rv_continuous_frozen object at 0x7f5b8f49e5d0>, subsample=1.389509549280414; total time=   0.0s
[CV] END colsample_bytree=0.7085396127095583, gamma=0.41436875457596467, learning_rate=0.08135066533871785, max_depth=6, min_child_weight=9, n_estimators=10000, reg_alpha=0.2962735057040824, reg_lambda=0.9958008171890075, scale_pos_weight=<scipy.stats._distn_infrastructure.rv_continuous_frozen object at 0x7f5b8f49e5d0>, subsample=1.389509549280414; total time=   0.0s
[CV] END colsample_bytree=0.908897907718663, gamma=0.0993578407670862, learning_rate=0.01110442342472048, max_depth=5, min_child_weight=3, n_estimators=10000, reg_alpha=0.7068573438476171, reg_lambda=2.6870215041229617, scale_pos_weight=<scipy.stats._distn_infrastructure.rv_continuous_frozen object at 0x7f5b8f49e5d0>, subsample=1.084767979824809; total time=   0.0s
[CV] END colsample_bytree=0.908897907718663, gamma=0.0993578407670862, learning_rate=0.01110442342472048, max_depth=5, min_child_weight=3, n_estimators=10000, reg_alpha=0.7068573438476171, reg_lambda=2.6870215041229617, scale_pos_weight=<scipy.stats._distn_infrastructure.rv_continuous_frozen object at 0x7f5b8f49e5d0>, subsample=1.084767979824809; total time=   0.0s
[CV] END colsample_bytree=0.908897907718663, gamma=0.0993578407670862, learning_rate=0.01110442342472048, max_depth=5, min_child_weight=3, n_estimators=10000, reg_alpha=0.7068573438476171, reg_lambda=2.6870215041229617, scale_pos_weight=<scipy.stats._distn_infrastructure.rv_continuous_frozen object at 0x7f5b8f49e5d0>, subsample=1.084767979824809; total time=   0.0s
[CV] END colsample_bytree=0.908897907718663, gamma=0.0993578407670862, learning_rate=0.01110442342472048, max_depth=5, min_child_weight=3, n_estimators=10000, reg_alpha=0.7068573438476171, reg_lambda=2.6870215041229617, scale_pos_weight=<scipy.stats._distn_infrastructure.rv_continuous_frozen object at 0x7f5b8f49e5d0>, subsample=1.084767979824809; total time=   0.0s
[CV] END colsample_bytree=0.908897907718663, gamma=0.0993578407670862, learning_rate=0.01110442342472048, max_depth=5, min_child_weight=3, n_estimators=10000, reg_alpha=0.7068573438476171, reg_lambda=2.6870215041229617, scale_pos_weight=<scipy.stats._distn_infrastructure.rv_continuous_frozen object at 0x7f5b8f49e5d0>, subsample=1.084767979824809; total time=   0.0s
[CV] END colsample_bytree=0.9705203514053395, gamma=0.32553851275097223, learning_rate=0.19299193510875617, max_depth=3, min_child_weight=8, n_estimators=10000, reg_alpha=0.4494506741382034, reg_lambda=0.7862303494712339, scale_pos_weight=<scipy.stats._distn_infrastructure.rv_continuous_frozen object at 0x7f5b8f49e5d0>, subsample=0.8487858573725298; total time=   0.0s
[CV] END colsample_bytree=0.9705203514053395, gamma=0.32553851275097223, learning_rate=0.19299193510875617, max_depth=3, min_child_weight=8, n_estimators=10000, reg_alpha=0.4494506741382034, reg_lambda=0.7862303494712339, scale_pos_weight=<scipy.stats._distn_infrastructure.rv_continuous_frozen object at 0x7f5b8f49e5d0>, subsample=0.8487858573725298; total time=   0.0s
[CV] END colsample_bytree=0.9705203514053395, gamma=0.32553851275097223, learning_rate=0.19299193510875617, max_depth=3, min_child_weight=8, n_estimators=10000, reg_alpha=0.4494506741382034, reg_lambda=0.7862303494712339, scale_pos_weight=<scipy.stats._distn_infrastructure.rv_continuous_frozen object at 0x7f5b8f49e5d0>, subsample=0.8487858573725298; total time=   0.0s
[CV] END colsample_bytree=0.9705203514053395, gamma=0.32553851275097223, learning_rate=0.19299193510875617, max_depth=3, min_child_weight=8, n_estimators=10000, reg_alpha=0.4494506741382034, reg_lambda=0.7862303494712339, scale_pos_weight=<scipy.stats._distn_infrastructure.rv_continuous_frozen object at 0x7f5b8f49e5d0>, subsample=0.8487858573725298; total time=   0.0s
[CV] END colsample_bytree=0.9705203514053395, gamma=0.32553851275097223, learning_rate=0.19299193510875617, max_depth=3, min_child_weight=8, n_estimators=10000, reg_alpha=0.4494506741382034, reg_lambda=0.7862303494712339, scale_pos_weight=<scipy.stats._distn_infrastructure.rv_continuous_frozen object at 0x7f5b8f49e5d0>, subsample=0.8487858573725298; total time=   0.0s
[CV] END colsample_bytree=0.7300733288106989, gamma=0.36480308916903204, learning_rate=0.13751149427104264, max_depth=5, min_child_weight=3, n_estimators=10000, reg_alpha=0.4722149251619493, reg_lambda=0.8587827378149051, scale_pos_weight=1.5573148653696944, subsample=1.279131059412867; total time=   0.0s
[CV] END colsample_bytree=0.7300733288106989, gamma=0.36480308916903204, learning_rate=0.13751149427104264, max_depth=5, min_child_weight=3, n_estimators=10000, reg_alpha=0.4722149251619493, reg_lambda=0.8587827378149051, scale_pos_weight=1.5573148653696944, subsample=1.279131059412867; total time=   0.0s
[CV] END colsample_bytree=0.7300733288106989, gamma=0.36480308916903204, learning_rate=0.13751149427104264, max_depth=5, min_child_weight=3, n_estimators=10000, reg_alpha=0.4722149251619493, reg_lambda=0.8587827378149051, scale_pos_weight=1.5573148653696944, subsample=1.279131059412867; total time=   0.0s
[CV] END colsample_bytree=0.7300733288106989, gamma=0.36480308916903204, learning_rate=0.13751149427104264, max_depth=5, min_child_weight=3, n_estimators=10000, reg_alpha=0.4722149251619493, reg_lambda=0.8587827378149051, scale_pos_weight=1.5573148653696944, subsample=1.279131059412867; total time=   0.0s
[CV] END colsample_bytree=0.7300733288106989, gamma=0.36480308916903204, learning_rate=0.13751149427104264, max_depth=5, min_child_weight=3, n_estimators=10000, reg_alpha=0.4722149251619493, reg_lambda=0.8587827378149051, scale_pos_weight=1.5573148653696944, subsample=1.279131059412867; total time=   0.0s
[CV] END colsample_bytree=0.8886918084659492, gamma=0.11799245987447787, learning_rate=0.0612136645522648, max_depth=5, min_child_weight=9, n_estimators=10000, reg_alpha=0.7106628896857874, reg_lambda=0.832672462435494, scale_pos_weight=1.5573148653696944, subsample=0.6863131415946435; total time=   2.4s
[CV] END colsample_bytree=0.8886918084659492, gamma=0.11799245987447787, learning_rate=0.0612136645522648, max_depth=5, min_child_weight=9, n_estimators=10000, reg_alpha=0.7106628896857874, reg_lambda=0.832672462435494, scale_pos_weight=1.5573148653696944, subsample=0.6863131415946435; total time=   2.3s
[CV] END colsample_bytree=0.8886918084659492, gamma=0.11799245987447787, learning_rate=0.0612136645522648, max_depth=5, min_child_weight=9, n_estimators=10000, reg_alpha=0.7106628896857874, reg_lambda=0.832672462435494, scale_pos_weight=1.5573148653696944, subsample=0.6863131415946435; total time=   2.3s
[CV] END colsample_bytree=0.8886918084659492, gamma=0.11799245987447787, learning_rate=0.0612136645522648, max_depth=5, min_child_weight=9, n_estimators=10000, reg_alpha=0.7106628896857874, reg_lambda=0.832672462435494, scale_pos_weight=1.5573148653696944, subsample=0.6863131415946435; total time=   2.3s
[CV] END colsample_bytree=0.8886918084659492, gamma=0.11799245987447787, learning_rate=0.0612136645522648, max_depth=5, min_child_weight=9, n_estimators=10000, reg_alpha=0.7106628896857874, reg_lambda=0.832672462435494, scale_pos_weight=1.5573148653696944, subsample=0.6863131415946435; total time=   2.3s
[CV] END colsample_bytree=0.6125716742746937, gamma=0.3182052056318902, learning_rate=0.07287119621526533, max_depth=6, min_child_weight=5, n_estimators=10000, reg_alpha=0.24929222914887494, reg_lambda=1.7311487691068892, scale_pos_weight=<scipy.stats._distn_infrastructure.rv_continuous_frozen object at 0x7f5b8f49e5d0>, subsample=0.7624489797878156; total time=   0.0s
[CV] END colsample_bytree=0.6125716742746937, gamma=0.3182052056318902, learning_rate=0.07287119621526533, max_depth=6, min_child_weight=5, n_estimators=10000, reg_alpha=0.24929222914887494, reg_lambda=1.7311487691068892, scale_pos_weight=<scipy.stats._distn_infrastructure.rv_continuous_frozen object at 0x7f5b8f49e5d0>, subsample=0.7624489797878156; total time=   0.0s
[CV] END colsample_bytree=0.6125716742746937, gamma=0.3182052056318902, learning_rate=0.07287119621526533, max_depth=6, min_child_weight=5, n_estimators=10000, reg_alpha=0.24929222914887494, reg_lambda=1.7311487691068892, scale_pos_weight=<scipy.stats._distn_infrastructure.rv_continuous_frozen object at 0x7f5b8f49e5d0>, subsample=0.7624489797878156; total time=   0.0s
[CV] END colsample_bytree=0.6125716742746937, gamma=0.3182052056318902, learning_rate=0.07287119621526533, max_depth=6, min_child_weight=5, n_estimators=10000, reg_alpha=0.24929222914887494, reg_lambda=1.7311487691068892, scale_pos_weight=<scipy.stats._distn_infrastructure.rv_continuous_frozen object at 0x7f5b8f49e5d0>, subsample=0.7624489797878156; total time=   0.0s
[CV] END colsample_bytree=0.6125716742746937, gamma=0.3182052056318902, learning_rate=0.07287119621526533, max_depth=6, min_child_weight=5, n_estimators=10000, reg_alpha=0.24929222914887494, reg_lambda=1.7311487691068892, scale_pos_weight=<scipy.stats._distn_infrastructure.rv_continuous_frozen object at 0x7f5b8f49e5d0>, subsample=0.7624489797878156; total time=   0.0s
[CV] END colsample_bytree=0.9771414282231924, gamma=0.299432733244268, learning_rate=0.14895698660794093, max_depth=6, min_child_weight=2, n_estimators=10000, reg_alpha=0.6243540481337932, reg_lambda=1.386901057513142, scale_pos_weight=<scipy.stats._distn_infrastructure.rv_continuous_frozen object at 0x7f5b8f49e5d0>, subsample=1.2971684721501742; total time=   0.0s
[CV] END colsample_bytree=0.9771414282231924, gamma=0.299432733244268, learning_rate=0.14895698660794093, max_depth=6, min_child_weight=2, n_estimators=10000, reg_alpha=0.6243540481337932, reg_lambda=1.386901057513142, scale_pos_weight=<scipy.stats._distn_infrastructure.rv_continuous_frozen object at 0x7f5b8f49e5d0>, subsample=1.2971684721501742; total time=   0.0s
[CV] END colsample_bytree=0.9771414282231924, gamma=0.299432733244268, learning_rate=0.14895698660794093, max_depth=6, min_child_weight=2, n_estimators=10000, reg_alpha=0.6243540481337932, reg_lambda=1.386901057513142, scale_pos_weight=<scipy.stats._distn_infrastructure.rv_continuous_frozen object at 0x7f5b8f49e5d0>, subsample=1.2971684721501742; total time=   0.0s
[CV] END colsample_bytree=0.9771414282231924, gamma=0.299432733244268, learning_rate=0.14895698660794093, max_depth=6, min_child_weight=2, n_estimators=10000, reg_alpha=0.6243540481337932, reg_lambda=1.386901057513142, scale_pos_weight=<scipy.stats._distn_infrastructure.rv_continuous_frozen object at 0x7f5b8f49e5d0>, subsample=1.2971684721501742; total time=   0.0s
[CV] END colsample_bytree=0.9771414282231924, gamma=0.299432733244268, learning_rate=0.14895698660794093, max_depth=6, min_child_weight=2, n_estimators=10000, reg_alpha=0.6243540481337932, reg_lambda=1.386901057513142, scale_pos_weight=<scipy.stats._distn_infrastructure.rv_continuous_frozen object at 0x7f5b8f49e5d0>, subsample=1.2971684721501742; total time=   0.0s
[CV] END colsample_bytree=0.9214688307596458, gamma=0.09328502944301792, learning_rate=0.18851179969799559, max_depth=5, min_child_weight=7, n_estimators=10000, reg_alpha=0.8960912999234932, reg_lambda=1.4540104249155916, scale_pos_weight=<scipy.stats._distn_infrastructure.rv_continuous_frozen object at 0x7f5b8f49e5d0>, subsample=0.8177057995077083; total time=   0.0s
[CV] END colsample_bytree=0.9214688307596458, gamma=0.09328502944301792, learning_rate=0.18851179969799559, max_depth=5, min_child_weight=7, n_estimators=10000, reg_alpha=0.8960912999234932, reg_lambda=1.4540104249155916, scale_pos_weight=<scipy.stats._distn_infrastructure.rv_continuous_frozen object at 0x7f5b8f49e5d0>, subsample=0.8177057995077083; total time=   0.0s
[CV] END colsample_bytree=0.9214688307596458, gamma=0.09328502944301792, learning_rate=0.18851179969799559, max_depth=5, min_child_weight=7, n_estimators=10000, reg_alpha=0.8960912999234932, reg_lambda=1.4540104249155916, scale_pos_weight=<scipy.stats._distn_infrastructure.rv_continuous_frozen object at 0x7f5b8f49e5d0>, subsample=0.8177057995077083; total time=   0.0s
[CV] END colsample_bytree=0.9214688307596458, gamma=0.09328502944301792, learning_rate=0.18851179969799559, max_depth=5, min_child_weight=7, n_estimators=10000, reg_alpha=0.8960912999234932, reg_lambda=1.4540104249155916, scale_pos_weight=<scipy.stats._distn_infrastructure.rv_continuous_frozen object at 0x7f5b8f49e5d0>, subsample=0.8177057995077083; total time=   0.0s
[CV] END colsample_bytree=0.9214688307596458, gamma=0.09328502944301792, learning_rate=0.18851179969799559, max_depth=5, min_child_weight=7, n_estimators=10000, reg_alpha=0.8960912999234932, reg_lambda=1.4540104249155916, scale_pos_weight=<scipy.stats._distn_infrastructure.rv_continuous_frozen object at 0x7f5b8f49e5d0>, subsample=0.8177057995077083; total time=   0.0s
[CV] END colsample_bytree=0.8590760482165449, gamma=0.0002601884976579094, learning_rate=0.0805137712668338, max_depth=5, min_child_weight=7, n_estimators=10000, reg_alpha=0.16465585314294173, reg_lambda=2.102268258126326, scale_pos_weight=1.5573148653696944, subsample=0.7776862483765842; total time=   2.6s
[CV] END colsample_bytree=0.8590760482165449, gamma=0.0002601884976579094, learning_rate=0.0805137712668338, max_depth=5, min_child_weight=7, n_estimators=10000, reg_alpha=0.16465585314294173, reg_lambda=2.102268258126326, scale_pos_weight=1.5573148653696944, subsample=0.7776862483765842; total time=   2.6s
[CV] END colsample_bytree=0.8590760482165449, gamma=0.0002601884976579094, learning_rate=0.0805137712668338, max_depth=5, min_child_weight=7, n_estimators=10000, reg_alpha=0.16465585314294173, reg_lambda=2.102268258126326, scale_pos_weight=1.5573148653696944, subsample=0.7776862483765842; total time=   2.6s
[CV] END colsample_bytree=0.8590760482165449, gamma=0.0002601884976579094, learning_rate=0.0805137712668338, max_depth=5, min_child_weight=7, n_estimators=10000, reg_alpha=0.16465585314294173, reg_lambda=2.102268258126326, scale_pos_weight=1.5573148653696944, subsample=0.7776862483765842; total time=   2.6s
[CV] END colsample_bytree=0.8590760482165449, gamma=0.0002601884976579094, learning_rate=0.0805137712668338, max_depth=5, min_child_weight=7, n_estimators=10000, reg_alpha=0.16465585314294173, reg_lambda=2.102268258126326, scale_pos_weight=1.5573148653696944, subsample=0.7776862483765842; total time=   2.6s
[CV] END colsample_bytree=0.6479461469334731, gamma=0.16880758570181398, learning_rate=0.19858194078250385, max_depth=8, min_child_weight=8, n_estimators=10000, reg_alpha=0.7030189588951778, reg_lambda=1.590888807137882, scale_pos_weight=<scipy.stats._distn_infrastructure.rv_continuous_frozen object at 0x7f5b8f49e5d0>, subsample=0.8031323311474757; total time=   0.0s
[CV] END colsample_bytree=0.6479461469334731, gamma=0.16880758570181398, learning_rate=0.19858194078250385, max_depth=8, min_child_weight=8, n_estimators=10000, reg_alpha=0.7030189588951778, reg_lambda=1.590888807137882, scale_pos_weight=<scipy.stats._distn_infrastructure.rv_continuous_frozen object at 0x7f5b8f49e5d0>, subsample=0.8031323311474757; total time=   0.0s
[CV] END colsample_bytree=0.6479461469334731, gamma=0.16880758570181398, learning_rate=0.19858194078250385, max_depth=8, min_child_weight=8, n_estimators=10000, reg_alpha=0.7030189588951778, reg_lambda=1.590888807137882, scale_pos_weight=<scipy.stats._distn_infrastructure.rv_continuous_frozen object at 0x7f5b8f49e5d0>, subsample=0.8031323311474757; total time=   0.0s
[CV] END colsample_bytree=0.6479461469334731, gamma=0.16880758570181398, learning_rate=0.19858194078250385, max_depth=8, min_child_weight=8, n_estimators=10000, reg_alpha=0.7030189588951778, reg_lambda=1.590888807137882, scale_pos_weight=<scipy.stats._distn_infrastructure.rv_continuous_frozen object at 0x7f5b8f49e5d0>, subsample=0.8031323311474757; total time=   0.0s
[CV] END colsample_bytree=0.6479461469334731, gamma=0.16880758570181398, learning_rate=0.19858194078250385, max_depth=8, min_child_weight=8, n_estimators=10000, reg_alpha=0.7030189588951778, reg_lambda=1.590888807137882, scale_pos_weight=<scipy.stats._distn_infrastructure.rv_continuous_frozen object at 0x7f5b8f49e5d0>, subsample=0.8031323311474757; total time=   0.0s
[CV] END colsample_bytree=0.6987504251354405, gamma=0.3481521364198942, learning_rate=0.15245411798488842, max_depth=7, min_child_weight=1, n_estimators=10000, reg_alpha=0.9977404850489419, reg_lambda=1.3003430428258551, scale_pos_weight=1.5573148653696944, subsample=1.0021432185830892; total time=   0.0s
[CV] END colsample_bytree=0.6987504251354405, gamma=0.3481521364198942, learning_rate=0.15245411798488842, max_depth=7, min_child_weight=1, n_estimators=10000, reg_alpha=0.9977404850489419, reg_lambda=1.3003430428258551, scale_pos_weight=1.5573148653696944, subsample=1.0021432185830892; total time=   0.0s
[CV] END colsample_bytree=0.6987504251354405, gamma=0.3481521364198942, learning_rate=0.15245411798488842, max_depth=7, min_child_weight=1, n_estimators=10000, reg_alpha=0.9977404850489419, reg_lambda=1.3003430428258551, scale_pos_weight=1.5573148653696944, subsample=1.0021432185830892; total time=   0.0s
[CV] END colsample_bytree=0.6987504251354405, gamma=0.3481521364198942, learning_rate=0.15245411798488842, max_depth=7, min_child_weight=1, n_estimators=10000, reg_alpha=0.9977404850489419, reg_lambda=1.3003430428258551, scale_pos_weight=1.5573148653696944, subsample=1.0021432185830892; total time=   0.0s
[CV] END colsample_bytree=0.6987504251354405, gamma=0.3481521364198942, learning_rate=0.15245411798488842, max_depth=7, min_child_weight=1, n_estimators=10000, reg_alpha=0.9977404850489419, reg_lambda=1.3003430428258551, scale_pos_weight=1.5573148653696944, subsample=1.0021432185830892; total time=   0.0s
[CV] END colsample_bytree=0.6205915004999957, gamma=0.13932323211830572, learning_rate=0.19165317719333075, max_depth=5, min_child_weight=2, n_estimators=10000, reg_alpha=0.5309345833171364, reg_lambda=1.843349493719275, scale_pos_weight=1.5573148653696944, subsample=0.7936442172092003; total time=   1.3s
[CV] END colsample_bytree=0.6205915004999957, gamma=0.13932323211830572, learning_rate=0.19165317719333075, max_depth=5, min_child_weight=2, n_estimators=10000, reg_alpha=0.5309345833171364, reg_lambda=1.843349493719275, scale_pos_weight=1.5573148653696944, subsample=0.7936442172092003; total time=   1.3s
[CV] END colsample_bytree=0.6205915004999957, gamma=0.13932323211830572, learning_rate=0.19165317719333075, max_depth=5, min_child_weight=2, n_estimators=10000, reg_alpha=0.5309345833171364, reg_lambda=1.843349493719275, scale_pos_weight=1.5573148653696944, subsample=0.7936442172092003; total time=   1.3s
[CV] END colsample_bytree=0.6205915004999957, gamma=0.13932323211830572, learning_rate=0.19165317719333075, max_depth=5, min_child_weight=2, n_estimators=10000, reg_alpha=0.5309345833171364, reg_lambda=1.843349493719275, scale_pos_weight=1.5573148653696944, subsample=0.7936442172092003; total time=   1.3s
[CV] END colsample_bytree=0.6205915004999957, gamma=0.13932323211830572, learning_rate=0.19165317719333075, max_depth=5, min_child_weight=2, n_estimators=10000, reg_alpha=0.5309345833171364, reg_lambda=1.843349493719275, scale_pos_weight=1.5573148653696944, subsample=0.7936442172092003; total time=   1.3s
[CV] END colsample_bytree=0.8688542189623514, gamma=0.3808098076643588, learning_rate=0.05752750879847994, max_depth=9, min_child_weight=6, n_estimators=10000, reg_alpha=0.3677831327192532, reg_lambda=2.3969174917807385, scale_pos_weight=1.5573148653696944, subsample=0.9190595539556424; total time=   1.4s
[CV] END colsample_bytree=0.8688542189623514, gamma=0.3808098076643588, learning_rate=0.05752750879847994, max_depth=9, min_child_weight=6, n_estimators=10000, reg_alpha=0.3677831327192532, reg_lambda=2.3969174917807385, scale_pos_weight=1.5573148653696944, subsample=0.9190595539556424; total time=   1.4s
[CV] END colsample_bytree=0.8688542189623514, gamma=0.3808098076643588, learning_rate=0.05752750879847994, max_depth=9, min_child_weight=6, n_estimators=10000, reg_alpha=0.3677831327192532, reg_lambda=2.3969174917807385, scale_pos_weight=1.5573148653696944, subsample=0.9190595539556424; total time=   1.4s
[CV] END colsample_bytree=0.8688542189623514, gamma=0.3808098076643588, learning_rate=0.05752750879847994, max_depth=9, min_child_weight=6, n_estimators=10000, reg_alpha=0.3677831327192532, reg_lambda=2.3969174917807385, scale_pos_weight=1.5573148653696944, subsample=0.9190595539556424; total time=   1.4s
[CV] END colsample_bytree=0.8688542189623514, gamma=0.3808098076643588, learning_rate=0.05752750879847994, max_depth=9, min_child_weight=6, n_estimators=10000, reg_alpha=0.3677831327192532, reg_lambda=2.3969174917807385, scale_pos_weight=1.5573148653696944, subsample=0.9190595539556424; total time=   1.4s
[CV] END colsample_bytree=0.9265727492877536, gamma=0.39917256249227556, learning_rate=0.0401435087930859, max_depth=5, min_child_weight=6, n_estimators=10000, reg_alpha=0.6958128067908819, reg_lambda=3.0750764144411598, scale_pos_weight=1.5573148653696944, subsample=1.1420514894738258; total time=   0.0s
[CV] END colsample_bytree=0.9265727492877536, gamma=0.39917256249227556, learning_rate=0.0401435087930859, max_depth=5, min_child_weight=6, n_estimators=10000, reg_alpha=0.6958128067908819, reg_lambda=3.0750764144411598, scale_pos_weight=1.5573148653696944, subsample=1.1420514894738258; total time=   0.0s
[CV] END colsample_bytree=0.9265727492877536, gamma=0.39917256249227556, learning_rate=0.0401435087930859, max_depth=5, min_child_weight=6, n_estimators=10000, reg_alpha=0.6958128067908819, reg_lambda=3.0750764144411598, scale_pos_weight=1.5573148653696944, subsample=1.1420514894738258; total time=   0.0s
[CV] END colsample_bytree=0.9265727492877536, gamma=0.39917256249227556, learning_rate=0.0401435087930859, max_depth=5, min_child_weight=6, n_estimators=10000, reg_alpha=0.6958128067908819, reg_lambda=3.0750764144411598, scale_pos_weight=1.5573148653696944, subsample=1.1420514894738258; total time=   0.0s
[CV] END colsample_bytree=0.9265727492877536, gamma=0.39917256249227556, learning_rate=0.0401435087930859, max_depth=5, min_child_weight=6, n_estimators=10000, reg_alpha=0.6958128067908819, reg_lambda=3.0750764144411598, scale_pos_weight=1.5573148653696944, subsample=1.1420514894738258; total time=   0.0s
[CV] END colsample_bytree=0.6066351315711425, gamma=0.2560465291496405, learning_rate=0.05529915503958759, max_depth=9, min_child_weight=4, n_estimators=10000, reg_alpha=0.940523264489604, reg_lambda=1.692716063262567, scale_pos_weight=<scipy.stats._distn_infrastructure.rv_continuous_frozen object at 0x7f5b8f49e5d0>, subsample=1.3493839909893877; total time=   0.0s
[CV] END colsample_bytree=0.6066351315711425, gamma=0.2560465291496405, learning_rate=0.05529915503958759, max_depth=9, min_child_weight=4, n_estimators=10000, reg_alpha=0.940523264489604, reg_lambda=1.692716063262567, scale_pos_weight=<scipy.stats._distn_infrastructure.rv_continuous_frozen object at 0x7f5b8f49e5d0>, subsample=1.3493839909893877; total time=   0.0s
[CV] END colsample_bytree=0.6066351315711425, gamma=0.2560465291496405, learning_rate=0.05529915503958759, max_depth=9, min_child_weight=4, n_estimators=10000, reg_alpha=0.940523264489604, reg_lambda=1.692716063262567, scale_pos_weight=<scipy.stats._distn_infrastructure.rv_continuous_frozen object at 0x7f5b8f49e5d0>, subsample=1.3493839909893877; total time=   0.0s
[CV] END colsample_bytree=0.6066351315711425, gamma=0.2560465291496405, learning_rate=0.05529915503958759, max_depth=9, min_child_weight=4, n_estimators=10000, reg_alpha=0.940523264489604, reg_lambda=1.692716063262567, scale_pos_weight=<scipy.stats._distn_infrastructure.rv_continuous_frozen object at 0x7f5b8f49e5d0>, subsample=1.3493839909893877; total time=   0.0s
[CV] END colsample_bytree=0.6066351315711425, gamma=0.2560465291496405, learning_rate=0.05529915503958759, max_depth=9, min_child_weight=4, n_estimators=10000, reg_alpha=0.940523264489604, reg_lambda=1.692716063262567, scale_pos_weight=<scipy.stats._distn_infrastructure.rv_continuous_frozen object at 0x7f5b8f49e5d0>, subsample=1.3493839909893877; total time=   0.0s
[CV] END colsample_bytree=0.6550083776583973, gamma=0.17053317552512925, learning_rate=0.032694704248117816, max_depth=9, min_child_weight=3, n_estimators=10000, reg_alpha=0.22855002179729966, reg_lambda=1.0248647812878087, scale_pos_weight=1.5573148653696944, subsample=1.0441606492795699; total time=   0.0s
[CV] END colsample_bytree=0.6550083776583973, gamma=0.17053317552512925, learning_rate=0.032694704248117816, max_depth=9, min_child_weight=3, n_estimators=10000, reg_alpha=0.22855002179729966, reg_lambda=1.0248647812878087, scale_pos_weight=1.5573148653696944, subsample=1.0441606492795699; total time=   0.0s
[CV] END colsample_bytree=0.6550083776583973, gamma=0.17053317552512925, learning_rate=0.032694704248117816, max_depth=9, min_child_weight=3, n_estimators=10000, reg_alpha=0.22855002179729966, reg_lambda=1.0248647812878087, scale_pos_weight=1.5573148653696944, subsample=1.0441606492795699; total time=   0.0s
[CV] END colsample_bytree=0.6550083776583973, gamma=0.17053317552512925, learning_rate=0.032694704248117816, max_depth=9, min_child_weight=3, n_estimators=10000, reg_alpha=0.22855002179729966, reg_lambda=1.0248647812878087, scale_pos_weight=1.5573148653696944, subsample=1.0441606492795699; total time=   0.0s
[CV] END colsample_bytree=0.6550083776583973, gamma=0.17053317552512925, learning_rate=0.032694704248117816, max_depth=9, min_child_weight=3, n_estimators=10000, reg_alpha=0.22855002179729966, reg_lambda=1.0248647812878087, scale_pos_weight=1.5573148653696944, subsample=1.0441606492795699; total time=   0.0s
[CV] END colsample_bytree=0.8118602313424026, gamma=0.12092614545022584, learning_rate=0.028620553561179846, max_depth=6, min_child_weight=5, n_estimators=10000, reg_alpha=0.9004180571633305, reg_lambda=2.3993043718198037, scale_pos_weight=<scipy.stats._distn_infrastructure.rv_continuous_frozen object at 0x7f5b8f49e5d0>, subsample=0.8230970820737455; total time=   0.0s
[CV] END colsample_bytree=0.8118602313424026, gamma=0.12092614545022584, learning_rate=0.028620553561179846, max_depth=6, min_child_weight=5, n_estimators=10000, reg_alpha=0.9004180571633305, reg_lambda=2.3993043718198037, scale_pos_weight=<scipy.stats._distn_infrastructure.rv_continuous_frozen object at 0x7f5b8f49e5d0>, subsample=0.8230970820737455; total time=   0.0s
[CV] END colsample_bytree=0.8118602313424026, gamma=0.12092614545022584, learning_rate=0.028620553561179846, max_depth=6, min_child_weight=5, n_estimators=10000, reg_alpha=0.9004180571633305, reg_lambda=2.3993043718198037, scale_pos_weight=<scipy.stats._distn_infrastructure.rv_continuous_frozen object at 0x7f5b8f49e5d0>, subsample=0.8230970820737455; total time=   0.0s
[CV] END colsample_bytree=0.8118602313424026, gamma=0.12092614545022584, learning_rate=0.028620553561179846, max_depth=6, min_child_weight=5, n_estimators=10000, reg_alpha=0.9004180571633305, reg_lambda=2.3993043718198037, scale_pos_weight=<scipy.stats._distn_infrastructure.rv_continuous_frozen object at 0x7f5b8f49e5d0>, subsample=0.8230970820737455; total time=   0.0s
[CV] END colsample_bytree=0.8118602313424026, gamma=0.12092614545022584, learning_rate=0.028620553561179846, max_depth=6, min_child_weight=5, n_estimators=10000, reg_alpha=0.9004180571633305, reg_lambda=2.3993043718198037, scale_pos_weight=<scipy.stats._distn_infrastructure.rv_continuous_frozen object at 0x7f5b8f49e5d0>, subsample=0.8230970820737455; total time=   0.0s
[CV] END colsample_bytree=0.8801431319891084, gamma=0.42333057111915295, learning_rate=0.1812648583756185, max_depth=8, min_child_weight=8, n_estimators=10000, reg_alpha=0.8877700987609598, reg_lambda=3.0527853463025383, scale_pos_weight=<scipy.stats._distn_infrastructure.rv_continuous_frozen object at 0x7f5b8f49e5d0>, subsample=0.729302971275691; total time=   0.0s
[CV] END colsample_bytree=0.8801431319891084, gamma=0.42333057111915295, learning_rate=0.1812648583756185, max_depth=8, min_child_weight=8, n_estimators=10000, reg_alpha=0.8877700987609598, reg_lambda=3.0527853463025383, scale_pos_weight=<scipy.stats._distn_infrastructure.rv_continuous_frozen object at 0x7f5b8f49e5d0>, subsample=0.729302971275691; total time=   0.0s
[CV] END colsample_bytree=0.8801431319891084, gamma=0.42333057111915295, learning_rate=0.1812648583756185, max_depth=8, min_child_weight=8, n_estimators=10000, reg_alpha=0.8877700987609598, reg_lambda=3.0527853463025383, scale_pos_weight=<scipy.stats._distn_infrastructure.rv_continuous_frozen object at 0x7f5b8f49e5d0>, subsample=0.729302971275691; total time=   0.0s
[CV] END colsample_bytree=0.8801431319891084, gamma=0.42333057111915295, learning_rate=0.1812648583756185, max_depth=8, min_child_weight=8, n_estimators=10000, reg_alpha=0.8877700987609598, reg_lambda=3.0527853463025383, scale_pos_weight=<scipy.stats._distn_infrastructure.rv_continuous_frozen object at 0x7f5b8f49e5d0>, subsample=0.729302971275691; total time=   0.0s
[CV] END colsample_bytree=0.8801431319891084, gamma=0.42333057111915295, learning_rate=0.1812648583756185, max_depth=8, min_child_weight=8, n_estimators=10000, reg_alpha=0.8877700987609598, reg_lambda=3.0527853463025383, scale_pos_weight=<scipy.stats._distn_infrastructure.rv_continuous_frozen object at 0x7f5b8f49e5d0>, subsample=0.729302971275691; total time=   0.0s
[CV] END colsample_bytree=0.9594216754108317, gamma=0.30321452982979497, learning_rate=0.01183941032332593, max_depth=8, min_child_weight=9, n_estimators=10000, reg_alpha=0.6635017691080558, reg_lambda=0.5151847515386561, scale_pos_weight=1.5573148653696944, subsample=0.8442910882755148; total time=   3.5s
[CV] END colsample_bytree=0.9594216754108317, gamma=0.30321452982979497, learning_rate=0.01183941032332593, max_depth=8, min_child_weight=9, n_estimators=10000, reg_alpha=0.6635017691080558, reg_lambda=0.5151847515386561, scale_pos_weight=1.5573148653696944, subsample=0.8442910882755148; total time=   3.3s
[CV] END colsample_bytree=0.9594216754108317, gamma=0.30321452982979497, learning_rate=0.01183941032332593, max_depth=8, min_child_weight=9, n_estimators=10000, reg_alpha=0.6635017691080558, reg_lambda=0.5151847515386561, scale_pos_weight=1.5573148653696944, subsample=0.8442910882755148; total time=   3.4s
[CV] END colsample_bytree=0.9594216754108317, gamma=0.30321452982979497, learning_rate=0.01183941032332593, max_depth=8, min_child_weight=9, n_estimators=10000, reg_alpha=0.6635017691080558, reg_lambda=0.5151847515386561, scale_pos_weight=1.5573148653696944, subsample=0.8442910882755148; total time=   3.4s
[CV] END colsample_bytree=0.9594216754108317, gamma=0.30321452982979497, learning_rate=0.01183941032332593, max_depth=8, min_child_weight=9, n_estimators=10000, reg_alpha=0.6635017691080558, reg_lambda=0.5151847515386561, scale_pos_weight=1.5573148653696944, subsample=0.8442910882755148; total time=   3.4s
[CV] END colsample_bytree=0.7942455014344907, gamma=0.22421207149312367, learning_rate=0.20889149252216416, max_depth=6, min_child_weight=1, n_estimators=10000, reg_alpha=0.018075363615520867, reg_lambda=1.9816811455503038, scale_pos_weight=1.5573148653696944, subsample=1.1971931240944194; total time=   0.0s
[CV] END colsample_bytree=0.7942455014344907, gamma=0.22421207149312367, learning_rate=0.20889149252216416, max_depth=6, min_child_weight=1, n_estimators=10000, reg_alpha=0.018075363615520867, reg_lambda=1.9816811455503038, scale_pos_weight=1.5573148653696944, subsample=1.1971931240944194; total time=   0.0s
[CV] END colsample_bytree=0.7942455014344907, gamma=0.22421207149312367, learning_rate=0.20889149252216416, max_depth=6, min_child_weight=1, n_estimators=10000, reg_alpha=0.018075363615520867, reg_lambda=1.9816811455503038, scale_pos_weight=1.5573148653696944, subsample=1.1971931240944194; total time=   0.0s
[CV] END colsample_bytree=0.7942455014344907, gamma=0.22421207149312367, learning_rate=0.20889149252216416, max_depth=6, min_child_weight=1, n_estimators=10000, reg_alpha=0.018075363615520867, reg_lambda=1.9816811455503038, scale_pos_weight=1.5573148653696944, subsample=1.1971931240944194; total time=   0.0s
[CV] END colsample_bytree=0.7942455014344907, gamma=0.22421207149312367, learning_rate=0.20889149252216416, max_depth=6, min_child_weight=1, n_estimators=10000, reg_alpha=0.018075363615520867, reg_lambda=1.9816811455503038, scale_pos_weight=1.5573148653696944, subsample=1.1971931240944194; total time=   0.0s
[CV] END colsample_bytree=0.8598531596188859, gamma=0.42461170524708897, learning_rate=0.1415225784600687, max_depth=3, min_child_weight=3, n_estimators=10000, reg_alpha=0.6363326181858954, reg_lambda=1.2513854558167523, scale_pos_weight=1.5573148653696944, subsample=1.3784084438019564; total time=   0.0s
[CV] END colsample_bytree=0.8598531596188859, gamma=0.42461170524708897, learning_rate=0.1415225784600687, max_depth=3, min_child_weight=3, n_estimators=10000, reg_alpha=0.6363326181858954, reg_lambda=1.2513854558167523, scale_pos_weight=1.5573148653696944, subsample=1.3784084438019564; total time=   0.0s
[CV] END colsample_bytree=0.8598531596188859, gamma=0.42461170524708897, learning_rate=0.1415225784600687, max_depth=3, min_child_weight=3, n_estimators=10000, reg_alpha=0.6363326181858954, reg_lambda=1.2513854558167523, scale_pos_weight=1.5573148653696944, subsample=1.3784084438019564; total time=   0.0s
[CV] END colsample_bytree=0.8598531596188859, gamma=0.42461170524708897, learning_rate=0.1415225784600687, max_depth=3, min_child_weight=3, n_estimators=10000, reg_alpha=0.6363326181858954, reg_lambda=1.2513854558167523, scale_pos_weight=1.5573148653696944, subsample=1.3784084438019564; total time=   0.0s
[CV] END colsample_bytree=0.8598531596188859, gamma=0.42461170524708897, learning_rate=0.1415225784600687, max_depth=3, min_child_weight=3, n_estimators=10000, reg_alpha=0.6363326181858954, reg_lambda=1.2513854558167523, scale_pos_weight=1.5573148653696944, subsample=1.3784084438019564; total time=   0.0s
[CV] END colsample_bytree=0.7572390898667042, gamma=0.44602327758855664, learning_rate=0.1362277251994526, max_depth=4, min_child_weight=5, n_estimators=10000, reg_alpha=0.5026370931051921, reg_lambda=2.2307116538790774, scale_pos_weight=1.5573148653696944, subsample=1.2913340520575225; total time=   0.0s
[CV] END colsample_bytree=0.7572390898667042, gamma=0.44602327758855664, learning_rate=0.1362277251994526, max_depth=4, min_child_weight=5, n_estimators=10000, reg_alpha=0.5026370931051921, reg_lambda=2.2307116538790774, scale_pos_weight=1.5573148653696944, subsample=1.2913340520575225; total time=   0.0s
[CV] END colsample_bytree=0.7572390898667042, gamma=0.44602327758855664, learning_rate=0.1362277251994526, max_depth=4, min_child_weight=5, n_estimators=10000, reg_alpha=0.5026370931051921, reg_lambda=2.2307116538790774, scale_pos_weight=1.5573148653696944, subsample=1.2913340520575225; total time=   0.0s
[CV] END colsample_bytree=0.7572390898667042, gamma=0.44602327758855664, learning_rate=0.1362277251994526, max_depth=4, min_child_weight=5, n_estimators=10000, reg_alpha=0.5026370931051921, reg_lambda=2.2307116538790774, scale_pos_weight=1.5573148653696944, subsample=1.2913340520575225; total time=   0.0s
[CV] END colsample_bytree=0.7572390898667042, gamma=0.44602327758855664, learning_rate=0.1362277251994526, max_depth=4, min_child_weight=5, n_estimators=10000, reg_alpha=0.5026370931051921, reg_lambda=2.2307116538790774, scale_pos_weight=1.5573148653696944, subsample=1.2913340520575225; total time=   0.0s
[CV] END colsample_bytree=0.6920741072966221, gamma=0.24959668994237616, learning_rate=0.12440083984183663, max_depth=3, min_child_weight=1, n_estimators=10000, reg_alpha=0.994550510797341, reg_lambda=1.9098335419728287, scale_pos_weight=1.5573148653696944, subsample=1.3318915121763588; total time=   0.0s
[CV] END colsample_bytree=0.6920741072966221, gamma=0.24959668994237616, learning_rate=0.12440083984183663, max_depth=3, min_child_weight=1, n_estimators=10000, reg_alpha=0.994550510797341, reg_lambda=1.9098335419728287, scale_pos_weight=1.5573148653696944, subsample=1.3318915121763588; total time=   0.0s
[CV] END colsample_bytree=0.6920741072966221, gamma=0.24959668994237616, learning_rate=0.12440083984183663, max_depth=3, min_child_weight=1, n_estimators=10000, reg_alpha=0.994550510797341, reg_lambda=1.9098335419728287, scale_pos_weight=1.5573148653696944, subsample=1.3318915121763588; total time=   0.0s
[CV] END colsample_bytree=0.6920741072966221, gamma=0.24959668994237616, learning_rate=0.12440083984183663, max_depth=3, min_child_weight=1, n_estimators=10000, reg_alpha=0.994550510797341, reg_lambda=1.9098335419728287, scale_pos_weight=1.5573148653696944, subsample=1.3318915121763588; total time=   0.0s
[CV] END colsample_bytree=0.6920741072966221, gamma=0.24959668994237616, learning_rate=0.12440083984183663, max_depth=3, min_child_weight=1, n_estimators=10000, reg_alpha=0.994550510797341, reg_lambda=1.9098335419728287, scale_pos_weight=1.5573148653696944, subsample=1.3318915121763588; total time=   0.0s
[CV] END colsample_bytree=0.7480634801021777, gamma=0.007728308264433714, learning_rate=0.1956637125175451, max_depth=3, min_child_weight=5, n_estimators=10000, reg_alpha=0.5722924691708383, reg_lambda=3.440994751148137, scale_pos_weight=1.5573148653696944, subsample=0.8355591136556686; total time=   1.8s
[CV] END colsample_bytree=0.7480634801021777, gamma=0.007728308264433714, learning_rate=0.1956637125175451, max_depth=3, min_child_weight=5, n_estimators=10000, reg_alpha=0.5722924691708383, reg_lambda=3.440994751148137, scale_pos_weight=1.5573148653696944, subsample=0.8355591136556686; total time=   1.8s
[CV] END colsample_bytree=0.7480634801021777, gamma=0.007728308264433714, learning_rate=0.1956637125175451, max_depth=3, min_child_weight=5, n_estimators=10000, reg_alpha=0.5722924691708383, reg_lambda=3.440994751148137, scale_pos_weight=1.5573148653696944, subsample=0.8355591136556686; total time=   1.8s
[CV] END colsample_bytree=0.7480634801021777, gamma=0.007728308264433714, learning_rate=0.1956637125175451, max_depth=3, min_child_weight=5, n_estimators=10000, reg_alpha=0.5722924691708383, reg_lambda=3.440994751148137, scale_pos_weight=1.5573148653696944, subsample=0.8355591136556686; total time=   1.8s
[CV] END colsample_bytree=0.7480634801021777, gamma=0.007728308264433714, learning_rate=0.1956637125175451, max_depth=3, min_child_weight=5, n_estimators=10000, reg_alpha=0.5722924691708383, reg_lambda=3.440994751148137, scale_pos_weight=1.5573148653696944, subsample=0.8355591136556686; total time=   1.8s
[CV] END colsample_bytree=0.7540390914407701, gamma=0.42556833575842845, learning_rate=0.07338440103125553, max_depth=4, min_child_weight=9, n_estimators=10000, reg_alpha=0.3946914668094722, reg_lambda=3.032639422178934, scale_pos_weight=<scipy.stats._distn_infrastructure.rv_continuous_frozen object at 0x7f5b8f49e5d0>, subsample=1.056048936071492; total time=   0.0s
[CV] END colsample_bytree=0.7540390914407701, gamma=0.42556833575842845, learning_rate=0.07338440103125553, max_depth=4, min_child_weight=9, n_estimators=10000, reg_alpha=0.3946914668094722, reg_lambda=3.032639422178934, scale_pos_weight=<scipy.stats._distn_infrastructure.rv_continuous_frozen object at 0x7f5b8f49e5d0>, subsample=1.056048936071492; total time=   0.0s
[CV] END colsample_bytree=0.7540390914407701, gamma=0.42556833575842845, learning_rate=0.07338440103125553, max_depth=4, min_child_weight=9, n_estimators=10000, reg_alpha=0.3946914668094722, reg_lambda=3.032639422178934, scale_pos_weight=<scipy.stats._distn_infrastructure.rv_continuous_frozen object at 0x7f5b8f49e5d0>, subsample=1.056048936071492; total time=   0.0s
[CV] END colsample_bytree=0.7540390914407701, gamma=0.42556833575842845, learning_rate=0.07338440103125553, max_depth=4, min_child_weight=9, n_estimators=10000, reg_alpha=0.3946914668094722, reg_lambda=3.032639422178934, scale_pos_weight=<scipy.stats._distn_infrastructure.rv_continuous_frozen object at 0x7f5b8f49e5d0>, subsample=1.056048936071492; total time=   0.0s
[CV] END colsample_bytree=0.7540390914407701, gamma=0.42556833575842845, learning_rate=0.07338440103125553, max_depth=4, min_child_weight=9, n_estimators=10000, reg_alpha=0.3946914668094722, reg_lambda=3.032639422178934, scale_pos_weight=<scipy.stats._distn_infrastructure.rv_continuous_frozen object at 0x7f5b8f49e5d0>, subsample=1.056048936071492; total time=   0.0s
[CV] END colsample_bytree=0.6388705975083074, gamma=0.30750361334958487, learning_rate=0.20801077002085266, max_depth=4, min_child_weight=2, n_estimators=10000, reg_alpha=0.3225507642386005, reg_lambda=3.046009384774023, scale_pos_weight=<scipy.stats._distn_infrastructure.rv_continuous_frozen object at 0x7f5b8f49e5d0>, subsample=1.1619872671896874; total time=   0.0s
[CV] END colsample_bytree=0.6388705975083074, gamma=0.30750361334958487, learning_rate=0.20801077002085266, max_depth=4, min_child_weight=2, n_estimators=10000, reg_alpha=0.3225507642386005, reg_lambda=3.046009384774023, scale_pos_weight=<scipy.stats._distn_infrastructure.rv_continuous_frozen object at 0x7f5b8f49e5d0>, subsample=1.1619872671896874; total time=   0.0s
[CV] END colsample_bytree=0.6388705975083074, gamma=0.30750361334958487, learning_rate=0.20801077002085266, max_depth=4, min_child_weight=2, n_estimators=10000, reg_alpha=0.3225507642386005, reg_lambda=3.046009384774023, scale_pos_weight=<scipy.stats._distn_infrastructure.rv_continuous_frozen object at 0x7f5b8f49e5d0>, subsample=1.1619872671896874; total time=   0.0s
[CV] END colsample_bytree=0.6388705975083074, gamma=0.30750361334958487, learning_rate=0.20801077002085266, max_depth=4, min_child_weight=2, n_estimators=10000, reg_alpha=0.3225507642386005, reg_lambda=3.046009384774023, scale_pos_weight=<scipy.stats._distn_infrastructure.rv_continuous_frozen object at 0x7f5b8f49e5d0>, subsample=1.1619872671896874; total time=   0.0s
[CV] END colsample_bytree=0.6388705975083074, gamma=0.30750361334958487, learning_rate=0.20801077002085266, max_depth=4, min_child_weight=2, n_estimators=10000, reg_alpha=0.3225507642386005, reg_lambda=3.046009384774023, scale_pos_weight=<scipy.stats._distn_infrastructure.rv_continuous_frozen object at 0x7f5b8f49e5d0>, subsample=1.1619872671896874; total time=   0.0s
[CV] END colsample_bytree=0.743796460487902, gamma=0.14679592213224668, learning_rate=0.17187223109570274, max_depth=5, min_child_weight=2, n_estimators=10000, reg_alpha=0.8670723185801037, reg_lambda=3.239721657669414, scale_pos_weight=1.5573148653696944, subsample=0.6041478902191894; total time=   1.5s
[CV] END colsample_bytree=0.743796460487902, gamma=0.14679592213224668, learning_rate=0.17187223109570274, max_depth=5, min_child_weight=2, n_estimators=10000, reg_alpha=0.8670723185801037, reg_lambda=3.239721657669414, scale_pos_weight=1.5573148653696944, subsample=0.6041478902191894; total time=   1.5s
[CV] END colsample_bytree=0.743796460487902, gamma=0.14679592213224668, learning_rate=0.17187223109570274, max_depth=5, min_child_weight=2, n_estimators=10000, reg_alpha=0.8670723185801037, reg_lambda=3.239721657669414, scale_pos_weight=1.5573148653696944, subsample=0.6041478902191894; total time=   1.5s
[CV] END colsample_bytree=0.743796460487902, gamma=0.14679592213224668, learning_rate=0.17187223109570274, max_depth=5, min_child_weight=2, n_estimators=10000, reg_alpha=0.8670723185801037, reg_lambda=3.239721657669414, scale_pos_weight=1.5573148653696944, subsample=0.6041478902191894; total time=   1.5s
[CV] END colsample_bytree=0.743796460487902, gamma=0.14679592213224668, learning_rate=0.17187223109570274, max_depth=5, min_child_weight=2, n_estimators=10000, reg_alpha=0.8670723185801037, reg_lambda=3.239721657669414, scale_pos_weight=1.5573148653696944, subsample=0.6041478902191894; total time=   1.5s
[CV] END colsample_bytree=0.8511577659794545, gamma=0.09713697675602112, learning_rate=0.024188183399985533, max_depth=8, min_child_weight=3, n_estimators=10000, reg_alpha=0.3379951568515358, reg_lambda=1.6267488579198321, scale_pos_weight=1.5573148653696944, subsample=0.9507792984144696; total time=   2.2s
[CV] END colsample_bytree=0.8511577659794545, gamma=0.09713697675602112, learning_rate=0.024188183399985533, max_depth=8, min_child_weight=3, n_estimators=10000, reg_alpha=0.3379951568515358, reg_lambda=1.6267488579198321, scale_pos_weight=1.5573148653696944, subsample=0.9507792984144696; total time=   2.1s
[CV] END colsample_bytree=0.8511577659794545, gamma=0.09713697675602112, learning_rate=0.024188183399985533, max_depth=8, min_child_weight=3, n_estimators=10000, reg_alpha=0.3379951568515358, reg_lambda=1.6267488579198321, scale_pos_weight=1.5573148653696944, subsample=0.9507792984144696; total time=   2.2s
[CV] END colsample_bytree=0.8511577659794545, gamma=0.09713697675602112, learning_rate=0.024188183399985533, max_depth=8, min_child_weight=3, n_estimators=10000, reg_alpha=0.3379951568515358, reg_lambda=1.6267488579198321, scale_pos_weight=1.5573148653696944, subsample=0.9507792984144696; total time=   2.1s
[CV] END colsample_bytree=0.8511577659794545, gamma=0.09713697675602112, learning_rate=0.024188183399985533, max_depth=8, min_child_weight=3, n_estimators=10000, reg_alpha=0.3379951568515358, reg_lambda=1.6267488579198321, scale_pos_weight=1.5573148653696944, subsample=0.9507792984144696; total time=   2.1s
[CV] END colsample_bytree=0.8688104541180797, gamma=0.16407633373736596, learning_rate=0.04100832334554884, max_depth=8, min_child_weight=6, n_estimators=10000, reg_alpha=0.5908332605690108, reg_lambda=0.5915007498171483, scale_pos_weight=1.5573148653696944, subsample=0.6310677875435385; total time=   2.4s
[CV] END colsample_bytree=0.8688104541180797, gamma=0.16407633373736596, learning_rate=0.04100832334554884, max_depth=8, min_child_weight=6, n_estimators=10000, reg_alpha=0.5908332605690108, reg_lambda=0.5915007498171483, scale_pos_weight=1.5573148653696944, subsample=0.6310677875435385; total time=   2.4s
[CV] END colsample_bytree=0.8688104541180797, gamma=0.16407633373736596, learning_rate=0.04100832334554884, max_depth=8, min_child_weight=6, n_estimators=10000, reg_alpha=0.5908332605690108, reg_lambda=0.5915007498171483, scale_pos_weight=1.5573148653696944, subsample=0.6310677875435385; total time=   2.4s
[CV] END colsample_bytree=0.8688104541180797, gamma=0.16407633373736596, learning_rate=0.04100832334554884, max_depth=8, min_child_weight=6, n_estimators=10000, reg_alpha=0.5908332605690108, reg_lambda=0.5915007498171483, scale_pos_weight=1.5573148653696944, subsample=0.6310677875435385; total time=   2.3s
[CV] END colsample_bytree=0.8688104541180797, gamma=0.16407633373736596, learning_rate=0.04100832334554884, max_depth=8, min_child_weight=6, n_estimators=10000, reg_alpha=0.5908332605690108, reg_lambda=0.5915007498171483, scale_pos_weight=1.5573148653696944, subsample=0.6310677875435385; total time=   2.3s
[CV] END colsample_bytree=0.7213062058692892, gamma=0.2685412135983277, learning_rate=0.07533024835920818, max_depth=7, min_child_weight=5, n_estimators=10000, reg_alpha=0.45726516161372854, reg_lambda=3.026069225035944, scale_pos_weight=1.5573148653696944, subsample=1.0250837052545183; total time=   0.0s
[CV] END colsample_bytree=0.7213062058692892, gamma=0.2685412135983277, learning_rate=0.07533024835920818, max_depth=7, min_child_weight=5, n_estimators=10000, reg_alpha=0.45726516161372854, reg_lambda=3.026069225035944, scale_pos_weight=1.5573148653696944, subsample=1.0250837052545183; total time=   0.0s
[CV] END colsample_bytree=0.7213062058692892, gamma=0.2685412135983277, learning_rate=0.07533024835920818, max_depth=7, min_child_weight=5, n_estimators=10000, reg_alpha=0.45726516161372854, reg_lambda=3.026069225035944, scale_pos_weight=1.5573148653696944, subsample=1.0250837052545183; total time=   0.0s
[CV] END colsample_bytree=0.7213062058692892, gamma=0.2685412135983277, learning_rate=0.07533024835920818, max_depth=7, min_child_weight=5, n_estimators=10000, reg_alpha=0.45726516161372854, reg_lambda=3.026069225035944, scale_pos_weight=1.5573148653696944, subsample=1.0250837052545183; total time=   0.0s
[CV] END colsample_bytree=0.7213062058692892, gamma=0.2685412135983277, learning_rate=0.07533024835920818, max_depth=7, min_child_weight=5, n_estimators=10000, reg_alpha=0.45726516161372854, reg_lambda=3.026069225035944, scale_pos_weight=1.5573148653696944, subsample=1.0250837052545183; total time=   0.0s
[CV] END colsample_bytree=0.8162540486440426, gamma=0.3187149507491033, learning_rate=0.15521826674453232, max_depth=7, min_child_weight=2, n_estimators=10000, reg_alpha=0.5163003483011953, reg_lambda=1.468869418823738, scale_pos_weight=<scipy.stats._distn_infrastructure.rv_continuous_frozen object at 0x7f5b8f49e5d0>, subsample=0.9190567211558356; total time=   0.0s
[CV] END colsample_bytree=0.8162540486440426, gamma=0.3187149507491033, learning_rate=0.15521826674453232, max_depth=7, min_child_weight=2, n_estimators=10000, reg_alpha=0.5163003483011953, reg_lambda=1.468869418823738, scale_pos_weight=<scipy.stats._distn_infrastructure.rv_continuous_frozen object at 0x7f5b8f49e5d0>, subsample=0.9190567211558356; total time=   0.0s
[CV] END colsample_bytree=0.8162540486440426, gamma=0.3187149507491033, learning_rate=0.15521826674453232, max_depth=7, min_child_weight=2, n_estimators=10000, reg_alpha=0.5163003483011953, reg_lambda=1.468869418823738, scale_pos_weight=<scipy.stats._distn_infrastructure.rv_continuous_frozen object at 0x7f5b8f49e5d0>, subsample=0.9190567211558356; total time=   0.0s
[CV] END colsample_bytree=0.8162540486440426, gamma=0.3187149507491033, learning_rate=0.15521826674453232, max_depth=7, min_child_weight=2, n_estimators=10000, reg_alpha=0.5163003483011953, reg_lambda=1.468869418823738, scale_pos_weight=<scipy.stats._distn_infrastructure.rv_continuous_frozen object at 0x7f5b8f49e5d0>, subsample=0.9190567211558356; total time=   0.0s
[CV] END colsample_bytree=0.8162540486440426, gamma=0.3187149507491033, learning_rate=0.15521826674453232, max_depth=7, min_child_weight=2, n_estimators=10000, reg_alpha=0.5163003483011953, reg_lambda=1.468869418823738, scale_pos_weight=<scipy.stats._distn_infrastructure.rv_continuous_frozen object at 0x7f5b8f49e5d0>, subsample=0.9190567211558356; total time=   0.0s
[CV] END colsample_bytree=0.7734082950322968, gamma=0.3720213214995577, learning_rate=0.06017210546933224, max_depth=4, min_child_weight=5, n_estimators=10000, reg_alpha=0.08087296661719767, reg_lambda=1.7849434248203233, scale_pos_weight=1.5573148653696944, subsample=0.9271623555314159; total time=   1.4s
[CV] END colsample_bytree=0.7734082950322968, gamma=0.3720213214995577, learning_rate=0.06017210546933224, max_depth=4, min_child_weight=5, n_estimators=10000, reg_alpha=0.08087296661719767, reg_lambda=1.7849434248203233, scale_pos_weight=1.5573148653696944, subsample=0.9271623555314159; total time=   1.4s
[CV] END colsample_bytree=0.7734082950322968, gamma=0.3720213214995577, learning_rate=0.06017210546933224, max_depth=4, min_child_weight=5, n_estimators=10000, reg_alpha=0.08087296661719767, reg_lambda=1.7849434248203233, scale_pos_weight=1.5573148653696944, subsample=0.9271623555314159; total time=   1.4s
[CV] END colsample_bytree=0.7734082950322968, gamma=0.3720213214995577, learning_rate=0.06017210546933224, max_depth=4, min_child_weight=5, n_estimators=10000, reg_alpha=0.08087296661719767, reg_lambda=1.7849434248203233, scale_pos_weight=1.5573148653696944, subsample=0.9271623555314159; total time=   1.4s
[CV] END colsample_bytree=0.7734082950322968, gamma=0.3720213214995577, learning_rate=0.06017210546933224, max_depth=4, min_child_weight=5, n_estimators=10000, reg_alpha=0.08087296661719767, reg_lambda=1.7849434248203233, scale_pos_weight=1.5573148653696944, subsample=0.9271623555314159; total time=   1.4s
----------
iter: 1
n_candidates: 14
n_resources: 9888
Fitting 5 folds for each of 14 candidates, totalling 70 fits
[CV] END colsample_bytree=0.7300733288106989, gamma=0.36480308916903204, learning_rate=0.13751149427104264, max_depth=5, min_child_weight=3, n_estimators=10000, reg_alpha=0.4722149251619493, reg_lambda=0.8587827378149051, scale_pos_weight=1.5573148653696944, subsample=1.279131059412867; total time=   0.0s
[CV] END colsample_bytree=0.7300733288106989, gamma=0.36480308916903204, learning_rate=0.13751149427104264, max_depth=5, min_child_weight=3, n_estimators=10000, reg_alpha=0.4722149251619493, reg_lambda=0.8587827378149051, scale_pos_weight=1.5573148653696944, subsample=1.279131059412867; total time=   0.0s
[CV] END colsample_bytree=0.7300733288106989, gamma=0.36480308916903204, learning_rate=0.13751149427104264, max_depth=5, min_child_weight=3, n_estimators=10000, reg_alpha=0.4722149251619493, reg_lambda=0.8587827378149051, scale_pos_weight=1.5573148653696944, subsample=1.279131059412867; total time=   0.0s
[CV] END colsample_bytree=0.7300733288106989, gamma=0.36480308916903204, learning_rate=0.13751149427104264, max_depth=5, min_child_weight=3, n_estimators=10000, reg_alpha=0.4722149251619493, reg_lambda=0.8587827378149051, scale_pos_weight=1.5573148653696944, subsample=1.279131059412867; total time=   0.0s
[CV] END colsample_bytree=0.7300733288106989, gamma=0.36480308916903204, learning_rate=0.13751149427104264, max_depth=5, min_child_weight=3, n_estimators=10000, reg_alpha=0.4722149251619493, reg_lambda=0.8587827378149051, scale_pos_weight=1.5573148653696944, subsample=1.279131059412867; total time=   0.0s
[CV] END colsample_bytree=0.7480634801021777, gamma=0.007728308264433714, learning_rate=0.1956637125175451, max_depth=3, min_child_weight=5, n_estimators=10000, reg_alpha=0.5722924691708383, reg_lambda=3.440994751148137, scale_pos_weight=1.5573148653696944, subsample=0.8355591136556686; total time=   3.3s
[CV] END colsample_bytree=0.7480634801021777, gamma=0.007728308264433714, learning_rate=0.1956637125175451, max_depth=3, min_child_weight=5, n_estimators=10000, reg_alpha=0.5722924691708383, reg_lambda=3.440994751148137, scale_pos_weight=1.5573148653696944, subsample=0.8355591136556686; total time=   3.4s
[CV] END colsample_bytree=0.7480634801021777, gamma=0.007728308264433714, learning_rate=0.1956637125175451, max_depth=3, min_child_weight=5, n_estimators=10000, reg_alpha=0.5722924691708383, reg_lambda=3.440994751148137, scale_pos_weight=1.5573148653696944, subsample=0.8355591136556686; total time=   3.4s
[CV] END colsample_bytree=0.7480634801021777, gamma=0.007728308264433714, learning_rate=0.1956637125175451, max_depth=3, min_child_weight=5, n_estimators=10000, reg_alpha=0.5722924691708383, reg_lambda=3.440994751148137, scale_pos_weight=1.5573148653696944, subsample=0.8355591136556686; total time=   3.4s
[CV] END colsample_bytree=0.7480634801021777, gamma=0.007728308264433714, learning_rate=0.1956637125175451, max_depth=3, min_child_weight=5, n_estimators=10000, reg_alpha=0.5722924691708383, reg_lambda=3.440994751148137, scale_pos_weight=1.5573148653696944, subsample=0.8355591136556686; total time=   3.4s
[CV] END colsample_bytree=0.8590760482165449, gamma=0.0002601884976579094, learning_rate=0.0805137712668338, max_depth=5, min_child_weight=7, n_estimators=10000, reg_alpha=0.16465585314294173, reg_lambda=2.102268258126326, scale_pos_weight=1.5573148653696944, subsample=0.7776862483765842; total time=   4.9s
[CV] END colsample_bytree=0.8590760482165449, gamma=0.0002601884976579094, learning_rate=0.0805137712668338, max_depth=5, min_child_weight=7, n_estimators=10000, reg_alpha=0.16465585314294173, reg_lambda=2.102268258126326, scale_pos_weight=1.5573148653696944, subsample=0.7776862483765842; total time=   4.9s
[CV] END colsample_bytree=0.8590760482165449, gamma=0.0002601884976579094, learning_rate=0.0805137712668338, max_depth=5, min_child_weight=7, n_estimators=10000, reg_alpha=0.16465585314294173, reg_lambda=2.102268258126326, scale_pos_weight=1.5573148653696944, subsample=0.7776862483765842; total time=   4.9s
[CV] END colsample_bytree=0.8590760482165449, gamma=0.0002601884976579094, learning_rate=0.0805137712668338, max_depth=5, min_child_weight=7, n_estimators=10000, reg_alpha=0.16465585314294173, reg_lambda=2.102268258126326, scale_pos_weight=1.5573148653696944, subsample=0.7776862483765842; total time=   4.8s
[CV] END colsample_bytree=0.8590760482165449, gamma=0.0002601884976579094, learning_rate=0.0805137712668338, max_depth=5, min_child_weight=7, n_estimators=10000, reg_alpha=0.16465585314294173, reg_lambda=2.102268258126326, scale_pos_weight=1.5573148653696944, subsample=0.7776862483765842; total time=   4.8s
[CV] END colsample_bytree=0.6923575302488596, gamma=0.12051273301300586, learning_rate=0.14665270376509165, max_depth=6, min_child_weight=8, n_estimators=10000, reg_alpha=0.034388521115218396, reg_lambda=3.2279612062363463, scale_pos_weight=1.5573148653696944, subsample=0.7457888702304498; total time=   2.7s
[CV] END colsample_bytree=0.6923575302488596, gamma=0.12051273301300586, learning_rate=0.14665270376509165, max_depth=6, min_child_weight=8, n_estimators=10000, reg_alpha=0.034388521115218396, reg_lambda=3.2279612062363463, scale_pos_weight=1.5573148653696944, subsample=0.7457888702304498; total time=   2.7s
[CV] END colsample_bytree=0.6923575302488596, gamma=0.12051273301300586, learning_rate=0.14665270376509165, max_depth=6, min_child_weight=8, n_estimators=10000, reg_alpha=0.034388521115218396, reg_lambda=3.2279612062363463, scale_pos_weight=1.5573148653696944, subsample=0.7457888702304498; total time=   2.7s
[CV] END colsample_bytree=0.6923575302488596, gamma=0.12051273301300586, learning_rate=0.14665270376509165, max_depth=6, min_child_weight=8, n_estimators=10000, reg_alpha=0.034388521115218396, reg_lambda=3.2279612062363463, scale_pos_weight=1.5573148653696944, subsample=0.7457888702304498; total time=   2.7s
[CV] END colsample_bytree=0.6923575302488596, gamma=0.12051273301300586, learning_rate=0.14665270376509165, max_depth=6, min_child_weight=8, n_estimators=10000, reg_alpha=0.034388521115218396, reg_lambda=3.2279612062363463, scale_pos_weight=1.5573148653696944, subsample=0.7457888702304498; total time=   2.7s
[CV] END colsample_bytree=0.743796460487902, gamma=0.14679592213224668, learning_rate=0.17187223109570274, max_depth=5, min_child_weight=2, n_estimators=10000, reg_alpha=0.8670723185801037, reg_lambda=3.239721657669414, scale_pos_weight=1.5573148653696944, subsample=0.6041478902191894; total time=   2.6s
[CV] END colsample_bytree=0.743796460487902, gamma=0.14679592213224668, learning_rate=0.17187223109570274, max_depth=5, min_child_weight=2, n_estimators=10000, reg_alpha=0.8670723185801037, reg_lambda=3.239721657669414, scale_pos_weight=1.5573148653696944, subsample=0.6041478902191894; total time=   2.5s
[CV] END colsample_bytree=0.743796460487902, gamma=0.14679592213224668, learning_rate=0.17187223109570274, max_depth=5, min_child_weight=2, n_estimators=10000, reg_alpha=0.8670723185801037, reg_lambda=3.239721657669414, scale_pos_weight=1.5573148653696944, subsample=0.6041478902191894; total time=   2.6s
[CV] END colsample_bytree=0.743796460487902, gamma=0.14679592213224668, learning_rate=0.17187223109570274, max_depth=5, min_child_weight=2, n_estimators=10000, reg_alpha=0.8670723185801037, reg_lambda=3.239721657669414, scale_pos_weight=1.5573148653696944, subsample=0.6041478902191894; total time=   2.6s
[CV] END colsample_bytree=0.743796460487902, gamma=0.14679592213224668, learning_rate=0.17187223109570274, max_depth=5, min_child_weight=2, n_estimators=10000, reg_alpha=0.8670723185801037, reg_lambda=3.239721657669414, scale_pos_weight=1.5573148653696944, subsample=0.6041478902191894; total time=   2.6s
[CV] END colsample_bytree=0.6733618039413735, gamma=0.15212112147976886, learning_rate=0.11495128632644756, max_depth=6, min_child_weight=9, n_estimators=10000, reg_alpha=0.2912291401980419, reg_lambda=2.3355586841671383, scale_pos_weight=1.5573148653696944, subsample=0.6373325305708923; total time=   3.1s
[CV] END colsample_bytree=0.6733618039413735, gamma=0.15212112147976886, learning_rate=0.11495128632644756, max_depth=6, min_child_weight=9, n_estimators=10000, reg_alpha=0.2912291401980419, reg_lambda=2.3355586841671383, scale_pos_weight=1.5573148653696944, subsample=0.6373325305708923; total time=   3.1s
[CV] END colsample_bytree=0.6733618039413735, gamma=0.15212112147976886, learning_rate=0.11495128632644756, max_depth=6, min_child_weight=9, n_estimators=10000, reg_alpha=0.2912291401980419, reg_lambda=2.3355586841671383, scale_pos_weight=1.5573148653696944, subsample=0.6373325305708923; total time=   3.1s
[CV] END colsample_bytree=0.6733618039413735, gamma=0.15212112147976886, learning_rate=0.11495128632644756, max_depth=6, min_child_weight=9, n_estimators=10000, reg_alpha=0.2912291401980419, reg_lambda=2.3355586841671383, scale_pos_weight=1.5573148653696944, subsample=0.6373325305708923; total time=   3.1s
[CV] END colsample_bytree=0.6733618039413735, gamma=0.15212112147976886, learning_rate=0.11495128632644756, max_depth=6, min_child_weight=9, n_estimators=10000, reg_alpha=0.2912291401980419, reg_lambda=2.3355586841671383, scale_pos_weight=1.5573148653696944, subsample=0.6373325305708923; total time=   3.1s
[CV] END colsample_bytree=0.8886918084659492, gamma=0.11799245987447787, learning_rate=0.0612136645522648, max_depth=5, min_child_weight=9, n_estimators=10000, reg_alpha=0.7106628896857874, reg_lambda=0.832672462435494, scale_pos_weight=1.5573148653696944, subsample=0.6863131415946435; total time=   4.2s
[CV] END colsample_bytree=0.8886918084659492, gamma=0.11799245987447787, learning_rate=0.0612136645522648, max_depth=5, min_child_weight=9, n_estimators=10000, reg_alpha=0.7106628896857874, reg_lambda=0.832672462435494, scale_pos_weight=1.5573148653696944, subsample=0.6863131415946435; total time=   4.1s
[CV] END colsample_bytree=0.8886918084659492, gamma=0.11799245987447787, learning_rate=0.0612136645522648, max_depth=5, min_child_weight=9, n_estimators=10000, reg_alpha=0.7106628896857874, reg_lambda=0.832672462435494, scale_pos_weight=1.5573148653696944, subsample=0.6863131415946435; total time=   4.2s
[CV] END colsample_bytree=0.8886918084659492, gamma=0.11799245987447787, learning_rate=0.0612136645522648, max_depth=5, min_child_weight=9, n_estimators=10000, reg_alpha=0.7106628896857874, reg_lambda=0.832672462435494, scale_pos_weight=1.5573148653696944, subsample=0.6863131415946435; total time=   4.1s
[CV] END colsample_bytree=0.8886918084659492, gamma=0.11799245987447787, learning_rate=0.0612136645522648, max_depth=5, min_child_weight=9, n_estimators=10000, reg_alpha=0.7106628896857874, reg_lambda=0.832672462435494, scale_pos_weight=1.5573148653696944, subsample=0.6863131415946435; total time=   4.1s
[CV] END colsample_bytree=0.7334834444556088, gamma=0.07143340896097039, learning_rate=0.14017769458977059, max_depth=7, min_child_weight=2, n_estimators=10000, reg_alpha=0.7219987722668247, reg_lambda=3.3156581270472505, scale_pos_weight=1.5573148653696944, subsample=0.7454599737656805; total time=   2.6s
[CV] END colsample_bytree=0.7334834444556088, gamma=0.07143340896097039, learning_rate=0.14017769458977059, max_depth=7, min_child_weight=2, n_estimators=10000, reg_alpha=0.7219987722668247, reg_lambda=3.3156581270472505, scale_pos_weight=1.5573148653696944, subsample=0.7454599737656805; total time=   2.6s
[CV] END colsample_bytree=0.7334834444556088, gamma=0.07143340896097039, learning_rate=0.14017769458977059, max_depth=7, min_child_weight=2, n_estimators=10000, reg_alpha=0.7219987722668247, reg_lambda=3.3156581270472505, scale_pos_weight=1.5573148653696944, subsample=0.7454599737656805; total time=   2.7s
[CV] END colsample_bytree=0.7334834444556088, gamma=0.07143340896097039, learning_rate=0.14017769458977059, max_depth=7, min_child_weight=2, n_estimators=10000, reg_alpha=0.7219987722668247, reg_lambda=3.3156581270472505, scale_pos_weight=1.5573148653696944, subsample=0.7454599737656805; total time=   2.6s
[CV] END colsample_bytree=0.7334834444556088, gamma=0.07143340896097039, learning_rate=0.14017769458977059, max_depth=7, min_child_weight=2, n_estimators=10000, reg_alpha=0.7219987722668247, reg_lambda=3.3156581270472505, scale_pos_weight=1.5573148653696944, subsample=0.7454599737656805; total time=   2.6s
[CV] END colsample_bytree=0.6205915004999957, gamma=0.13932323211830572, learning_rate=0.19165317719333075, max_depth=5, min_child_weight=2, n_estimators=10000, reg_alpha=0.5309345833171364, reg_lambda=1.843349493719275, scale_pos_weight=1.5573148653696944, subsample=0.7936442172092003; total time=   2.0s
[CV] END colsample_bytree=0.6205915004999957, gamma=0.13932323211830572, learning_rate=0.19165317719333075, max_depth=5, min_child_weight=2, n_estimators=10000, reg_alpha=0.5309345833171364, reg_lambda=1.843349493719275, scale_pos_weight=1.5573148653696944, subsample=0.7936442172092003; total time=   2.0s
[CV] END colsample_bytree=0.6205915004999957, gamma=0.13932323211830572, learning_rate=0.19165317719333075, max_depth=5, min_child_weight=2, n_estimators=10000, reg_alpha=0.5309345833171364, reg_lambda=1.843349493719275, scale_pos_weight=1.5573148653696944, subsample=0.7936442172092003; total time=   2.0s
[CV] END colsample_bytree=0.6205915004999957, gamma=0.13932323211830572, learning_rate=0.19165317719333075, max_depth=5, min_child_weight=2, n_estimators=10000, reg_alpha=0.5309345833171364, reg_lambda=1.843349493719275, scale_pos_weight=1.5573148653696944, subsample=0.7936442172092003; total time=   2.0s
[CV] END colsample_bytree=0.6205915004999957, gamma=0.13932323211830572, learning_rate=0.19165317719333075, max_depth=5, min_child_weight=2, n_estimators=10000, reg_alpha=0.5309345833171364, reg_lambda=1.843349493719275, scale_pos_weight=1.5573148653696944, subsample=0.7936442172092003; total time=   2.0s
[CV] END colsample_bytree=0.9594216754108317, gamma=0.30321452982979497, learning_rate=0.01183941032332593, max_depth=8, min_child_weight=9, n_estimators=10000, reg_alpha=0.6635017691080558, reg_lambda=0.5151847515386561, scale_pos_weight=1.5573148653696944, subsample=0.8442910882755148; total time=   5.9s
[CV] END colsample_bytree=0.9594216754108317, gamma=0.30321452982979497, learning_rate=0.01183941032332593, max_depth=8, min_child_weight=9, n_estimators=10000, reg_alpha=0.6635017691080558, reg_lambda=0.5151847515386561, scale_pos_weight=1.5573148653696944, subsample=0.8442910882755148; total time=   5.9s
[CV] END colsample_bytree=0.9594216754108317, gamma=0.30321452982979497, learning_rate=0.01183941032332593, max_depth=8, min_child_weight=9, n_estimators=10000, reg_alpha=0.6635017691080558, reg_lambda=0.5151847515386561, scale_pos_weight=1.5573148653696944, subsample=0.8442910882755148; total time=   5.9s
[CV] END colsample_bytree=0.9594216754108317, gamma=0.30321452982979497, learning_rate=0.01183941032332593, max_depth=8, min_child_weight=9, n_estimators=10000, reg_alpha=0.6635017691080558, reg_lambda=0.5151847515386561, scale_pos_weight=1.5573148653696944, subsample=0.8442910882755148; total time=   5.8s
[CV] END colsample_bytree=0.9594216754108317, gamma=0.30321452982979497, learning_rate=0.01183941032332593, max_depth=8, min_child_weight=9, n_estimators=10000, reg_alpha=0.6635017691080558, reg_lambda=0.5151847515386561, scale_pos_weight=1.5573148653696944, subsample=0.8442910882755148; total time=   5.8s
[CV] END colsample_bytree=0.8688542189623514, gamma=0.3808098076643588, learning_rate=0.05752750879847994, max_depth=9, min_child_weight=6, n_estimators=10000, reg_alpha=0.3677831327192532, reg_lambda=2.3969174917807385, scale_pos_weight=1.5573148653696944, subsample=0.9190595539556424; total time=   2.1s
[CV] END colsample_bytree=0.8688542189623514, gamma=0.3808098076643588, learning_rate=0.05752750879847994, max_depth=9, min_child_weight=6, n_estimators=10000, reg_alpha=0.3677831327192532, reg_lambda=2.3969174917807385, scale_pos_weight=1.5573148653696944, subsample=0.9190595539556424; total time=   2.1s
[CV] END colsample_bytree=0.8688542189623514, gamma=0.3808098076643588, learning_rate=0.05752750879847994, max_depth=9, min_child_weight=6, n_estimators=10000, reg_alpha=0.3677831327192532, reg_lambda=2.3969174917807385, scale_pos_weight=1.5573148653696944, subsample=0.9190595539556424; total time=   2.1s
[CV] END colsample_bytree=0.8688542189623514, gamma=0.3808098076643588, learning_rate=0.05752750879847994, max_depth=9, min_child_weight=6, n_estimators=10000, reg_alpha=0.3677831327192532, reg_lambda=2.3969174917807385, scale_pos_weight=1.5573148653696944, subsample=0.9190595539556424; total time=   2.1s
[CV] END colsample_bytree=0.8688542189623514, gamma=0.3808098076643588, learning_rate=0.05752750879847994, max_depth=9, min_child_weight=6, n_estimators=10000, reg_alpha=0.3677831327192532, reg_lambda=2.3969174917807385, scale_pos_weight=1.5573148653696944, subsample=0.9190595539556424; total time=   2.1s
[CV] END colsample_bytree=0.7734082950322968, gamma=0.3720213214995577, learning_rate=0.06017210546933224, max_depth=4, min_child_weight=5, n_estimators=10000, reg_alpha=0.08087296661719767, reg_lambda=1.7849434248203233, scale_pos_weight=1.5573148653696944, subsample=0.9271623555314159; total time=   2.3s
[CV] END colsample_bytree=0.7734082950322968, gamma=0.3720213214995577, learning_rate=0.06017210546933224, max_depth=4, min_child_weight=5, n_estimators=10000, reg_alpha=0.08087296661719767, reg_lambda=1.7849434248203233, scale_pos_weight=1.5573148653696944, subsample=0.9271623555314159; total time=   2.2s
[CV] END colsample_bytree=0.7734082950322968, gamma=0.3720213214995577, learning_rate=0.06017210546933224, max_depth=4, min_child_weight=5, n_estimators=10000, reg_alpha=0.08087296661719767, reg_lambda=1.7849434248203233, scale_pos_weight=1.5573148653696944, subsample=0.9271623555314159; total time=   2.3s
[CV] END colsample_bytree=0.7734082950322968, gamma=0.3720213214995577, learning_rate=0.06017210546933224, max_depth=4, min_child_weight=5, n_estimators=10000, reg_alpha=0.08087296661719767, reg_lambda=1.7849434248203233, scale_pos_weight=1.5573148653696944, subsample=0.9271623555314159; total time=   2.3s
[CV] END colsample_bytree=0.7734082950322968, gamma=0.3720213214995577, learning_rate=0.06017210546933224, max_depth=4, min_child_weight=5, n_estimators=10000, reg_alpha=0.08087296661719767, reg_lambda=1.7849434248203233, scale_pos_weight=1.5573148653696944, subsample=0.9271623555314159; total time=   2.2s
[CV] END colsample_bytree=0.8688104541180797, gamma=0.16407633373736596, learning_rate=0.04100832334554884, max_depth=8, min_child_weight=6, n_estimators=10000, reg_alpha=0.5908332605690108, reg_lambda=0.5915007498171483, scale_pos_weight=1.5573148653696944, subsample=0.6310677875435385; total time=   4.2s
[CV] END colsample_bytree=0.8688104541180797, gamma=0.16407633373736596, learning_rate=0.04100832334554884, max_depth=8, min_child_weight=6, n_estimators=10000, reg_alpha=0.5908332605690108, reg_lambda=0.5915007498171483, scale_pos_weight=1.5573148653696944, subsample=0.6310677875435385; total time=   4.2s
[CV] END colsample_bytree=0.8688104541180797, gamma=0.16407633373736596, learning_rate=0.04100832334554884, max_depth=8, min_child_weight=6, n_estimators=10000, reg_alpha=0.5908332605690108, reg_lambda=0.5915007498171483, scale_pos_weight=1.5573148653696944, subsample=0.6310677875435385; total time=   4.2s
[CV] END colsample_bytree=0.8688104541180797, gamma=0.16407633373736596, learning_rate=0.04100832334554884, max_depth=8, min_child_weight=6, n_estimators=10000, reg_alpha=0.5908332605690108, reg_lambda=0.5915007498171483, scale_pos_weight=1.5573148653696944, subsample=0.6310677875435385; total time=   4.2s
[CV] END colsample_bytree=0.8688104541180797, gamma=0.16407633373736596, learning_rate=0.04100832334554884, max_depth=8, min_child_weight=6, n_estimators=10000, reg_alpha=0.5908332605690108, reg_lambda=0.5915007498171483, scale_pos_weight=1.5573148653696944, subsample=0.6310677875435385; total time=   4.2s
[CV] END colsample_bytree=0.8511577659794545, gamma=0.09713697675602112, learning_rate=0.024188183399985533, max_depth=8, min_child_weight=3, n_estimators=10000, reg_alpha=0.3379951568515358, reg_lambda=1.6267488579198321, scale_pos_weight=1.5573148653696944, subsample=0.9507792984144696; total time=   3.7s
[CV] END colsample_bytree=0.8511577659794545, gamma=0.09713697675602112, learning_rate=0.024188183399985533, max_depth=8, min_child_weight=3, n_estimators=10000, reg_alpha=0.3379951568515358, reg_lambda=1.6267488579198321, scale_pos_weight=1.5573148653696944, subsample=0.9507792984144696; total time=   3.6s
[CV] END colsample_bytree=0.8511577659794545, gamma=0.09713697675602112, learning_rate=0.024188183399985533, max_depth=8, min_child_weight=3, n_estimators=10000, reg_alpha=0.3379951568515358, reg_lambda=1.6267488579198321, scale_pos_weight=1.5573148653696944, subsample=0.9507792984144696; total time=   3.7s
[CV] END colsample_bytree=0.8511577659794545, gamma=0.09713697675602112, learning_rate=0.024188183399985533, max_depth=8, min_child_weight=3, n_estimators=10000, reg_alpha=0.3379951568515358, reg_lambda=1.6267488579198321, scale_pos_weight=1.5573148653696944, subsample=0.9507792984144696; total time=   3.7s
[CV] END colsample_bytree=0.8511577659794545, gamma=0.09713697675602112, learning_rate=0.024188183399985533, max_depth=8, min_child_weight=3, n_estimators=10000, reg_alpha=0.3379951568515358, reg_lambda=1.6267488579198321, scale_pos_weight=1.5573148653696944, subsample=0.9507792984144696; total time=   3.7s
----------
iter: 2
n_candidates: 5
n_resources: 29664
Fitting 5 folds for each of 5 candidates, totalling 25 fits
[CV] END colsample_bytree=0.7334834444556088, gamma=0.07143340896097039, learning_rate=0.14017769458977059, max_depth=7, min_child_weight=2, n_estimators=10000, reg_alpha=0.7219987722668247, reg_lambda=3.3156581270472505, scale_pos_weight=1.5573148653696944, subsample=0.7454599737656805; total time=   5.6s
[CV] END colsample_bytree=0.7334834444556088, gamma=0.07143340896097039, learning_rate=0.14017769458977059, max_depth=7, min_child_weight=2, n_estimators=10000, reg_alpha=0.7219987722668247, reg_lambda=3.3156581270472505, scale_pos_weight=1.5573148653696944, subsample=0.7454599737656805; total time=   5.6s
[CV] END colsample_bytree=0.7334834444556088, gamma=0.07143340896097039, learning_rate=0.14017769458977059, max_depth=7, min_child_weight=2, n_estimators=10000, reg_alpha=0.7219987722668247, reg_lambda=3.3156581270472505, scale_pos_weight=1.5573148653696944, subsample=0.7454599737656805; total time=   5.6s
[CV] END colsample_bytree=0.7334834444556088, gamma=0.07143340896097039, learning_rate=0.14017769458977059, max_depth=7, min_child_weight=2, n_estimators=10000, reg_alpha=0.7219987722668247, reg_lambda=3.3156581270472505, scale_pos_weight=1.5573148653696944, subsample=0.7454599737656805; total time=   5.6s
[CV] END colsample_bytree=0.7334834444556088, gamma=0.07143340896097039, learning_rate=0.14017769458977059, max_depth=7, min_child_weight=2, n_estimators=10000, reg_alpha=0.7219987722668247, reg_lambda=3.3156581270472505, scale_pos_weight=1.5573148653696944, subsample=0.7454599737656805; total time=   5.6s
[CV] END colsample_bytree=0.8688104541180797, gamma=0.16407633373736596, learning_rate=0.04100832334554884, max_depth=8, min_child_weight=6, n_estimators=10000, reg_alpha=0.5908332605690108, reg_lambda=0.5915007498171483, scale_pos_weight=1.5573148653696944, subsample=0.6310677875435385; total time=   9.0s
[CV] END colsample_bytree=0.8688104541180797, gamma=0.16407633373736596, learning_rate=0.04100832334554884, max_depth=8, min_child_weight=6, n_estimators=10000, reg_alpha=0.5908332605690108, reg_lambda=0.5915007498171483, scale_pos_weight=1.5573148653696944, subsample=0.6310677875435385; total time=   8.9s
[CV] END colsample_bytree=0.8688104541180797, gamma=0.16407633373736596, learning_rate=0.04100832334554884, max_depth=8, min_child_weight=6, n_estimators=10000, reg_alpha=0.5908332605690108, reg_lambda=0.5915007498171483, scale_pos_weight=1.5573148653696944, subsample=0.6310677875435385; total time=   9.0s
[CV] END colsample_bytree=0.8688104541180797, gamma=0.16407633373736596, learning_rate=0.04100832334554884, max_depth=8, min_child_weight=6, n_estimators=10000, reg_alpha=0.5908332605690108, reg_lambda=0.5915007498171483, scale_pos_weight=1.5573148653696944, subsample=0.6310677875435385; total time=   9.0s
[CV] END colsample_bytree=0.8688104541180797, gamma=0.16407633373736596, learning_rate=0.04100832334554884, max_depth=8, min_child_weight=6, n_estimators=10000, reg_alpha=0.5908332605690108, reg_lambda=0.5915007498171483, scale_pos_weight=1.5573148653696944, subsample=0.6310677875435385; total time=   8.9s
[CV] END colsample_bytree=0.9594216754108317, gamma=0.30321452982979497, learning_rate=0.01183941032332593, max_depth=8, min_child_weight=9, n_estimators=10000, reg_alpha=0.6635017691080558, reg_lambda=0.5151847515386561, scale_pos_weight=1.5573148653696944, subsample=0.8442910882755148; total time=  11.5s
[CV] END colsample_bytree=0.9594216754108317, gamma=0.30321452982979497, learning_rate=0.01183941032332593, max_depth=8, min_child_weight=9, n_estimators=10000, reg_alpha=0.6635017691080558, reg_lambda=0.5151847515386561, scale_pos_weight=1.5573148653696944, subsample=0.8442910882755148; total time=  11.7s
[CV] END colsample_bytree=0.9594216754108317, gamma=0.30321452982979497, learning_rate=0.01183941032332593, max_depth=8, min_child_weight=9, n_estimators=10000, reg_alpha=0.6635017691080558, reg_lambda=0.5151847515386561, scale_pos_weight=1.5573148653696944, subsample=0.8442910882755148; total time=  11.7s
[CV] END colsample_bytree=0.9594216754108317, gamma=0.30321452982979497, learning_rate=0.01183941032332593, max_depth=8, min_child_weight=9, n_estimators=10000, reg_alpha=0.6635017691080558, reg_lambda=0.5151847515386561, scale_pos_weight=1.5573148653696944, subsample=0.8442910882755148; total time=  11.6s
[CV] END colsample_bytree=0.9594216754108317, gamma=0.30321452982979497, learning_rate=0.01183941032332593, max_depth=8, min_child_weight=9, n_estimators=10000, reg_alpha=0.6635017691080558, reg_lambda=0.5151847515386561, scale_pos_weight=1.5573148653696944, subsample=0.8442910882755148; total time=  11.4s
[CV] END colsample_bytree=0.8688542189623514, gamma=0.3808098076643588, learning_rate=0.05752750879847994, max_depth=9, min_child_weight=6, n_estimators=10000, reg_alpha=0.3677831327192532, reg_lambda=2.3969174917807385, scale_pos_weight=1.5573148653696944, subsample=0.9190595539556424; total time=   4.1s
[CV] END colsample_bytree=0.8688542189623514, gamma=0.3808098076643588, learning_rate=0.05752750879847994, max_depth=9, min_child_weight=6, n_estimators=10000, reg_alpha=0.3677831327192532, reg_lambda=2.3969174917807385, scale_pos_weight=1.5573148653696944, subsample=0.9190595539556424; total time=   4.1s
[CV] END colsample_bytree=0.8688542189623514, gamma=0.3808098076643588, learning_rate=0.05752750879847994, max_depth=9, min_child_weight=6, n_estimators=10000, reg_alpha=0.3677831327192532, reg_lambda=2.3969174917807385, scale_pos_weight=1.5573148653696944, subsample=0.9190595539556424; total time=   4.1s
[CV] END colsample_bytree=0.8688542189623514, gamma=0.3808098076643588, learning_rate=0.05752750879847994, max_depth=9, min_child_weight=6, n_estimators=10000, reg_alpha=0.3677831327192532, reg_lambda=2.3969174917807385, scale_pos_weight=1.5573148653696944, subsample=0.9190595539556424; total time=   4.1s
[CV] END colsample_bytree=0.8688542189623514, gamma=0.3808098076643588, learning_rate=0.05752750879847994, max_depth=9, min_child_weight=6, n_estimators=10000, reg_alpha=0.3677831327192532, reg_lambda=2.3969174917807385, scale_pos_weight=1.5573148653696944, subsample=0.9190595539556424; total time=   4.0s
[CV] END colsample_bytree=0.8511577659794545, gamma=0.09713697675602112, learning_rate=0.024188183399985533, max_depth=8, min_child_weight=3, n_estimators=10000, reg_alpha=0.3379951568515358, reg_lambda=1.6267488579198321, scale_pos_weight=1.5573148653696944, subsample=0.9507792984144696; total time=   7.7s
[CV] END colsample_bytree=0.8511577659794545, gamma=0.09713697675602112, learning_rate=0.024188183399985533, max_depth=8, min_child_weight=3, n_estimators=10000, reg_alpha=0.3379951568515358, reg_lambda=1.6267488579198321, scale_pos_weight=1.5573148653696944, subsample=0.9507792984144696; total time=   7.7s
[CV] END colsample_bytree=0.8511577659794545, gamma=0.09713697675602112, learning_rate=0.024188183399985533, max_depth=8, min_child_weight=3, n_estimators=10000, reg_alpha=0.3379951568515358, reg_lambda=1.6267488579198321, scale_pos_weight=1.5573148653696944, subsample=0.9507792984144696; total time=   7.7s
[CV] END colsample_bytree=0.8511577659794545, gamma=0.09713697675602112, learning_rate=0.024188183399985533, max_depth=8, min_child_weight=3, n_estimators=10000, reg_alpha=0.3379951568515358, reg_lambda=1.6267488579198321, scale_pos_weight=1.5573148653696944, subsample=0.9507792984144696; total time=   7.8s
[CV] END colsample_bytree=0.8511577659794545, gamma=0.09713697675602112, learning_rate=0.024188183399985533, max_depth=8, min_child_weight=3, n_estimators=10000, reg_alpha=0.3379951568515358, reg_lambda=1.6267488579198321, scale_pos_weight=1.5573148653696944, subsample=0.9507792984144696; total time=   7.6s
----------
iter: 3
n_candidates: 2
n_resources: 88992
Fitting 5 folds for each of 2 candidates, totalling 10 fits
[CV] END colsample_bytree=0.8688542189623514, gamma=0.3808098076643588, learning_rate=0.05752750879847994, max_depth=9, min_child_weight=6, n_estimators=10000, reg_alpha=0.3677831327192532, reg_lambda=2.3969174917807385, scale_pos_weight=1.5573148653696944, subsample=0.9190595539556424; total time=   9.7s
[CV] END colsample_bytree=0.8688542189623514, gamma=0.3808098076643588, learning_rate=0.05752750879847994, max_depth=9, min_child_weight=6, n_estimators=10000, reg_alpha=0.3677831327192532, reg_lambda=2.3969174917807385, scale_pos_weight=1.5573148653696944, subsample=0.9190595539556424; total time=   9.8s
[CV] END colsample_bytree=0.8688542189623514, gamma=0.3808098076643588, learning_rate=0.05752750879847994, max_depth=9, min_child_weight=6, n_estimators=10000, reg_alpha=0.3677831327192532, reg_lambda=2.3969174917807385, scale_pos_weight=1.5573148653696944, subsample=0.9190595539556424; total time=   9.9s
[CV] END colsample_bytree=0.8688542189623514, gamma=0.3808098076643588, learning_rate=0.05752750879847994, max_depth=9, min_child_weight=6, n_estimators=10000, reg_alpha=0.3677831327192532, reg_lambda=2.3969174917807385, scale_pos_weight=1.5573148653696944, subsample=0.9190595539556424; total time=   9.8s
[CV] END colsample_bytree=0.8688542189623514, gamma=0.3808098076643588, learning_rate=0.05752750879847994, max_depth=9, min_child_weight=6, n_estimators=10000, reg_alpha=0.3677831327192532, reg_lambda=2.3969174917807385, scale_pos_weight=1.5573148653696944, subsample=0.9190595539556424; total time=   9.9s
[CV] END colsample_bytree=0.8511577659794545, gamma=0.09713697675602112, learning_rate=0.024188183399985533, max_depth=8, min_child_weight=3, n_estimators=10000, reg_alpha=0.3379951568515358, reg_lambda=1.6267488579198321, scale_pos_weight=1.5573148653696944, subsample=0.9507792984144696; total time=  19.3s
[CV] END colsample_bytree=0.8511577659794545, gamma=0.09713697675602112, learning_rate=0.024188183399985533, max_depth=8, min_child_weight=3, n_estimators=10000, reg_alpha=0.3379951568515358, reg_lambda=1.6267488579198321, scale_pos_weight=1.5573148653696944, subsample=0.9507792984144696; total time=  19.6s
[CV] END colsample_bytree=0.8511577659794545, gamma=0.09713697675602112, learning_rate=0.024188183399985533, max_depth=8, min_child_weight=3, n_estimators=10000, reg_alpha=0.3379951568515358, reg_lambda=1.6267488579198321, scale_pos_weight=1.5573148653696944, subsample=0.9507792984144696; total time=  19.7s
[CV] END colsample_bytree=0.8511577659794545, gamma=0.09713697675602112, learning_rate=0.024188183399985533, max_depth=8, min_child_weight=3, n_estimators=10000, reg_alpha=0.3379951568515358, reg_lambda=1.6267488579198321, scale_pos_weight=1.5573148653696944, subsample=0.9507792984144696; total time=  19.4s
[CV] END colsample_bytree=0.8511577659794545, gamma=0.09713697675602112, learning_rate=0.024188183399985533, max_depth=8, min_child_weight=3, n_estimators=10000, reg_alpha=0.3379951568515358, reg_lambda=1.6267488579198321, scale_pos_weight=1.5573148653696944, subsample=0.9507792984144696; total time=  19.3s

Best F1-macro (CV on train): 0.9187

======================================================================
Threshold tuning on validation set 
======================================================================
  Best F1-macro   threshold (val): 0.60  : f1_macro=0.8906  recall_anom=0.8370
  Best F1-anomaly threshold (val): 0.45
  Best Youden     threshold (val): 0.60
  Best recall≥90  threshold (val): 0.20

======================================================================
Evaluation on TEST  (threshold=0.60 from val)
======================================================================

BASELINE  (test, threshold=0.5)
======================================================================
              precision    recall  f1-score   support

        Good     0.8039    0.8597    0.8308     11052
         Bad     0.8585    0.8024    0.8295     11728

    accuracy                         0.8302     22780
   macro avg     0.8312    0.8310    0.8302     22780
weighted avg     0.8320    0.8302    0.8301     22780


OPTIMIZED  (test, threshold=0.60 tuned on val, scoring=f1_macro)
======================================================================
              precision    recall  f1-score   support

        Good     0.7929    0.9054    0.8454     11052
         Bad     0.8970    0.7771    0.8328     11728

    accuracy                         0.8393     22780
   macro avg     0.8450    0.8412    0.8391     22780
weighted avg     0.8465    0.8393    0.8389     22780


======================================================================
Saving artifacts
======================================================================
  - Model
  - Plot bundle
  - Test results parquet
  - Threshold info
  - Best params JSON
  - HP search CSV
  - Threshold CSV
  - Classification report
  - MLflow model log

######################################################################
#  OCEANO: Pacific
######################################################################
  Train : 220,940 profiles | 38.29% anomalous
  Val   : 70,440   profiles | 50.93% anomalous
  Test  : 69,598  profiles | 57.52% anomalous
  Features: 24  →  ['TEMP_max', 'TEMP_min', 'TEMP_mean', 'TEMP_std', 'TEMP_range', 'TEMP_max_grad', 'TEMP_mean_grad', 'TEMP_grad_std', 'PSAL_max', 'PSAL_min', 'PSAL_mean', 'PSAL_std', 'PSAL_range', 'PSAL_max_grad', 'PSAL_mean_grad', 'PSAL_grad_std', 'PRES_max', 'PRES_min', 'PRES_mean', 'PRES_std', 'PRES_range', 'PRES_max_grad', 'PRES_mean_grad', 'PRES_grad_std']
  Imbalance ratio (scale_pos_weight): 1.61

Using experiment 'XGBoost_Pacific_2018_2022_TemporalSplit' (id=49)

======================================================================
Baseline XGBoost (200 trees, default threshold 0.5)
======================================================================
  Baseline ROC-AUC (test) : 0.9201
  Baseline F1-macro (test): 0.8351

======================================================================
HalvingRandomSearchCV — scoring=f1_macro  (CV en train only)
======================================================================

Starting hyperparameter search...
n_iterations: 4
n_required_iterations: 4
n_possible_iterations: 4
min_resources_: 8182
max_resources_: 220940
aggressive_elimination: False
factor: 3
----------
iter: 0
n_candidates: 40
n_resources: 8182
Fitting 5 folds for each of 40 candidates, totalling 200 fits
[CV] END colsample_bytree=0.749816047538945, gamma=0.4753571532049581, learning_rate=0.15639878836228102, max_depth=7, min_child_weight=5, n_estimators=10000, reg_alpha=0.15601864044243652, reg_lambda=0.9679835610086079, scale_pos_weight=<scipy.stats._distn_infrastructure.rv_continuous_frozen object at 0x7f5b8ff4c750>, subsample=0.9673991135726937; total time=   0.0s
[CV] END colsample_bytree=0.749816047538945, gamma=0.4753571532049581, learning_rate=0.15639878836228102, max_depth=7, min_child_weight=5, n_estimators=10000, reg_alpha=0.15601864044243652, reg_lambda=0.9679835610086079, scale_pos_weight=<scipy.stats._distn_infrastructure.rv_continuous_frozen object at 0x7f5b8ff4c750>, subsample=0.9673991135726937; total time=   0.0s
[CV] END colsample_bytree=0.749816047538945, gamma=0.4753571532049581, learning_rate=0.15639878836228102, max_depth=7, min_child_weight=5, n_estimators=10000, reg_alpha=0.15601864044243652, reg_lambda=0.9679835610086079, scale_pos_weight=<scipy.stats._distn_infrastructure.rv_continuous_frozen object at 0x7f5b8ff4c750>, subsample=0.9673991135726937; total time=   0.0s
[CV] END colsample_bytree=0.749816047538945, gamma=0.4753571532049581, learning_rate=0.15639878836228102, max_depth=7, min_child_weight=5, n_estimators=10000, reg_alpha=0.15601864044243652, reg_lambda=0.9679835610086079, scale_pos_weight=<scipy.stats._distn_infrastructure.rv_continuous_frozen object at 0x7f5b8ff4c750>, subsample=0.9673991135726937; total time=   0.0s
[CV] END colsample_bytree=0.749816047538945, gamma=0.4753571532049581, learning_rate=0.15639878836228102, max_depth=7, min_child_weight=5, n_estimators=10000, reg_alpha=0.15601864044243652, reg_lambda=0.9679835610086079, scale_pos_weight=<scipy.stats._distn_infrastructure.rv_continuous_frozen object at 0x7f5b8ff4c750>, subsample=0.9673991135726937; total time=   0.0s
[CV] END colsample_bytree=0.7334834444556088, gamma=0.07143340896097039, learning_rate=0.14017769458977059, max_depth=7, min_child_weight=2, n_estimators=10000, reg_alpha=0.7219987722668247, reg_lambda=3.3156581270472505, scale_pos_weight=1.611336989409985, subsample=0.7454599737656805; total time=   2.0s
[CV] END colsample_bytree=0.7334834444556088, gamma=0.07143340896097039, learning_rate=0.14017769458977059, max_depth=7, min_child_weight=2, n_estimators=10000, reg_alpha=0.7219987722668247, reg_lambda=3.3156581270472505, scale_pos_weight=1.611336989409985, subsample=0.7454599737656805; total time=   2.0s
[CV] END colsample_bytree=0.7334834444556088, gamma=0.07143340896097039, learning_rate=0.14017769458977059, max_depth=7, min_child_weight=2, n_estimators=10000, reg_alpha=0.7219987722668247, reg_lambda=3.3156581270472505, scale_pos_weight=1.611336989409985, subsample=0.7454599737656805; total time=   2.0s
[CV] END colsample_bytree=0.7334834444556088, gamma=0.07143340896097039, learning_rate=0.14017769458977059, max_depth=7, min_child_weight=2, n_estimators=10000, reg_alpha=0.7219987722668247, reg_lambda=3.3156581270472505, scale_pos_weight=1.611336989409985, subsample=0.7454599737656805; total time=   2.0s
[CV] END colsample_bytree=0.7334834444556088, gamma=0.07143340896097039, learning_rate=0.14017769458977059, max_depth=7, min_child_weight=2, n_estimators=10000, reg_alpha=0.7219987722668247, reg_lambda=3.3156581270472505, scale_pos_weight=1.611336989409985, subsample=0.7454599737656805; total time=   2.0s
[CV] END colsample_bytree=0.6733618039413735, gamma=0.15212112147976886, learning_rate=0.11495128632644756, max_depth=6, min_child_weight=9, n_estimators=10000, reg_alpha=0.2912291401980419, reg_lambda=2.3355586841671383, scale_pos_weight=1.611336989409985, subsample=0.6373325305708923; total time=   2.4s
[CV] END colsample_bytree=0.6733618039413735, gamma=0.15212112147976886, learning_rate=0.11495128632644756, max_depth=6, min_child_weight=9, n_estimators=10000, reg_alpha=0.2912291401980419, reg_lambda=2.3355586841671383, scale_pos_weight=1.611336989409985, subsample=0.6373325305708923; total time=   2.4s
[CV] END colsample_bytree=0.6733618039413735, gamma=0.15212112147976886, learning_rate=0.11495128632644756, max_depth=6, min_child_weight=9, n_estimators=10000, reg_alpha=0.2912291401980419, reg_lambda=2.3355586841671383, scale_pos_weight=1.611336989409985, subsample=0.6373325305708923; total time=   2.4s
[CV] END colsample_bytree=0.6733618039413735, gamma=0.15212112147976886, learning_rate=0.11495128632644756, max_depth=6, min_child_weight=9, n_estimators=10000, reg_alpha=0.2912291401980419, reg_lambda=2.3355586841671383, scale_pos_weight=1.611336989409985, subsample=0.6373325305708923; total time=   2.4s
[CV] END colsample_bytree=0.6733618039413735, gamma=0.15212112147976886, learning_rate=0.11495128632644756, max_depth=6, min_child_weight=9, n_estimators=10000, reg_alpha=0.2912291401980419, reg_lambda=2.3355586841671383, scale_pos_weight=1.611336989409985, subsample=0.6373325305708923; total time=   2.4s
[CV] END colsample_bytree=0.9895022075365837, gamma=0.11638567021515211, learning_rate=0.02812128690656416, max_depth=8, min_child_weight=3, n_estimators=10000, reg_alpha=0.38246199126716274, reg_lambda=3.4496926574203646, scale_pos_weight=<scipy.stats._distn_infrastructure.rv_continuous_frozen object at 0x7f5b8ff4c750>, subsample=0.6371603301759982; total time=   0.0s
[CV] END colsample_bytree=0.9895022075365837, gamma=0.11638567021515211, learning_rate=0.02812128690656416, max_depth=8, min_child_weight=3, n_estimators=10000, reg_alpha=0.38246199126716274, reg_lambda=3.4496926574203646, scale_pos_weight=<scipy.stats._distn_infrastructure.rv_continuous_frozen object at 0x7f5b8ff4c750>, subsample=0.6371603301759982; total time=   0.0s
[CV] END colsample_bytree=0.9895022075365837, gamma=0.11638567021515211, learning_rate=0.02812128690656416, max_depth=8, min_child_weight=3, n_estimators=10000, reg_alpha=0.38246199126716274, reg_lambda=3.4496926574203646, scale_pos_weight=<scipy.stats._distn_infrastructure.rv_continuous_frozen object at 0x7f5b8ff4c750>, subsample=0.6371603301759982; total time=   0.0s
[CV] END colsample_bytree=0.9895022075365837, gamma=0.11638567021515211, learning_rate=0.02812128690656416, max_depth=8, min_child_weight=3, n_estimators=10000, reg_alpha=0.38246199126716274, reg_lambda=3.4496926574203646, scale_pos_weight=<scipy.stats._distn_infrastructure.rv_continuous_frozen object at 0x7f5b8ff4c750>, subsample=0.6371603301759982; total time=   0.0s
[CV] END colsample_bytree=0.9895022075365837, gamma=0.11638567021515211, learning_rate=0.02812128690656416, max_depth=8, min_child_weight=3, n_estimators=10000, reg_alpha=0.38246199126716274, reg_lambda=3.4496926574203646, scale_pos_weight=<scipy.stats._distn_infrastructure.rv_continuous_frozen object at 0x7f5b8ff4c750>, subsample=0.6371603301759982; total time=   0.0s
[CV] END colsample_bytree=0.8430179407605753, gamma=0.08526206184364576, learning_rate=0.023010318597055907, max_depth=6, min_child_weight=9, n_estimators=10000, reg_alpha=0.9656320330745594, reg_lambda=2.9251920443493833, scale_pos_weight=<scipy.stats._distn_infrastructure.rv_continuous_frozen object at 0x7f5b8ff4c750>, subsample=0.6127730017761713; total time=   0.0s
[CV] END colsample_bytree=0.8430179407605753, gamma=0.08526206184364576, learning_rate=0.023010318597055907, max_depth=6, min_child_weight=9, n_estimators=10000, reg_alpha=0.9656320330745594, reg_lambda=2.9251920443493833, scale_pos_weight=<scipy.stats._distn_infrastructure.rv_continuous_frozen object at 0x7f5b8ff4c750>, subsample=0.6127730017761713; total time=   0.0s
[CV] END colsample_bytree=0.8430179407605753, gamma=0.08526206184364576, learning_rate=0.023010318597055907, max_depth=6, min_child_weight=9, n_estimators=10000, reg_alpha=0.9656320330745594, reg_lambda=2.9251920443493833, scale_pos_weight=<scipy.stats._distn_infrastructure.rv_continuous_frozen object at 0x7f5b8ff4c750>, subsample=0.6127730017761713; total time=   0.0s
[CV] END colsample_bytree=0.8430179407605753, gamma=0.08526206184364576, learning_rate=0.023010318597055907, max_depth=6, min_child_weight=9, n_estimators=10000, reg_alpha=0.9656320330745594, reg_lambda=2.9251920443493833, scale_pos_weight=<scipy.stats._distn_infrastructure.rv_continuous_frozen object at 0x7f5b8ff4c750>, subsample=0.6127730017761713; total time=   0.0s
[CV] END colsample_bytree=0.8430179407605753, gamma=0.08526206184364576, learning_rate=0.023010318597055907, max_depth=6, min_child_weight=9, n_estimators=10000, reg_alpha=0.9656320330745594, reg_lambda=2.9251920443493833, scale_pos_weight=<scipy.stats._distn_infrastructure.rv_continuous_frozen object at 0x7f5b8ff4c750>, subsample=0.6127730017761713; total time=   0.0s
[CV] END colsample_bytree=0.6923575302488596, gamma=0.12051273301300586, learning_rate=0.14665270376509165, max_depth=6, min_child_weight=8, n_estimators=10000, reg_alpha=0.034388521115218396, reg_lambda=3.2279612062363463, scale_pos_weight=1.611336989409985, subsample=0.7457888702304498; total time=   2.1s
[CV] END colsample_bytree=0.6923575302488596, gamma=0.12051273301300586, learning_rate=0.14665270376509165, max_depth=6, min_child_weight=8, n_estimators=10000, reg_alpha=0.034388521115218396, reg_lambda=3.2279612062363463, scale_pos_weight=1.611336989409985, subsample=0.7457888702304498; total time=   2.1s
[CV] END colsample_bytree=0.6923575302488596, gamma=0.12051273301300586, learning_rate=0.14665270376509165, max_depth=6, min_child_weight=8, n_estimators=10000, reg_alpha=0.034388521115218396, reg_lambda=3.2279612062363463, scale_pos_weight=1.611336989409985, subsample=0.7457888702304498; total time=   2.1s
[CV] END colsample_bytree=0.6923575302488596, gamma=0.12051273301300586, learning_rate=0.14665270376509165, max_depth=6, min_child_weight=8, n_estimators=10000, reg_alpha=0.034388521115218396, reg_lambda=3.2279612062363463, scale_pos_weight=1.611336989409985, subsample=0.7457888702304498; total time=   2.1s
[CV] END colsample_bytree=0.6923575302488596, gamma=0.12051273301300586, learning_rate=0.14665270376509165, max_depth=6, min_child_weight=8, n_estimators=10000, reg_alpha=0.034388521115218396, reg_lambda=3.2279612062363463, scale_pos_weight=1.611336989409985, subsample=0.7457888702304498; total time=   2.1s
[CV] END colsample_bytree=0.902144564127061, gamma=0.21257793724562235, learning_rate=0.05158833257363777, max_depth=6, min_child_weight=6, n_estimators=10000, reg_alpha=0.03131329245555858, reg_lambda=3.0268543237849954, scale_pos_weight=1.611336989409985, subsample=1.3515991532513514; total time=   0.0s
[CV] END colsample_bytree=0.902144564127061, gamma=0.21257793724562235, learning_rate=0.05158833257363777, max_depth=6, min_child_weight=6, n_estimators=10000, reg_alpha=0.03131329245555858, reg_lambda=3.0268543237849954, scale_pos_weight=1.611336989409985, subsample=1.3515991532513514; total time=   0.0s
[CV] END colsample_bytree=0.902144564127061, gamma=0.21257793724562235, learning_rate=0.05158833257363777, max_depth=6, min_child_weight=6, n_estimators=10000, reg_alpha=0.03131329245555858, reg_lambda=3.0268543237849954, scale_pos_weight=1.611336989409985, subsample=1.3515991532513514; total time=   0.0s
[CV] END colsample_bytree=0.902144564127061, gamma=0.21257793724562235, learning_rate=0.05158833257363777, max_depth=6, min_child_weight=6, n_estimators=10000, reg_alpha=0.03131329245555858, reg_lambda=3.0268543237849954, scale_pos_weight=1.611336989409985, subsample=1.3515991532513514; total time=   0.0s
[CV] END colsample_bytree=0.902144564127061, gamma=0.21257793724562235, learning_rate=0.05158833257363777, max_depth=6, min_child_weight=6, n_estimators=10000, reg_alpha=0.03131329245555858, reg_lambda=3.0268543237849954, scale_pos_weight=1.611336989409985, subsample=1.3515991532513514; total time=   0.0s
[CV] END colsample_bytree=0.9579309401710595, gamma=0.29894998940554257, learning_rate=0.19437484700462337, max_depth=8, min_child_weight=7, n_estimators=10000, reg_alpha=0.5208342600258237, reg_lambda=3.3835160730480474, scale_pos_weight=<scipy.stats._distn_infrastructure.rv_continuous_frozen object at 0x7f5b8ff4c750>, subsample=0.9109418317515856; total time=   0.0s
[CV] END colsample_bytree=0.9579309401710595, gamma=0.29894998940554257, learning_rate=0.19437484700462337, max_depth=8, min_child_weight=7, n_estimators=10000, reg_alpha=0.5208342600258237, reg_lambda=3.3835160730480474, scale_pos_weight=<scipy.stats._distn_infrastructure.rv_continuous_frozen object at 0x7f5b8ff4c750>, subsample=0.9109418317515856; total time=   0.0s
[CV] END colsample_bytree=0.9579309401710595, gamma=0.29894998940554257, learning_rate=0.19437484700462337, max_depth=8, min_child_weight=7, n_estimators=10000, reg_alpha=0.5208342600258237, reg_lambda=3.3835160730480474, scale_pos_weight=<scipy.stats._distn_infrastructure.rv_continuous_frozen object at 0x7f5b8ff4c750>, subsample=0.9109418317515856; total time=   0.0s
[CV] END colsample_bytree=0.9579309401710595, gamma=0.29894998940554257, learning_rate=0.19437484700462337, max_depth=8, min_child_weight=7, n_estimators=10000, reg_alpha=0.5208342600258237, reg_lambda=3.3835160730480474, scale_pos_weight=<scipy.stats._distn_infrastructure.rv_continuous_frozen object at 0x7f5b8ff4c750>, subsample=0.9109418317515856; total time=   0.0s
[CV] END colsample_bytree=0.9579309401710595, gamma=0.29894998940554257, learning_rate=0.19437484700462337, max_depth=8, min_child_weight=7, n_estimators=10000, reg_alpha=0.5208342600258237, reg_lambda=3.3835160730480474, scale_pos_weight=<scipy.stats._distn_infrastructure.rv_continuous_frozen object at 0x7f5b8ff4c750>, subsample=0.9109418317515856; total time=   0.0s
[CV] END colsample_bytree=0.7085396127095583, gamma=0.41436875457596467, learning_rate=0.08135066533871785, max_depth=6, min_child_weight=9, n_estimators=10000, reg_alpha=0.2962735057040824, reg_lambda=0.9958008171890075, scale_pos_weight=<scipy.stats._distn_infrastructure.rv_continuous_frozen object at 0x7f5b8ff4c750>, subsample=1.389509549280414; total time=   0.0s
[CV] END colsample_bytree=0.7085396127095583, gamma=0.41436875457596467, learning_rate=0.08135066533871785, max_depth=6, min_child_weight=9, n_estimators=10000, reg_alpha=0.2962735057040824, reg_lambda=0.9958008171890075, scale_pos_weight=<scipy.stats._distn_infrastructure.rv_continuous_frozen object at 0x7f5b8ff4c750>, subsample=1.389509549280414; total time=   0.0s
[CV] END colsample_bytree=0.7085396127095583, gamma=0.41436875457596467, learning_rate=0.08135066533871785, max_depth=6, min_child_weight=9, n_estimators=10000, reg_alpha=0.2962735057040824, reg_lambda=0.9958008171890075, scale_pos_weight=<scipy.stats._distn_infrastructure.rv_continuous_frozen object at 0x7f5b8ff4c750>, subsample=1.389509549280414; total time=   0.0s
[CV] END colsample_bytree=0.7085396127095583, gamma=0.41436875457596467, learning_rate=0.08135066533871785, max_depth=6, min_child_weight=9, n_estimators=10000, reg_alpha=0.2962735057040824, reg_lambda=0.9958008171890075, scale_pos_weight=<scipy.stats._distn_infrastructure.rv_continuous_frozen object at 0x7f5b8ff4c750>, subsample=1.389509549280414; total time=   0.0s
[CV] END colsample_bytree=0.7085396127095583, gamma=0.41436875457596467, learning_rate=0.08135066533871785, max_depth=6, min_child_weight=9, n_estimators=10000, reg_alpha=0.2962735057040824, reg_lambda=0.9958008171890075, scale_pos_weight=<scipy.stats._distn_infrastructure.rv_continuous_frozen object at 0x7f5b8ff4c750>, subsample=1.389509549280414; total time=   0.0s
[CV] END colsample_bytree=0.908897907718663, gamma=0.0993578407670862, learning_rate=0.01110442342472048, max_depth=5, min_child_weight=3, n_estimators=10000, reg_alpha=0.7068573438476171, reg_lambda=2.6870215041229617, scale_pos_weight=<scipy.stats._distn_infrastructure.rv_continuous_frozen object at 0x7f5b8ff4c750>, subsample=1.084767979824809; total time=   0.0s
[CV] END colsample_bytree=0.908897907718663, gamma=0.0993578407670862, learning_rate=0.01110442342472048, max_depth=5, min_child_weight=3, n_estimators=10000, reg_alpha=0.7068573438476171, reg_lambda=2.6870215041229617, scale_pos_weight=<scipy.stats._distn_infrastructure.rv_continuous_frozen object at 0x7f5b8ff4c750>, subsample=1.084767979824809; total time=   0.0s
[CV] END colsample_bytree=0.908897907718663, gamma=0.0993578407670862, learning_rate=0.01110442342472048, max_depth=5, min_child_weight=3, n_estimators=10000, reg_alpha=0.7068573438476171, reg_lambda=2.6870215041229617, scale_pos_weight=<scipy.stats._distn_infrastructure.rv_continuous_frozen object at 0x7f5b8ff4c750>, subsample=1.084767979824809; total time=   0.0s
[CV] END colsample_bytree=0.908897907718663, gamma=0.0993578407670862, learning_rate=0.01110442342472048, max_depth=5, min_child_weight=3, n_estimators=10000, reg_alpha=0.7068573438476171, reg_lambda=2.6870215041229617, scale_pos_weight=<scipy.stats._distn_infrastructure.rv_continuous_frozen object at 0x7f5b8ff4c750>, subsample=1.084767979824809; total time=   0.0s
[CV] END colsample_bytree=0.908897907718663, gamma=0.0993578407670862, learning_rate=0.01110442342472048, max_depth=5, min_child_weight=3, n_estimators=10000, reg_alpha=0.7068573438476171, reg_lambda=2.6870215041229617, scale_pos_weight=<scipy.stats._distn_infrastructure.rv_continuous_frozen object at 0x7f5b8ff4c750>, subsample=1.084767979824809; total time=   0.0s
[CV] END colsample_bytree=0.9705203514053395, gamma=0.32553851275097223, learning_rate=0.19299193510875617, max_depth=3, min_child_weight=8, n_estimators=10000, reg_alpha=0.4494506741382034, reg_lambda=0.7862303494712339, scale_pos_weight=<scipy.stats._distn_infrastructure.rv_continuous_frozen object at 0x7f5b8ff4c750>, subsample=0.8487858573725298; total time=   0.0s
[CV] END colsample_bytree=0.9705203514053395, gamma=0.32553851275097223, learning_rate=0.19299193510875617, max_depth=3, min_child_weight=8, n_estimators=10000, reg_alpha=0.4494506741382034, reg_lambda=0.7862303494712339, scale_pos_weight=<scipy.stats._distn_infrastructure.rv_continuous_frozen object at 0x7f5b8ff4c750>, subsample=0.8487858573725298; total time=   0.0s
[CV] END colsample_bytree=0.9705203514053395, gamma=0.32553851275097223, learning_rate=0.19299193510875617, max_depth=3, min_child_weight=8, n_estimators=10000, reg_alpha=0.4494506741382034, reg_lambda=0.7862303494712339, scale_pos_weight=<scipy.stats._distn_infrastructure.rv_continuous_frozen object at 0x7f5b8ff4c750>, subsample=0.8487858573725298; total time=   0.0s
[CV] END colsample_bytree=0.9705203514053395, gamma=0.32553851275097223, learning_rate=0.19299193510875617, max_depth=3, min_child_weight=8, n_estimators=10000, reg_alpha=0.4494506741382034, reg_lambda=0.7862303494712339, scale_pos_weight=<scipy.stats._distn_infrastructure.rv_continuous_frozen object at 0x7f5b8ff4c750>, subsample=0.8487858573725298; total time=   0.0s
[CV] END colsample_bytree=0.9705203514053395, gamma=0.32553851275097223, learning_rate=0.19299193510875617, max_depth=3, min_child_weight=8, n_estimators=10000, reg_alpha=0.4494506741382034, reg_lambda=0.7862303494712339, scale_pos_weight=<scipy.stats._distn_infrastructure.rv_continuous_frozen object at 0x7f5b8ff4c750>, subsample=0.8487858573725298; total time=   0.0s
[CV] END colsample_bytree=0.7300733288106989, gamma=0.36480308916903204, learning_rate=0.13751149427104264, max_depth=5, min_child_weight=3, n_estimators=10000, reg_alpha=0.4722149251619493, reg_lambda=0.8587827378149051, scale_pos_weight=1.611336989409985, subsample=1.279131059412867; total time=   0.0s
[CV] END colsample_bytree=0.7300733288106989, gamma=0.36480308916903204, learning_rate=0.13751149427104264, max_depth=5, min_child_weight=3, n_estimators=10000, reg_alpha=0.4722149251619493, reg_lambda=0.8587827378149051, scale_pos_weight=1.611336989409985, subsample=1.279131059412867; total time=   0.0s
[CV] END colsample_bytree=0.7300733288106989, gamma=0.36480308916903204, learning_rate=0.13751149427104264, max_depth=5, min_child_weight=3, n_estimators=10000, reg_alpha=0.4722149251619493, reg_lambda=0.8587827378149051, scale_pos_weight=1.611336989409985, subsample=1.279131059412867; total time=   0.0s
[CV] END colsample_bytree=0.7300733288106989, gamma=0.36480308916903204, learning_rate=0.13751149427104264, max_depth=5, min_child_weight=3, n_estimators=10000, reg_alpha=0.4722149251619493, reg_lambda=0.8587827378149051, scale_pos_weight=1.611336989409985, subsample=1.279131059412867; total time=   0.0s
[CV] END colsample_bytree=0.7300733288106989, gamma=0.36480308916903204, learning_rate=0.13751149427104264, max_depth=5, min_child_weight=3, n_estimators=10000, reg_alpha=0.4722149251619493, reg_lambda=0.8587827378149051, scale_pos_weight=1.611336989409985, subsample=1.279131059412867; total time=   0.0s
[CV] END colsample_bytree=0.8886918084659492, gamma=0.11799245987447787, learning_rate=0.0612136645522648, max_depth=5, min_child_weight=9, n_estimators=10000, reg_alpha=0.7106628896857874, reg_lambda=0.832672462435494, scale_pos_weight=1.611336989409985, subsample=0.6863131415946435; total time=   3.2s
[CV] END colsample_bytree=0.8886918084659492, gamma=0.11799245987447787, learning_rate=0.0612136645522648, max_depth=5, min_child_weight=9, n_estimators=10000, reg_alpha=0.7106628896857874, reg_lambda=0.832672462435494, scale_pos_weight=1.611336989409985, subsample=0.6863131415946435; total time=   3.1s
[CV] END colsample_bytree=0.8886918084659492, gamma=0.11799245987447787, learning_rate=0.0612136645522648, max_depth=5, min_child_weight=9, n_estimators=10000, reg_alpha=0.7106628896857874, reg_lambda=0.832672462435494, scale_pos_weight=1.611336989409985, subsample=0.6863131415946435; total time=   3.1s
[CV] END colsample_bytree=0.8886918084659492, gamma=0.11799245987447787, learning_rate=0.0612136645522648, max_depth=5, min_child_weight=9, n_estimators=10000, reg_alpha=0.7106628896857874, reg_lambda=0.832672462435494, scale_pos_weight=1.611336989409985, subsample=0.6863131415946435; total time=   3.1s
[CV] END colsample_bytree=0.8886918084659492, gamma=0.11799245987447787, learning_rate=0.0612136645522648, max_depth=5, min_child_weight=9, n_estimators=10000, reg_alpha=0.7106628896857874, reg_lambda=0.832672462435494, scale_pos_weight=1.611336989409985, subsample=0.6863131415946435; total time=   3.1s
[CV] END colsample_bytree=0.6125716742746937, gamma=0.3182052056318902, learning_rate=0.07287119621526533, max_depth=6, min_child_weight=5, n_estimators=10000, reg_alpha=0.24929222914887494, reg_lambda=1.7311487691068892, scale_pos_weight=<scipy.stats._distn_infrastructure.rv_continuous_frozen object at 0x7f5b8ff4c750>, subsample=0.7624489797878156; total time=   0.0s
[CV] END colsample_bytree=0.6125716742746937, gamma=0.3182052056318902, learning_rate=0.07287119621526533, max_depth=6, min_child_weight=5, n_estimators=10000, reg_alpha=0.24929222914887494, reg_lambda=1.7311487691068892, scale_pos_weight=<scipy.stats._distn_infrastructure.rv_continuous_frozen object at 0x7f5b8ff4c750>, subsample=0.7624489797878156; total time=   0.0s
[CV] END colsample_bytree=0.6125716742746937, gamma=0.3182052056318902, learning_rate=0.07287119621526533, max_depth=6, min_child_weight=5, n_estimators=10000, reg_alpha=0.24929222914887494, reg_lambda=1.7311487691068892, scale_pos_weight=<scipy.stats._distn_infrastructure.rv_continuous_frozen object at 0x7f5b8ff4c750>, subsample=0.7624489797878156; total time=   0.0s
[CV] END colsample_bytree=0.6125716742746937, gamma=0.3182052056318902, learning_rate=0.07287119621526533, max_depth=6, min_child_weight=5, n_estimators=10000, reg_alpha=0.24929222914887494, reg_lambda=1.7311487691068892, scale_pos_weight=<scipy.stats._distn_infrastructure.rv_continuous_frozen object at 0x7f5b8ff4c750>, subsample=0.7624489797878156; total time=   0.0s
[CV] END colsample_bytree=0.6125716742746937, gamma=0.3182052056318902, learning_rate=0.07287119621526533, max_depth=6, min_child_weight=5, n_estimators=10000, reg_alpha=0.24929222914887494, reg_lambda=1.7311487691068892, scale_pos_weight=<scipy.stats._distn_infrastructure.rv_continuous_frozen object at 0x7f5b8ff4c750>, subsample=0.7624489797878156; total time=   0.0s
[CV] END colsample_bytree=0.9771414282231924, gamma=0.299432733244268, learning_rate=0.14895698660794093, max_depth=6, min_child_weight=2, n_estimators=10000, reg_alpha=0.6243540481337932, reg_lambda=1.386901057513142, scale_pos_weight=<scipy.stats._distn_infrastructure.rv_continuous_frozen object at 0x7f5b8ff4c750>, subsample=1.2971684721501742; total time=   0.0s
[CV] END colsample_bytree=0.9771414282231924, gamma=0.299432733244268, learning_rate=0.14895698660794093, max_depth=6, min_child_weight=2, n_estimators=10000, reg_alpha=0.6243540481337932, reg_lambda=1.386901057513142, scale_pos_weight=<scipy.stats._distn_infrastructure.rv_continuous_frozen object at 0x7f5b8ff4c750>, subsample=1.2971684721501742; total time=   0.0s
[CV] END colsample_bytree=0.9771414282231924, gamma=0.299432733244268, learning_rate=0.14895698660794093, max_depth=6, min_child_weight=2, n_estimators=10000, reg_alpha=0.6243540481337932, reg_lambda=1.386901057513142, scale_pos_weight=<scipy.stats._distn_infrastructure.rv_continuous_frozen object at 0x7f5b8ff4c750>, subsample=1.2971684721501742; total time=   0.0s
[CV] END colsample_bytree=0.9771414282231924, gamma=0.299432733244268, learning_rate=0.14895698660794093, max_depth=6, min_child_weight=2, n_estimators=10000, reg_alpha=0.6243540481337932, reg_lambda=1.386901057513142, scale_pos_weight=<scipy.stats._distn_infrastructure.rv_continuous_frozen object at 0x7f5b8ff4c750>, subsample=1.2971684721501742; total time=   0.0s
[CV] END colsample_bytree=0.9771414282231924, gamma=0.299432733244268, learning_rate=0.14895698660794093, max_depth=6, min_child_weight=2, n_estimators=10000, reg_alpha=0.6243540481337932, reg_lambda=1.386901057513142, scale_pos_weight=<scipy.stats._distn_infrastructure.rv_continuous_frozen object at 0x7f5b8ff4c750>, subsample=1.2971684721501742; total time=   0.0s
[CV] END colsample_bytree=0.9214688307596458, gamma=0.09328502944301792, learning_rate=0.18851179969799559, max_depth=5, min_child_weight=7, n_estimators=10000, reg_alpha=0.8960912999234932, reg_lambda=1.4540104249155916, scale_pos_weight=<scipy.stats._distn_infrastructure.rv_continuous_frozen object at 0x7f5b8ff4c750>, subsample=0.8177057995077083; total time=   0.0s
[CV] END colsample_bytree=0.9214688307596458, gamma=0.09328502944301792, learning_rate=0.18851179969799559, max_depth=5, min_child_weight=7, n_estimators=10000, reg_alpha=0.8960912999234932, reg_lambda=1.4540104249155916, scale_pos_weight=<scipy.stats._distn_infrastructure.rv_continuous_frozen object at 0x7f5b8ff4c750>, subsample=0.8177057995077083; total time=   0.0s
[CV] END colsample_bytree=0.9214688307596458, gamma=0.09328502944301792, learning_rate=0.18851179969799559, max_depth=5, min_child_weight=7, n_estimators=10000, reg_alpha=0.8960912999234932, reg_lambda=1.4540104249155916, scale_pos_weight=<scipy.stats._distn_infrastructure.rv_continuous_frozen object at 0x7f5b8ff4c750>, subsample=0.8177057995077083; total time=   0.0s
[CV] END colsample_bytree=0.9214688307596458, gamma=0.09328502944301792, learning_rate=0.18851179969799559, max_depth=5, min_child_weight=7, n_estimators=10000, reg_alpha=0.8960912999234932, reg_lambda=1.4540104249155916, scale_pos_weight=<scipy.stats._distn_infrastructure.rv_continuous_frozen object at 0x7f5b8ff4c750>, subsample=0.8177057995077083; total time=   0.0s
[CV] END colsample_bytree=0.9214688307596458, gamma=0.09328502944301792, learning_rate=0.18851179969799559, max_depth=5, min_child_weight=7, n_estimators=10000, reg_alpha=0.8960912999234932, reg_lambda=1.4540104249155916, scale_pos_weight=<scipy.stats._distn_infrastructure.rv_continuous_frozen object at 0x7f5b8ff4c750>, subsample=0.8177057995077083; total time=   0.0s
[CV] END colsample_bytree=0.8590760482165449, gamma=0.0002601884976579094, learning_rate=0.0805137712668338, max_depth=5, min_child_weight=7, n_estimators=10000, reg_alpha=0.16465585314294173, reg_lambda=2.102268258126326, scale_pos_weight=1.611336989409985, subsample=0.7776862483765842; total time=   3.7s
[CV] END colsample_bytree=0.8590760482165449, gamma=0.0002601884976579094, learning_rate=0.0805137712668338, max_depth=5, min_child_weight=7, n_estimators=10000, reg_alpha=0.16465585314294173, reg_lambda=2.102268258126326, scale_pos_weight=1.611336989409985, subsample=0.7776862483765842; total time=   3.6s
[CV] END colsample_bytree=0.8590760482165449, gamma=0.0002601884976579094, learning_rate=0.0805137712668338, max_depth=5, min_child_weight=7, n_estimators=10000, reg_alpha=0.16465585314294173, reg_lambda=2.102268258126326, scale_pos_weight=1.611336989409985, subsample=0.7776862483765842; total time=   3.6s
[CV] END colsample_bytree=0.8590760482165449, gamma=0.0002601884976579094, learning_rate=0.0805137712668338, max_depth=5, min_child_weight=7, n_estimators=10000, reg_alpha=0.16465585314294173, reg_lambda=2.102268258126326, scale_pos_weight=1.611336989409985, subsample=0.7776862483765842; total time=   3.6s
[CV] END colsample_bytree=0.8590760482165449, gamma=0.0002601884976579094, learning_rate=0.0805137712668338, max_depth=5, min_child_weight=7, n_estimators=10000, reg_alpha=0.16465585314294173, reg_lambda=2.102268258126326, scale_pos_weight=1.611336989409985, subsample=0.7776862483765842; total time=   3.6s
[CV] END colsample_bytree=0.6479461469334731, gamma=0.16880758570181398, learning_rate=0.19858194078250385, max_depth=8, min_child_weight=8, n_estimators=10000, reg_alpha=0.7030189588951778, reg_lambda=1.590888807137882, scale_pos_weight=<scipy.stats._distn_infrastructure.rv_continuous_frozen object at 0x7f5b8ff4c750>, subsample=0.8031323311474757; total time=   0.0s
[CV] END colsample_bytree=0.6479461469334731, gamma=0.16880758570181398, learning_rate=0.19858194078250385, max_depth=8, min_child_weight=8, n_estimators=10000, reg_alpha=0.7030189588951778, reg_lambda=1.590888807137882, scale_pos_weight=<scipy.stats._distn_infrastructure.rv_continuous_frozen object at 0x7f5b8ff4c750>, subsample=0.8031323311474757; total time=   0.0s
[CV] END colsample_bytree=0.6479461469334731, gamma=0.16880758570181398, learning_rate=0.19858194078250385, max_depth=8, min_child_weight=8, n_estimators=10000, reg_alpha=0.7030189588951778, reg_lambda=1.590888807137882, scale_pos_weight=<scipy.stats._distn_infrastructure.rv_continuous_frozen object at 0x7f5b8ff4c750>, subsample=0.8031323311474757; total time=   0.0s
[CV] END colsample_bytree=0.6479461469334731, gamma=0.16880758570181398, learning_rate=0.19858194078250385, max_depth=8, min_child_weight=8, n_estimators=10000, reg_alpha=0.7030189588951778, reg_lambda=1.590888807137882, scale_pos_weight=<scipy.stats._distn_infrastructure.rv_continuous_frozen object at 0x7f5b8ff4c750>, subsample=0.8031323311474757; total time=   0.0s
[CV] END colsample_bytree=0.6479461469334731, gamma=0.16880758570181398, learning_rate=0.19858194078250385, max_depth=8, min_child_weight=8, n_estimators=10000, reg_alpha=0.7030189588951778, reg_lambda=1.590888807137882, scale_pos_weight=<scipy.stats._distn_infrastructure.rv_continuous_frozen object at 0x7f5b8ff4c750>, subsample=0.8031323311474757; total time=   0.0s
[CV] END colsample_bytree=0.6987504251354405, gamma=0.3481521364198942, learning_rate=0.15245411798488842, max_depth=7, min_child_weight=1, n_estimators=10000, reg_alpha=0.9977404850489419, reg_lambda=1.3003430428258551, scale_pos_weight=1.611336989409985, subsample=1.0021432185830892; total time=   0.0s
[CV] END colsample_bytree=0.6987504251354405, gamma=0.3481521364198942, learning_rate=0.15245411798488842, max_depth=7, min_child_weight=1, n_estimators=10000, reg_alpha=0.9977404850489419, reg_lambda=1.3003430428258551, scale_pos_weight=1.611336989409985, subsample=1.0021432185830892; total time=   0.0s
[CV] END colsample_bytree=0.6987504251354405, gamma=0.3481521364198942, learning_rate=0.15245411798488842, max_depth=7, min_child_weight=1, n_estimators=10000, reg_alpha=0.9977404850489419, reg_lambda=1.3003430428258551, scale_pos_weight=1.611336989409985, subsample=1.0021432185830892; total time=   0.0s
[CV] END colsample_bytree=0.6987504251354405, gamma=0.3481521364198942, learning_rate=0.15245411798488842, max_depth=7, min_child_weight=1, n_estimators=10000, reg_alpha=0.9977404850489419, reg_lambda=1.3003430428258551, scale_pos_weight=1.611336989409985, subsample=1.0021432185830892; total time=   0.0s
[CV] END colsample_bytree=0.6987504251354405, gamma=0.3481521364198942, learning_rate=0.15245411798488842, max_depth=7, min_child_weight=1, n_estimators=10000, reg_alpha=0.9977404850489419, reg_lambda=1.3003430428258551, scale_pos_weight=1.611336989409985, subsample=1.0021432185830892; total time=   0.0s
[CV] END colsample_bytree=0.6205915004999957, gamma=0.13932323211830572, learning_rate=0.19165317719333075, max_depth=5, min_child_weight=2, n_estimators=10000, reg_alpha=0.5309345833171364, reg_lambda=1.843349493719275, scale_pos_weight=1.611336989409985, subsample=0.7936442172092003; total time=   1.6s
[CV] END colsample_bytree=0.6205915004999957, gamma=0.13932323211830572, learning_rate=0.19165317719333075, max_depth=5, min_child_weight=2, n_estimators=10000, reg_alpha=0.5309345833171364, reg_lambda=1.843349493719275, scale_pos_weight=1.611336989409985, subsample=0.7936442172092003; total time=   1.5s
[CV] END colsample_bytree=0.6205915004999957, gamma=0.13932323211830572, learning_rate=0.19165317719333075, max_depth=5, min_child_weight=2, n_estimators=10000, reg_alpha=0.5309345833171364, reg_lambda=1.843349493719275, scale_pos_weight=1.611336989409985, subsample=0.7936442172092003; total time=   1.5s
[CV] END colsample_bytree=0.6205915004999957, gamma=0.13932323211830572, learning_rate=0.19165317719333075, max_depth=5, min_child_weight=2, n_estimators=10000, reg_alpha=0.5309345833171364, reg_lambda=1.843349493719275, scale_pos_weight=1.611336989409985, subsample=0.7936442172092003; total time=   1.5s
[CV] END colsample_bytree=0.6205915004999957, gamma=0.13932323211830572, learning_rate=0.19165317719333075, max_depth=5, min_child_weight=2, n_estimators=10000, reg_alpha=0.5309345833171364, reg_lambda=1.843349493719275, scale_pos_weight=1.611336989409985, subsample=0.7936442172092003; total time=   1.5s
[CV] END colsample_bytree=0.8688542189623514, gamma=0.3808098076643588, learning_rate=0.05752750879847994, max_depth=9, min_child_weight=6, n_estimators=10000, reg_alpha=0.3677831327192532, reg_lambda=2.3969174917807385, scale_pos_weight=1.611336989409985, subsample=0.9190595539556424; total time=   1.7s
[CV] END colsample_bytree=0.8688542189623514, gamma=0.3808098076643588, learning_rate=0.05752750879847994, max_depth=9, min_child_weight=6, n_estimators=10000, reg_alpha=0.3677831327192532, reg_lambda=2.3969174917807385, scale_pos_weight=1.611336989409985, subsample=0.9190595539556424; total time=   1.7s
[CV] END colsample_bytree=0.8688542189623514, gamma=0.3808098076643588, learning_rate=0.05752750879847994, max_depth=9, min_child_weight=6, n_estimators=10000, reg_alpha=0.3677831327192532, reg_lambda=2.3969174917807385, scale_pos_weight=1.611336989409985, subsample=0.9190595539556424; total time=   1.7s
[CV] END colsample_bytree=0.8688542189623514, gamma=0.3808098076643588, learning_rate=0.05752750879847994, max_depth=9, min_child_weight=6, n_estimators=10000, reg_alpha=0.3677831327192532, reg_lambda=2.3969174917807385, scale_pos_weight=1.611336989409985, subsample=0.9190595539556424; total time=   1.7s
[CV] END colsample_bytree=0.8688542189623514, gamma=0.3808098076643588, learning_rate=0.05752750879847994, max_depth=9, min_child_weight=6, n_estimators=10000, reg_alpha=0.3677831327192532, reg_lambda=2.3969174917807385, scale_pos_weight=1.611336989409985, subsample=0.9190595539556424; total time=   1.7s
[CV] END colsample_bytree=0.9265727492877536, gamma=0.39917256249227556, learning_rate=0.0401435087930859, max_depth=5, min_child_weight=6, n_estimators=10000, reg_alpha=0.6958128067908819, reg_lambda=3.0750764144411598, scale_pos_weight=1.611336989409985, subsample=1.1420514894738258; total time=   0.0s
[CV] END colsample_bytree=0.9265727492877536, gamma=0.39917256249227556, learning_rate=0.0401435087930859, max_depth=5, min_child_weight=6, n_estimators=10000, reg_alpha=0.6958128067908819, reg_lambda=3.0750764144411598, scale_pos_weight=1.611336989409985, subsample=1.1420514894738258; total time=   0.0s
[CV] END colsample_bytree=0.9265727492877536, gamma=0.39917256249227556, learning_rate=0.0401435087930859, max_depth=5, min_child_weight=6, n_estimators=10000, reg_alpha=0.6958128067908819, reg_lambda=3.0750764144411598, scale_pos_weight=1.611336989409985, subsample=1.1420514894738258; total time=   0.0s
[CV] END colsample_bytree=0.9265727492877536, gamma=0.39917256249227556, learning_rate=0.0401435087930859, max_depth=5, min_child_weight=6, n_estimators=10000, reg_alpha=0.6958128067908819, reg_lambda=3.0750764144411598, scale_pos_weight=1.611336989409985, subsample=1.1420514894738258; total time=   0.0s
[CV] END colsample_bytree=0.9265727492877536, gamma=0.39917256249227556, learning_rate=0.0401435087930859, max_depth=5, min_child_weight=6, n_estimators=10000, reg_alpha=0.6958128067908819, reg_lambda=3.0750764144411598, scale_pos_weight=1.611336989409985, subsample=1.1420514894738258; total time=   0.0s
[CV] END colsample_bytree=0.6066351315711425, gamma=0.2560465291496405, learning_rate=0.05529915503958759, max_depth=9, min_child_weight=4, n_estimators=10000, reg_alpha=0.940523264489604, reg_lambda=1.692716063262567, scale_pos_weight=<scipy.stats._distn_infrastructure.rv_continuous_frozen object at 0x7f5b8ff4c750>, subsample=1.3493839909893877; total time=   0.0s
[CV] END colsample_bytree=0.6066351315711425, gamma=0.2560465291496405, learning_rate=0.05529915503958759, max_depth=9, min_child_weight=4, n_estimators=10000, reg_alpha=0.940523264489604, reg_lambda=1.692716063262567, scale_pos_weight=<scipy.stats._distn_infrastructure.rv_continuous_frozen object at 0x7f5b8ff4c750>, subsample=1.3493839909893877; total time=   0.0s
[CV] END colsample_bytree=0.6066351315711425, gamma=0.2560465291496405, learning_rate=0.05529915503958759, max_depth=9, min_child_weight=4, n_estimators=10000, reg_alpha=0.940523264489604, reg_lambda=1.692716063262567, scale_pos_weight=<scipy.stats._distn_infrastructure.rv_continuous_frozen object at 0x7f5b8ff4c750>, subsample=1.3493839909893877; total time=   0.0s
[CV] END colsample_bytree=0.6066351315711425, gamma=0.2560465291496405, learning_rate=0.05529915503958759, max_depth=9, min_child_weight=4, n_estimators=10000, reg_alpha=0.940523264489604, reg_lambda=1.692716063262567, scale_pos_weight=<scipy.stats._distn_infrastructure.rv_continuous_frozen object at 0x7f5b8ff4c750>, subsample=1.3493839909893877; total time=   0.0s
[CV] END colsample_bytree=0.6066351315711425, gamma=0.2560465291496405, learning_rate=0.05529915503958759, max_depth=9, min_child_weight=4, n_estimators=10000, reg_alpha=0.940523264489604, reg_lambda=1.692716063262567, scale_pos_weight=<scipy.stats._distn_infrastructure.rv_continuous_frozen object at 0x7f5b8ff4c750>, subsample=1.3493839909893877; total time=   0.0s
[CV] END colsample_bytree=0.6550083776583973, gamma=0.17053317552512925, learning_rate=0.032694704248117816, max_depth=9, min_child_weight=3, n_estimators=10000, reg_alpha=0.22855002179729966, reg_lambda=1.0248647812878087, scale_pos_weight=1.611336989409985, subsample=1.0441606492795699; total time=   0.0s
[CV] END colsample_bytree=0.6550083776583973, gamma=0.17053317552512925, learning_rate=0.032694704248117816, max_depth=9, min_child_weight=3, n_estimators=10000, reg_alpha=0.22855002179729966, reg_lambda=1.0248647812878087, scale_pos_weight=1.611336989409985, subsample=1.0441606492795699; total time=   0.0s
[CV] END colsample_bytree=0.6550083776583973, gamma=0.17053317552512925, learning_rate=0.032694704248117816, max_depth=9, min_child_weight=3, n_estimators=10000, reg_alpha=0.22855002179729966, reg_lambda=1.0248647812878087, scale_pos_weight=1.611336989409985, subsample=1.0441606492795699; total time=   0.0s
[CV] END colsample_bytree=0.6550083776583973, gamma=0.17053317552512925, learning_rate=0.032694704248117816, max_depth=9, min_child_weight=3, n_estimators=10000, reg_alpha=0.22855002179729966, reg_lambda=1.0248647812878087, scale_pos_weight=1.611336989409985, subsample=1.0441606492795699; total time=   0.0s
[CV] END colsample_bytree=0.6550083776583973, gamma=0.17053317552512925, learning_rate=0.032694704248117816, max_depth=9, min_child_weight=3, n_estimators=10000, reg_alpha=0.22855002179729966, reg_lambda=1.0248647812878087, scale_pos_weight=1.611336989409985, subsample=1.0441606492795699; total time=   0.0s
[CV] END colsample_bytree=0.8118602313424026, gamma=0.12092614545022584, learning_rate=0.028620553561179846, max_depth=6, min_child_weight=5, n_estimators=10000, reg_alpha=0.9004180571633305, reg_lambda=2.3993043718198037, scale_pos_weight=<scipy.stats._distn_infrastructure.rv_continuous_frozen object at 0x7f5b8ff4c750>, subsample=0.8230970820737455; total time=   0.0s
[CV] END colsample_bytree=0.8118602313424026, gamma=0.12092614545022584, learning_rate=0.028620553561179846, max_depth=6, min_child_weight=5, n_estimators=10000, reg_alpha=0.9004180571633305, reg_lambda=2.3993043718198037, scale_pos_weight=<scipy.stats._distn_infrastructure.rv_continuous_frozen object at 0x7f5b8ff4c750>, subsample=0.8230970820737455; total time=   0.0s
[CV] END colsample_bytree=0.8118602313424026, gamma=0.12092614545022584, learning_rate=0.028620553561179846, max_depth=6, min_child_weight=5, n_estimators=10000, reg_alpha=0.9004180571633305, reg_lambda=2.3993043718198037, scale_pos_weight=<scipy.stats._distn_infrastructure.rv_continuous_frozen object at 0x7f5b8ff4c750>, subsample=0.8230970820737455; total time=   0.0s
[CV] END colsample_bytree=0.8118602313424026, gamma=0.12092614545022584, learning_rate=0.028620553561179846, max_depth=6, min_child_weight=5, n_estimators=10000, reg_alpha=0.9004180571633305, reg_lambda=2.3993043718198037, scale_pos_weight=<scipy.stats._distn_infrastructure.rv_continuous_frozen object at 0x7f5b8ff4c750>, subsample=0.8230970820737455; total time=   0.0s
[CV] END colsample_bytree=0.8118602313424026, gamma=0.12092614545022584, learning_rate=0.028620553561179846, max_depth=6, min_child_weight=5, n_estimators=10000, reg_alpha=0.9004180571633305, reg_lambda=2.3993043718198037, scale_pos_weight=<scipy.stats._distn_infrastructure.rv_continuous_frozen object at 0x7f5b8ff4c750>, subsample=0.8230970820737455; total time=   0.0s
[CV] END colsample_bytree=0.8801431319891084, gamma=0.42333057111915295, learning_rate=0.1812648583756185, max_depth=8, min_child_weight=8, n_estimators=10000, reg_alpha=0.8877700987609598, reg_lambda=3.0527853463025383, scale_pos_weight=<scipy.stats._distn_infrastructure.rv_continuous_frozen object at 0x7f5b8ff4c750>, subsample=0.729302971275691; total time=   0.0s
[CV] END colsample_bytree=0.8801431319891084, gamma=0.42333057111915295, learning_rate=0.1812648583756185, max_depth=8, min_child_weight=8, n_estimators=10000, reg_alpha=0.8877700987609598, reg_lambda=3.0527853463025383, scale_pos_weight=<scipy.stats._distn_infrastructure.rv_continuous_frozen object at 0x7f5b8ff4c750>, subsample=0.729302971275691; total time=   0.0s
[CV] END colsample_bytree=0.8801431319891084, gamma=0.42333057111915295, learning_rate=0.1812648583756185, max_depth=8, min_child_weight=8, n_estimators=10000, reg_alpha=0.8877700987609598, reg_lambda=3.0527853463025383, scale_pos_weight=<scipy.stats._distn_infrastructure.rv_continuous_frozen object at 0x7f5b8ff4c750>, subsample=0.729302971275691; total time=   0.0s
[CV] END colsample_bytree=0.8801431319891084, gamma=0.42333057111915295, learning_rate=0.1812648583756185, max_depth=8, min_child_weight=8, n_estimators=10000, reg_alpha=0.8877700987609598, reg_lambda=3.0527853463025383, scale_pos_weight=<scipy.stats._distn_infrastructure.rv_continuous_frozen object at 0x7f5b8ff4c750>, subsample=0.729302971275691; total time=   0.0s
[CV] END colsample_bytree=0.8801431319891084, gamma=0.42333057111915295, learning_rate=0.1812648583756185, max_depth=8, min_child_weight=8, n_estimators=10000, reg_alpha=0.8877700987609598, reg_lambda=3.0527853463025383, scale_pos_weight=<scipy.stats._distn_infrastructure.rv_continuous_frozen object at 0x7f5b8ff4c750>, subsample=0.729302971275691; total time=   0.0s
[CV] END colsample_bytree=0.9594216754108317, gamma=0.30321452982979497, learning_rate=0.01183941032332593, max_depth=8, min_child_weight=9, n_estimators=10000, reg_alpha=0.6635017691080558, reg_lambda=0.5151847515386561, scale_pos_weight=1.611336989409985, subsample=0.8442910882755148; total time=   4.6s
[CV] END colsample_bytree=0.9594216754108317, gamma=0.30321452982979497, learning_rate=0.01183941032332593, max_depth=8, min_child_weight=9, n_estimators=10000, reg_alpha=0.6635017691080558, reg_lambda=0.5151847515386561, scale_pos_weight=1.611336989409985, subsample=0.8442910882755148; total time=   4.6s
[CV] END colsample_bytree=0.9594216754108317, gamma=0.30321452982979497, learning_rate=0.01183941032332593, max_depth=8, min_child_weight=9, n_estimators=10000, reg_alpha=0.6635017691080558, reg_lambda=0.5151847515386561, scale_pos_weight=1.611336989409985, subsample=0.8442910882755148; total time=   4.6s
[CV] END colsample_bytree=0.9594216754108317, gamma=0.30321452982979497, learning_rate=0.01183941032332593, max_depth=8, min_child_weight=9, n_estimators=10000, reg_alpha=0.6635017691080558, reg_lambda=0.5151847515386561, scale_pos_weight=1.611336989409985, subsample=0.8442910882755148; total time=   4.6s
[CV] END colsample_bytree=0.9594216754108317, gamma=0.30321452982979497, learning_rate=0.01183941032332593, max_depth=8, min_child_weight=9, n_estimators=10000, reg_alpha=0.6635017691080558, reg_lambda=0.5151847515386561, scale_pos_weight=1.611336989409985, subsample=0.8442910882755148; total time=   4.5s
[CV] END colsample_bytree=0.7942455014344907, gamma=0.22421207149312367, learning_rate=0.20889149252216416, max_depth=6, min_child_weight=1, n_estimators=10000, reg_alpha=0.018075363615520867, reg_lambda=1.9816811455503038, scale_pos_weight=1.611336989409985, subsample=1.1971931240944194; total time=   0.0s
[CV] END colsample_bytree=0.7942455014344907, gamma=0.22421207149312367, learning_rate=0.20889149252216416, max_depth=6, min_child_weight=1, n_estimators=10000, reg_alpha=0.018075363615520867, reg_lambda=1.9816811455503038, scale_pos_weight=1.611336989409985, subsample=1.1971931240944194; total time=   0.0s
[CV] END colsample_bytree=0.7942455014344907, gamma=0.22421207149312367, learning_rate=0.20889149252216416, max_depth=6, min_child_weight=1, n_estimators=10000, reg_alpha=0.018075363615520867, reg_lambda=1.9816811455503038, scale_pos_weight=1.611336989409985, subsample=1.1971931240944194; total time=   0.0s
[CV] END colsample_bytree=0.7942455014344907, gamma=0.22421207149312367, learning_rate=0.20889149252216416, max_depth=6, min_child_weight=1, n_estimators=10000, reg_alpha=0.018075363615520867, reg_lambda=1.9816811455503038, scale_pos_weight=1.611336989409985, subsample=1.1971931240944194; total time=   0.0s
[CV] END colsample_bytree=0.7942455014344907, gamma=0.22421207149312367, learning_rate=0.20889149252216416, max_depth=6, min_child_weight=1, n_estimators=10000, reg_alpha=0.018075363615520867, reg_lambda=1.9816811455503038, scale_pos_weight=1.611336989409985, subsample=1.1971931240944194; total time=   0.0s
[CV] END colsample_bytree=0.8598531596188859, gamma=0.42461170524708897, learning_rate=0.1415225784600687, max_depth=3, min_child_weight=3, n_estimators=10000, reg_alpha=0.6363326181858954, reg_lambda=1.2513854558167523, scale_pos_weight=1.611336989409985, subsample=1.3784084438019564; total time=   0.0s
[CV] END colsample_bytree=0.8598531596188859, gamma=0.42461170524708897, learning_rate=0.1415225784600687, max_depth=3, min_child_weight=3, n_estimators=10000, reg_alpha=0.6363326181858954, reg_lambda=1.2513854558167523, scale_pos_weight=1.611336989409985, subsample=1.3784084438019564; total time=   0.0s
[CV] END colsample_bytree=0.8598531596188859, gamma=0.42461170524708897, learning_rate=0.1415225784600687, max_depth=3, min_child_weight=3, n_estimators=10000, reg_alpha=0.6363326181858954, reg_lambda=1.2513854558167523, scale_pos_weight=1.611336989409985, subsample=1.3784084438019564; total time=   0.0s
[CV] END colsample_bytree=0.8598531596188859, gamma=0.42461170524708897, learning_rate=0.1415225784600687, max_depth=3, min_child_weight=3, n_estimators=10000, reg_alpha=0.6363326181858954, reg_lambda=1.2513854558167523, scale_pos_weight=1.611336989409985, subsample=1.3784084438019564; total time=   0.0s
[CV] END colsample_bytree=0.8598531596188859, gamma=0.42461170524708897, learning_rate=0.1415225784600687, max_depth=3, min_child_weight=3, n_estimators=10000, reg_alpha=0.6363326181858954, reg_lambda=1.2513854558167523, scale_pos_weight=1.611336989409985, subsample=1.3784084438019564; total time=   0.0s
[CV] END colsample_bytree=0.7572390898667042, gamma=0.44602327758855664, learning_rate=0.1362277251994526, max_depth=4, min_child_weight=5, n_estimators=10000, reg_alpha=0.5026370931051921, reg_lambda=2.2307116538790774, scale_pos_weight=1.611336989409985, subsample=1.2913340520575225; total time=   0.0s
[CV] END colsample_bytree=0.7572390898667042, gamma=0.44602327758855664, learning_rate=0.1362277251994526, max_depth=4, min_child_weight=5, n_estimators=10000, reg_alpha=0.5026370931051921, reg_lambda=2.2307116538790774, scale_pos_weight=1.611336989409985, subsample=1.2913340520575225; total time=   0.0s
[CV] END colsample_bytree=0.7572390898667042, gamma=0.44602327758855664, learning_rate=0.1362277251994526, max_depth=4, min_child_weight=5, n_estimators=10000, reg_alpha=0.5026370931051921, reg_lambda=2.2307116538790774, scale_pos_weight=1.611336989409985, subsample=1.2913340520575225; total time=   0.0s
[CV] END colsample_bytree=0.7572390898667042, gamma=0.44602327758855664, learning_rate=0.1362277251994526, max_depth=4, min_child_weight=5, n_estimators=10000, reg_alpha=0.5026370931051921, reg_lambda=2.2307116538790774, scale_pos_weight=1.611336989409985, subsample=1.2913340520575225; total time=   0.0s
[CV] END colsample_bytree=0.7572390898667042, gamma=0.44602327758855664, learning_rate=0.1362277251994526, max_depth=4, min_child_weight=5, n_estimators=10000, reg_alpha=0.5026370931051921, reg_lambda=2.2307116538790774, scale_pos_weight=1.611336989409985, subsample=1.2913340520575225; total time=   0.0s
[CV] END colsample_bytree=0.6920741072966221, gamma=0.24959668994237616, learning_rate=0.12440083984183663, max_depth=3, min_child_weight=1, n_estimators=10000, reg_alpha=0.994550510797341, reg_lambda=1.9098335419728287, scale_pos_weight=1.611336989409985, subsample=1.3318915121763588; total time=   0.0s
[CV] END colsample_bytree=0.6920741072966221, gamma=0.24959668994237616, learning_rate=0.12440083984183663, max_depth=3, min_child_weight=1, n_estimators=10000, reg_alpha=0.994550510797341, reg_lambda=1.9098335419728287, scale_pos_weight=1.611336989409985, subsample=1.3318915121763588; total time=   0.0s
[CV] END colsample_bytree=0.6920741072966221, gamma=0.24959668994237616, learning_rate=0.12440083984183663, max_depth=3, min_child_weight=1, n_estimators=10000, reg_alpha=0.994550510797341, reg_lambda=1.9098335419728287, scale_pos_weight=1.611336989409985, subsample=1.3318915121763588; total time=   0.0s
[CV] END colsample_bytree=0.6920741072966221, gamma=0.24959668994237616, learning_rate=0.12440083984183663, max_depth=3, min_child_weight=1, n_estimators=10000, reg_alpha=0.994550510797341, reg_lambda=1.9098335419728287, scale_pos_weight=1.611336989409985, subsample=1.3318915121763588; total time=   0.0s
[CV] END colsample_bytree=0.6920741072966221, gamma=0.24959668994237616, learning_rate=0.12440083984183663, max_depth=3, min_child_weight=1, n_estimators=10000, reg_alpha=0.994550510797341, reg_lambda=1.9098335419728287, scale_pos_weight=1.611336989409985, subsample=1.3318915121763588; total time=   0.0s
[CV] END colsample_bytree=0.7480634801021777, gamma=0.007728308264433714, learning_rate=0.1956637125175451, max_depth=3, min_child_weight=5, n_estimators=10000, reg_alpha=0.5722924691708383, reg_lambda=3.440994751148137, scale_pos_weight=1.611336989409985, subsample=0.8355591136556686; total time=   2.5s
[CV] END colsample_bytree=0.7480634801021777, gamma=0.007728308264433714, learning_rate=0.1956637125175451, max_depth=3, min_child_weight=5, n_estimators=10000, reg_alpha=0.5722924691708383, reg_lambda=3.440994751148137, scale_pos_weight=1.611336989409985, subsample=0.8355591136556686; total time=   2.4s
[CV] END colsample_bytree=0.7480634801021777, gamma=0.007728308264433714, learning_rate=0.1956637125175451, max_depth=3, min_child_weight=5, n_estimators=10000, reg_alpha=0.5722924691708383, reg_lambda=3.440994751148137, scale_pos_weight=1.611336989409985, subsample=0.8355591136556686; total time=   2.4s
[CV] END colsample_bytree=0.7480634801021777, gamma=0.007728308264433714, learning_rate=0.1956637125175451, max_depth=3, min_child_weight=5, n_estimators=10000, reg_alpha=0.5722924691708383, reg_lambda=3.440994751148137, scale_pos_weight=1.611336989409985, subsample=0.8355591136556686; total time=   2.4s
[CV] END colsample_bytree=0.7480634801021777, gamma=0.007728308264433714, learning_rate=0.1956637125175451, max_depth=3, min_child_weight=5, n_estimators=10000, reg_alpha=0.5722924691708383, reg_lambda=3.440994751148137, scale_pos_weight=1.611336989409985, subsample=0.8355591136556686; total time=   2.4s
[CV] END colsample_bytree=0.7540390914407701, gamma=0.42556833575842845, learning_rate=0.07338440103125553, max_depth=4, min_child_weight=9, n_estimators=10000, reg_alpha=0.3946914668094722, reg_lambda=3.032639422178934, scale_pos_weight=<scipy.stats._distn_infrastructure.rv_continuous_frozen object at 0x7f5b8ff4c750>, subsample=1.056048936071492; total time=   0.0s
[CV] END colsample_bytree=0.7540390914407701, gamma=0.42556833575842845, learning_rate=0.07338440103125553, max_depth=4, min_child_weight=9, n_estimators=10000, reg_alpha=0.3946914668094722, reg_lambda=3.032639422178934, scale_pos_weight=<scipy.stats._distn_infrastructure.rv_continuous_frozen object at 0x7f5b8ff4c750>, subsample=1.056048936071492; total time=   0.0s
[CV] END colsample_bytree=0.7540390914407701, gamma=0.42556833575842845, learning_rate=0.07338440103125553, max_depth=4, min_child_weight=9, n_estimators=10000, reg_alpha=0.3946914668094722, reg_lambda=3.032639422178934, scale_pos_weight=<scipy.stats._distn_infrastructure.rv_continuous_frozen object at 0x7f5b8ff4c750>, subsample=1.056048936071492; total time=   0.0s
[CV] END colsample_bytree=0.7540390914407701, gamma=0.42556833575842845, learning_rate=0.07338440103125553, max_depth=4, min_child_weight=9, n_estimators=10000, reg_alpha=0.3946914668094722, reg_lambda=3.032639422178934, scale_pos_weight=<scipy.stats._distn_infrastructure.rv_continuous_frozen object at 0x7f5b8ff4c750>, subsample=1.056048936071492; total time=   0.0s
[CV] END colsample_bytree=0.7540390914407701, gamma=0.42556833575842845, learning_rate=0.07338440103125553, max_depth=4, min_child_weight=9, n_estimators=10000, reg_alpha=0.3946914668094722, reg_lambda=3.032639422178934, scale_pos_weight=<scipy.stats._distn_infrastructure.rv_continuous_frozen object at 0x7f5b8ff4c750>, subsample=1.056048936071492; total time=   0.0s
[CV] END colsample_bytree=0.6388705975083074, gamma=0.30750361334958487, learning_rate=0.20801077002085266, max_depth=4, min_child_weight=2, n_estimators=10000, reg_alpha=0.3225507642386005, reg_lambda=3.046009384774023, scale_pos_weight=<scipy.stats._distn_infrastructure.rv_continuous_frozen object at 0x7f5b8ff4c750>, subsample=1.1619872671896874; total time=   0.0s
[CV] END colsample_bytree=0.6388705975083074, gamma=0.30750361334958487, learning_rate=0.20801077002085266, max_depth=4, min_child_weight=2, n_estimators=10000, reg_alpha=0.3225507642386005, reg_lambda=3.046009384774023, scale_pos_weight=<scipy.stats._distn_infrastructure.rv_continuous_frozen object at 0x7f5b8ff4c750>, subsample=1.1619872671896874; total time=   0.0s
[CV] END colsample_bytree=0.6388705975083074, gamma=0.30750361334958487, learning_rate=0.20801077002085266, max_depth=4, min_child_weight=2, n_estimators=10000, reg_alpha=0.3225507642386005, reg_lambda=3.046009384774023, scale_pos_weight=<scipy.stats._distn_infrastructure.rv_continuous_frozen object at 0x7f5b8ff4c750>, subsample=1.1619872671896874; total time=   0.0s
[CV] END colsample_bytree=0.6388705975083074, gamma=0.30750361334958487, learning_rate=0.20801077002085266, max_depth=4, min_child_weight=2, n_estimators=10000, reg_alpha=0.3225507642386005, reg_lambda=3.046009384774023, scale_pos_weight=<scipy.stats._distn_infrastructure.rv_continuous_frozen object at 0x7f5b8ff4c750>, subsample=1.1619872671896874; total time=   0.0s
[CV] END colsample_bytree=0.6388705975083074, gamma=0.30750361334958487, learning_rate=0.20801077002085266, max_depth=4, min_child_weight=2, n_estimators=10000, reg_alpha=0.3225507642386005, reg_lambda=3.046009384774023, scale_pos_weight=<scipy.stats._distn_infrastructure.rv_continuous_frozen object at 0x7f5b8ff4c750>, subsample=1.1619872671896874; total time=   0.0s
[CV] END colsample_bytree=0.743796460487902, gamma=0.14679592213224668, learning_rate=0.17187223109570274, max_depth=5, min_child_weight=2, n_estimators=10000, reg_alpha=0.8670723185801037, reg_lambda=3.239721657669414, scale_pos_weight=1.611336989409985, subsample=0.6041478902191894; total time=   1.9s
[CV] END colsample_bytree=0.743796460487902, gamma=0.14679592213224668, learning_rate=0.17187223109570274, max_depth=5, min_child_weight=2, n_estimators=10000, reg_alpha=0.8670723185801037, reg_lambda=3.239721657669414, scale_pos_weight=1.611336989409985, subsample=0.6041478902191894; total time=   1.9s
[CV] END colsample_bytree=0.743796460487902, gamma=0.14679592213224668, learning_rate=0.17187223109570274, max_depth=5, min_child_weight=2, n_estimators=10000, reg_alpha=0.8670723185801037, reg_lambda=3.239721657669414, scale_pos_weight=1.611336989409985, subsample=0.6041478902191894; total time=   1.9s
[CV] END colsample_bytree=0.743796460487902, gamma=0.14679592213224668, learning_rate=0.17187223109570274, max_depth=5, min_child_weight=2, n_estimators=10000, reg_alpha=0.8670723185801037, reg_lambda=3.239721657669414, scale_pos_weight=1.611336989409985, subsample=0.6041478902191894; total time=   1.9s
[CV] END colsample_bytree=0.743796460487902, gamma=0.14679592213224668, learning_rate=0.17187223109570274, max_depth=5, min_child_weight=2, n_estimators=10000, reg_alpha=0.8670723185801037, reg_lambda=3.239721657669414, scale_pos_weight=1.611336989409985, subsample=0.6041478902191894; total time=   1.9s
[CV] END colsample_bytree=0.8511577659794545, gamma=0.09713697675602112, learning_rate=0.024188183399985533, max_depth=8, min_child_weight=3, n_estimators=10000, reg_alpha=0.3379951568515358, reg_lambda=1.6267488579198321, scale_pos_weight=1.611336989409985, subsample=0.9507792984144696; total time=   2.9s
[CV] END colsample_bytree=0.8511577659794545, gamma=0.09713697675602112, learning_rate=0.024188183399985533, max_depth=8, min_child_weight=3, n_estimators=10000, reg_alpha=0.3379951568515358, reg_lambda=1.6267488579198321, scale_pos_weight=1.611336989409985, subsample=0.9507792984144696; total time=   2.8s
[CV] END colsample_bytree=0.8511577659794545, gamma=0.09713697675602112, learning_rate=0.024188183399985533, max_depth=8, min_child_weight=3, n_estimators=10000, reg_alpha=0.3379951568515358, reg_lambda=1.6267488579198321, scale_pos_weight=1.611336989409985, subsample=0.9507792984144696; total time=   2.9s
[CV] END colsample_bytree=0.8511577659794545, gamma=0.09713697675602112, learning_rate=0.024188183399985533, max_depth=8, min_child_weight=3, n_estimators=10000, reg_alpha=0.3379951568515358, reg_lambda=1.6267488579198321, scale_pos_weight=1.611336989409985, subsample=0.9507792984144696; total time=   2.9s
[CV] END colsample_bytree=0.8511577659794545, gamma=0.09713697675602112, learning_rate=0.024188183399985533, max_depth=8, min_child_weight=3, n_estimators=10000, reg_alpha=0.3379951568515358, reg_lambda=1.6267488579198321, scale_pos_weight=1.611336989409985, subsample=0.9507792984144696; total time=   2.8s
[CV] END colsample_bytree=0.8688104541180797, gamma=0.16407633373736596, learning_rate=0.04100832334554884, max_depth=8, min_child_weight=6, n_estimators=10000, reg_alpha=0.5908332605690108, reg_lambda=0.5915007498171483, scale_pos_weight=1.611336989409985, subsample=0.6310677875435385; total time=   3.3s
[CV] END colsample_bytree=0.8688104541180797, gamma=0.16407633373736596, learning_rate=0.04100832334554884, max_depth=8, min_child_weight=6, n_estimators=10000, reg_alpha=0.5908332605690108, reg_lambda=0.5915007498171483, scale_pos_weight=1.611336989409985, subsample=0.6310677875435385; total time=   3.3s
[CV] END colsample_bytree=0.8688104541180797, gamma=0.16407633373736596, learning_rate=0.04100832334554884, max_depth=8, min_child_weight=6, n_estimators=10000, reg_alpha=0.5908332605690108, reg_lambda=0.5915007498171483, scale_pos_weight=1.611336989409985, subsample=0.6310677875435385; total time=   3.3s
[CV] END colsample_bytree=0.8688104541180797, gamma=0.16407633373736596, learning_rate=0.04100832334554884, max_depth=8, min_child_weight=6, n_estimators=10000, reg_alpha=0.5908332605690108, reg_lambda=0.5915007498171483, scale_pos_weight=1.611336989409985, subsample=0.6310677875435385; total time=   3.2s
[CV] END colsample_bytree=0.8688104541180797, gamma=0.16407633373736596, learning_rate=0.04100832334554884, max_depth=8, min_child_weight=6, n_estimators=10000, reg_alpha=0.5908332605690108, reg_lambda=0.5915007498171483, scale_pos_weight=1.611336989409985, subsample=0.6310677875435385; total time=   3.2s
[CV] END colsample_bytree=0.7213062058692892, gamma=0.2685412135983277, learning_rate=0.07533024835920818, max_depth=7, min_child_weight=5, n_estimators=10000, reg_alpha=0.45726516161372854, reg_lambda=3.026069225035944, scale_pos_weight=1.611336989409985, subsample=1.0250837052545183; total time=   0.0s
[CV] END colsample_bytree=0.7213062058692892, gamma=0.2685412135983277, learning_rate=0.07533024835920818, max_depth=7, min_child_weight=5, n_estimators=10000, reg_alpha=0.45726516161372854, reg_lambda=3.026069225035944, scale_pos_weight=1.611336989409985, subsample=1.0250837052545183; total time=   0.0s
[CV] END colsample_bytree=0.7213062058692892, gamma=0.2685412135983277, learning_rate=0.07533024835920818, max_depth=7, min_child_weight=5, n_estimators=10000, reg_alpha=0.45726516161372854, reg_lambda=3.026069225035944, scale_pos_weight=1.611336989409985, subsample=1.0250837052545183; total time=   0.0s
[CV] END colsample_bytree=0.7213062058692892, gamma=0.2685412135983277, learning_rate=0.07533024835920818, max_depth=7, min_child_weight=5, n_estimators=10000, reg_alpha=0.45726516161372854, reg_lambda=3.026069225035944, scale_pos_weight=1.611336989409985, subsample=1.0250837052545183; total time=   0.0s
[CV] END colsample_bytree=0.7213062058692892, gamma=0.2685412135983277, learning_rate=0.07533024835920818, max_depth=7, min_child_weight=5, n_estimators=10000, reg_alpha=0.45726516161372854, reg_lambda=3.026069225035944, scale_pos_weight=1.611336989409985, subsample=1.0250837052545183; total time=   0.0s
[CV] END colsample_bytree=0.8162540486440426, gamma=0.3187149507491033, learning_rate=0.15521826674453232, max_depth=7, min_child_weight=2, n_estimators=10000, reg_alpha=0.5163003483011953, reg_lambda=1.468869418823738, scale_pos_weight=<scipy.stats._distn_infrastructure.rv_continuous_frozen object at 0x7f5b8ff4c750>, subsample=0.9190567211558356; total time=   0.0s
[CV] END colsample_bytree=0.8162540486440426, gamma=0.3187149507491033, learning_rate=0.15521826674453232, max_depth=7, min_child_weight=2, n_estimators=10000, reg_alpha=0.5163003483011953, reg_lambda=1.468869418823738, scale_pos_weight=<scipy.stats._distn_infrastructure.rv_continuous_frozen object at 0x7f5b8ff4c750>, subsample=0.9190567211558356; total time=   0.0s
[CV] END colsample_bytree=0.8162540486440426, gamma=0.3187149507491033, learning_rate=0.15521826674453232, max_depth=7, min_child_weight=2, n_estimators=10000, reg_alpha=0.5163003483011953, reg_lambda=1.468869418823738, scale_pos_weight=<scipy.stats._distn_infrastructure.rv_continuous_frozen object at 0x7f5b8ff4c750>, subsample=0.9190567211558356; total time=   0.0s
[CV] END colsample_bytree=0.8162540486440426, gamma=0.3187149507491033, learning_rate=0.15521826674453232, max_depth=7, min_child_weight=2, n_estimators=10000, reg_alpha=0.5163003483011953, reg_lambda=1.468869418823738, scale_pos_weight=<scipy.stats._distn_infrastructure.rv_continuous_frozen object at 0x7f5b8ff4c750>, subsample=0.9190567211558356; total time=   0.0s
[CV] END colsample_bytree=0.8162540486440426, gamma=0.3187149507491033, learning_rate=0.15521826674453232, max_depth=7, min_child_weight=2, n_estimators=10000, reg_alpha=0.5163003483011953, reg_lambda=1.468869418823738, scale_pos_weight=<scipy.stats._distn_infrastructure.rv_continuous_frozen object at 0x7f5b8ff4c750>, subsample=0.9190567211558356; total time=   0.0s
[CV] END colsample_bytree=0.7734082950322968, gamma=0.3720213214995577, learning_rate=0.06017210546933224, max_depth=4, min_child_weight=5, n_estimators=10000, reg_alpha=0.08087296661719767, reg_lambda=1.7849434248203233, scale_pos_weight=1.611336989409985, subsample=0.9271623555314159; total time=   1.8s
[CV] END colsample_bytree=0.7734082950322968, gamma=0.3720213214995577, learning_rate=0.06017210546933224, max_depth=4, min_child_weight=5, n_estimators=10000, reg_alpha=0.08087296661719767, reg_lambda=1.7849434248203233, scale_pos_weight=1.611336989409985, subsample=0.9271623555314159; total time=   1.7s
[CV] END colsample_bytree=0.7734082950322968, gamma=0.3720213214995577, learning_rate=0.06017210546933224, max_depth=4, min_child_weight=5, n_estimators=10000, reg_alpha=0.08087296661719767, reg_lambda=1.7849434248203233, scale_pos_weight=1.611336989409985, subsample=0.9271623555314159; total time=   1.9s
[CV] END colsample_bytree=0.7734082950322968, gamma=0.3720213214995577, learning_rate=0.06017210546933224, max_depth=4, min_child_weight=5, n_estimators=10000, reg_alpha=0.08087296661719767, reg_lambda=1.7849434248203233, scale_pos_weight=1.611336989409985, subsample=0.9271623555314159; total time=   2.0s
[CV] END colsample_bytree=0.7734082950322968, gamma=0.3720213214995577, learning_rate=0.06017210546933224, max_depth=4, min_child_weight=5, n_estimators=10000, reg_alpha=0.08087296661719767, reg_lambda=1.7849434248203233, scale_pos_weight=1.611336989409985, subsample=0.9271623555314159; total time=   2.0s
----------
iter: 1
n_candidates: 14
n_resources: 24546
Fitting 5 folds for each of 14 candidates, totalling 70 fits
[CV] END colsample_bytree=0.9705203514053395, gamma=0.32553851275097223, learning_rate=0.19299193510875617, max_depth=3, min_child_weight=8, n_estimators=10000, reg_alpha=0.4494506741382034, reg_lambda=0.7862303494712339, scale_pos_weight=<scipy.stats._distn_infrastructure.rv_continuous_frozen object at 0x7f5b8ff4c750>, subsample=0.8487858573725298; total time=   0.0s
[CV] END colsample_bytree=0.9705203514053395, gamma=0.32553851275097223, learning_rate=0.19299193510875617, max_depth=3, min_child_weight=8, n_estimators=10000, reg_alpha=0.4494506741382034, reg_lambda=0.7862303494712339, scale_pos_weight=<scipy.stats._distn_infrastructure.rv_continuous_frozen object at 0x7f5b8ff4c750>, subsample=0.8487858573725298; total time=   0.0s
[CV] END colsample_bytree=0.9705203514053395, gamma=0.32553851275097223, learning_rate=0.19299193510875617, max_depth=3, min_child_weight=8, n_estimators=10000, reg_alpha=0.4494506741382034, reg_lambda=0.7862303494712339, scale_pos_weight=<scipy.stats._distn_infrastructure.rv_continuous_frozen object at 0x7f5b8ff4c750>, subsample=0.8487858573725298; total time=   0.0s
[CV] END colsample_bytree=0.9705203514053395, gamma=0.32553851275097223, learning_rate=0.19299193510875617, max_depth=3, min_child_weight=8, n_estimators=10000, reg_alpha=0.4494506741382034, reg_lambda=0.7862303494712339, scale_pos_weight=<scipy.stats._distn_infrastructure.rv_continuous_frozen object at 0x7f5b8ff4c750>, subsample=0.8487858573725298; total time=   0.0s
[CV] END colsample_bytree=0.9705203514053395, gamma=0.32553851275097223, learning_rate=0.19299193510875617, max_depth=3, min_child_weight=8, n_estimators=10000, reg_alpha=0.4494506741382034, reg_lambda=0.7862303494712339, scale_pos_weight=<scipy.stats._distn_infrastructure.rv_continuous_frozen object at 0x7f5b8ff4c750>, subsample=0.8487858573725298; total time=   0.0s
[CV] END colsample_bytree=0.7480634801021777, gamma=0.007728308264433714, learning_rate=0.1956637125175451, max_depth=3, min_child_weight=5, n_estimators=10000, reg_alpha=0.5722924691708383, reg_lambda=3.440994751148137, scale_pos_weight=1.611336989409985, subsample=0.8355591136556686; total time=   5.3s
[CV] END colsample_bytree=0.7480634801021777, gamma=0.007728308264433714, learning_rate=0.1956637125175451, max_depth=3, min_child_weight=5, n_estimators=10000, reg_alpha=0.5722924691708383, reg_lambda=3.440994751148137, scale_pos_weight=1.611336989409985, subsample=0.8355591136556686; total time=   5.3s
[CV] END colsample_bytree=0.7480634801021777, gamma=0.007728308264433714, learning_rate=0.1956637125175451, max_depth=3, min_child_weight=5, n_estimators=10000, reg_alpha=0.5722924691708383, reg_lambda=3.440994751148137, scale_pos_weight=1.611336989409985, subsample=0.8355591136556686; total time=   5.3s
[CV] END colsample_bytree=0.7480634801021777, gamma=0.007728308264433714, learning_rate=0.1956637125175451, max_depth=3, min_child_weight=5, n_estimators=10000, reg_alpha=0.5722924691708383, reg_lambda=3.440994751148137, scale_pos_weight=1.611336989409985, subsample=0.8355591136556686; total time=   5.3s
[CV] END colsample_bytree=0.7480634801021777, gamma=0.007728308264433714, learning_rate=0.1956637125175451, max_depth=3, min_child_weight=5, n_estimators=10000, reg_alpha=0.5722924691708383, reg_lambda=3.440994751148137, scale_pos_weight=1.611336989409985, subsample=0.8355591136556686; total time=   5.3s
[CV] END colsample_bytree=0.6733618039413735, gamma=0.15212112147976886, learning_rate=0.11495128632644756, max_depth=6, min_child_weight=9, n_estimators=10000, reg_alpha=0.2912291401980419, reg_lambda=2.3355586841671383, scale_pos_weight=1.611336989409985, subsample=0.6373325305708923; total time=   5.7s
[CV] END colsample_bytree=0.6733618039413735, gamma=0.15212112147976886, learning_rate=0.11495128632644756, max_depth=6, min_child_weight=9, n_estimators=10000, reg_alpha=0.2912291401980419, reg_lambda=2.3355586841671383, scale_pos_weight=1.611336989409985, subsample=0.6373325305708923; total time=   5.7s
[CV] END colsample_bytree=0.6733618039413735, gamma=0.15212112147976886, learning_rate=0.11495128632644756, max_depth=6, min_child_weight=9, n_estimators=10000, reg_alpha=0.2912291401980419, reg_lambda=2.3355586841671383, scale_pos_weight=1.611336989409985, subsample=0.6373325305708923; total time=   5.6s
[CV] END colsample_bytree=0.6733618039413735, gamma=0.15212112147976886, learning_rate=0.11495128632644756, max_depth=6, min_child_weight=9, n_estimators=10000, reg_alpha=0.2912291401980419, reg_lambda=2.3355586841671383, scale_pos_weight=1.611336989409985, subsample=0.6373325305708923; total time=   5.7s
[CV] END colsample_bytree=0.6733618039413735, gamma=0.15212112147976886, learning_rate=0.11495128632644756, max_depth=6, min_child_weight=9, n_estimators=10000, reg_alpha=0.2912291401980419, reg_lambda=2.3355586841671383, scale_pos_weight=1.611336989409985, subsample=0.6373325305708923; total time=   5.7s
[CV] END colsample_bytree=0.8590760482165449, gamma=0.0002601884976579094, learning_rate=0.0805137712668338, max_depth=5, min_child_weight=7, n_estimators=10000, reg_alpha=0.16465585314294173, reg_lambda=2.102268258126326, scale_pos_weight=1.611336989409985, subsample=0.7776862483765842; total time=   7.6s
[CV] END colsample_bytree=0.8590760482165449, gamma=0.0002601884976579094, learning_rate=0.0805137712668338, max_depth=5, min_child_weight=7, n_estimators=10000, reg_alpha=0.16465585314294173, reg_lambda=2.102268258126326, scale_pos_weight=1.611336989409985, subsample=0.7776862483765842; total time=   7.4s
[CV] END colsample_bytree=0.8590760482165449, gamma=0.0002601884976579094, learning_rate=0.0805137712668338, max_depth=5, min_child_weight=7, n_estimators=10000, reg_alpha=0.16465585314294173, reg_lambda=2.102268258126326, scale_pos_weight=1.611336989409985, subsample=0.7776862483765842; total time=   7.6s
[CV] END colsample_bytree=0.8590760482165449, gamma=0.0002601884976579094, learning_rate=0.0805137712668338, max_depth=5, min_child_weight=7, n_estimators=10000, reg_alpha=0.16465585314294173, reg_lambda=2.102268258126326, scale_pos_weight=1.611336989409985, subsample=0.7776862483765842; total time=   7.6s
[CV] END colsample_bytree=0.8590760482165449, gamma=0.0002601884976579094, learning_rate=0.0805137712668338, max_depth=5, min_child_weight=7, n_estimators=10000, reg_alpha=0.16465585314294173, reg_lambda=2.102268258126326, scale_pos_weight=1.611336989409985, subsample=0.7776862483765842; total time=   7.6s
[CV] END colsample_bytree=0.8886918084659492, gamma=0.11799245987447787, learning_rate=0.0612136645522648, max_depth=5, min_child_weight=9, n_estimators=10000, reg_alpha=0.7106628896857874, reg_lambda=0.832672462435494, scale_pos_weight=1.611336989409985, subsample=0.6863131415946435; total time=   7.3s
[CV] END colsample_bytree=0.8886918084659492, gamma=0.11799245987447787, learning_rate=0.0612136645522648, max_depth=5, min_child_weight=9, n_estimators=10000, reg_alpha=0.7106628896857874, reg_lambda=0.832672462435494, scale_pos_weight=1.611336989409985, subsample=0.6863131415946435; total time=   7.2s
[CV] END colsample_bytree=0.8886918084659492, gamma=0.11799245987447787, learning_rate=0.0612136645522648, max_depth=5, min_child_weight=9, n_estimators=10000, reg_alpha=0.7106628896857874, reg_lambda=0.832672462435494, scale_pos_weight=1.611336989409985, subsample=0.6863131415946435; total time=   7.2s
[CV] END colsample_bytree=0.8886918084659492, gamma=0.11799245987447787, learning_rate=0.0612136645522648, max_depth=5, min_child_weight=9, n_estimators=10000, reg_alpha=0.7106628896857874, reg_lambda=0.832672462435494, scale_pos_weight=1.611336989409985, subsample=0.6863131415946435; total time=   7.2s
[CV] END colsample_bytree=0.8886918084659492, gamma=0.11799245987447787, learning_rate=0.0612136645522648, max_depth=5, min_child_weight=9, n_estimators=10000, reg_alpha=0.7106628896857874, reg_lambda=0.832672462435494, scale_pos_weight=1.611336989409985, subsample=0.6863131415946435; total time=   7.2s
[CV] END colsample_bytree=0.6923575302488596, gamma=0.12051273301300586, learning_rate=0.14665270376509165, max_depth=6, min_child_weight=8, n_estimators=10000, reg_alpha=0.034388521115218396, reg_lambda=3.2279612062363463, scale_pos_weight=1.611336989409985, subsample=0.7457888702304498; total time=   4.9s
[CV] END colsample_bytree=0.6923575302488596, gamma=0.12051273301300586, learning_rate=0.14665270376509165, max_depth=6, min_child_weight=8, n_estimators=10000, reg_alpha=0.034388521115218396, reg_lambda=3.2279612062363463, scale_pos_weight=1.611336989409985, subsample=0.7457888702304498; total time=   5.0s
[CV] END colsample_bytree=0.6923575302488596, gamma=0.12051273301300586, learning_rate=0.14665270376509165, max_depth=6, min_child_weight=8, n_estimators=10000, reg_alpha=0.034388521115218396, reg_lambda=3.2279612062363463, scale_pos_weight=1.611336989409985, subsample=0.7457888702304498; total time=   4.9s
[CV] END colsample_bytree=0.6923575302488596, gamma=0.12051273301300586, learning_rate=0.14665270376509165, max_depth=6, min_child_weight=8, n_estimators=10000, reg_alpha=0.034388521115218396, reg_lambda=3.2279612062363463, scale_pos_weight=1.611336989409985, subsample=0.7457888702304498; total time=   5.0s
[CV] END colsample_bytree=0.6923575302488596, gamma=0.12051273301300586, learning_rate=0.14665270376509165, max_depth=6, min_child_weight=8, n_estimators=10000, reg_alpha=0.034388521115218396, reg_lambda=3.2279612062363463, scale_pos_weight=1.611336989409985, subsample=0.7457888702304498; total time=   4.9s
[CV] END colsample_bytree=0.743796460487902, gamma=0.14679592213224668, learning_rate=0.17187223109570274, max_depth=5, min_child_weight=2, n_estimators=10000, reg_alpha=0.8670723185801037, reg_lambda=3.239721657669414, scale_pos_weight=1.611336989409985, subsample=0.6041478902191894; total time=   4.8s
[CV] END colsample_bytree=0.743796460487902, gamma=0.14679592213224668, learning_rate=0.17187223109570274, max_depth=5, min_child_weight=2, n_estimators=10000, reg_alpha=0.8670723185801037, reg_lambda=3.239721657669414, scale_pos_weight=1.611336989409985, subsample=0.6041478902191894; total time=   4.9s
[CV] END colsample_bytree=0.743796460487902, gamma=0.14679592213224668, learning_rate=0.17187223109570274, max_depth=5, min_child_weight=2, n_estimators=10000, reg_alpha=0.8670723185801037, reg_lambda=3.239721657669414, scale_pos_weight=1.611336989409985, subsample=0.6041478902191894; total time=   4.7s
[CV] END colsample_bytree=0.743796460487902, gamma=0.14679592213224668, learning_rate=0.17187223109570274, max_depth=5, min_child_weight=2, n_estimators=10000, reg_alpha=0.8670723185801037, reg_lambda=3.239721657669414, scale_pos_weight=1.611336989409985, subsample=0.6041478902191894; total time=   4.8s
[CV] END colsample_bytree=0.743796460487902, gamma=0.14679592213224668, learning_rate=0.17187223109570274, max_depth=5, min_child_weight=2, n_estimators=10000, reg_alpha=0.8670723185801037, reg_lambda=3.239721657669414, scale_pos_weight=1.611336989409985, subsample=0.6041478902191894; total time=   4.8s
[CV] END colsample_bytree=0.6205915004999957, gamma=0.13932323211830572, learning_rate=0.19165317719333075, max_depth=5, min_child_weight=2, n_estimators=10000, reg_alpha=0.5309345833171364, reg_lambda=1.843349493719275, scale_pos_weight=1.611336989409985, subsample=0.7936442172092003; total time=   3.7s
[CV] END colsample_bytree=0.6205915004999957, gamma=0.13932323211830572, learning_rate=0.19165317719333075, max_depth=5, min_child_weight=2, n_estimators=10000, reg_alpha=0.5309345833171364, reg_lambda=1.843349493719275, scale_pos_weight=1.611336989409985, subsample=0.7936442172092003; total time=   3.7s
[CV] END colsample_bytree=0.6205915004999957, gamma=0.13932323211830572, learning_rate=0.19165317719333075, max_depth=5, min_child_weight=2, n_estimators=10000, reg_alpha=0.5309345833171364, reg_lambda=1.843349493719275, scale_pos_weight=1.611336989409985, subsample=0.7936442172092003; total time=   3.6s
[CV] END colsample_bytree=0.6205915004999957, gamma=0.13932323211830572, learning_rate=0.19165317719333075, max_depth=5, min_child_weight=2, n_estimators=10000, reg_alpha=0.5309345833171364, reg_lambda=1.843349493719275, scale_pos_weight=1.611336989409985, subsample=0.7936442172092003; total time=   3.7s
[CV] END colsample_bytree=0.6205915004999957, gamma=0.13932323211830572, learning_rate=0.19165317719333075, max_depth=5, min_child_weight=2, n_estimators=10000, reg_alpha=0.5309345833171364, reg_lambda=1.843349493719275, scale_pos_weight=1.611336989409985, subsample=0.7936442172092003; total time=   3.6s
[CV] END colsample_bytree=0.8688542189623514, gamma=0.3808098076643588, learning_rate=0.05752750879847994, max_depth=9, min_child_weight=6, n_estimators=10000, reg_alpha=0.3677831327192532, reg_lambda=2.3969174917807385, scale_pos_weight=1.611336989409985, subsample=0.9190595539556424; total time=   3.6s
[CV] END colsample_bytree=0.8688542189623514, gamma=0.3808098076643588, learning_rate=0.05752750879847994, max_depth=9, min_child_weight=6, n_estimators=10000, reg_alpha=0.3677831327192532, reg_lambda=2.3969174917807385, scale_pos_weight=1.611336989409985, subsample=0.9190595539556424; total time=   3.6s
[CV] END colsample_bytree=0.8688542189623514, gamma=0.3808098076643588, learning_rate=0.05752750879847994, max_depth=9, min_child_weight=6, n_estimators=10000, reg_alpha=0.3677831327192532, reg_lambda=2.3969174917807385, scale_pos_weight=1.611336989409985, subsample=0.9190595539556424; total time=   3.6s
[CV] END colsample_bytree=0.8688542189623514, gamma=0.3808098076643588, learning_rate=0.05752750879847994, max_depth=9, min_child_weight=6, n_estimators=10000, reg_alpha=0.3677831327192532, reg_lambda=2.3969174917807385, scale_pos_weight=1.611336989409985, subsample=0.9190595539556424; total time=   3.6s
[CV] END colsample_bytree=0.8688542189623514, gamma=0.3808098076643588, learning_rate=0.05752750879847994, max_depth=9, min_child_weight=6, n_estimators=10000, reg_alpha=0.3677831327192532, reg_lambda=2.3969174917807385, scale_pos_weight=1.611336989409985, subsample=0.9190595539556424; total time=   3.6s
[CV] END colsample_bytree=0.7734082950322968, gamma=0.3720213214995577, learning_rate=0.06017210546933224, max_depth=4, min_child_weight=5, n_estimators=10000, reg_alpha=0.08087296661719767, reg_lambda=1.7849434248203233, scale_pos_weight=1.611336989409985, subsample=0.9271623555314159; total time=   3.9s
[CV] END colsample_bytree=0.7734082950322968, gamma=0.3720213214995577, learning_rate=0.06017210546933224, max_depth=4, min_child_weight=5, n_estimators=10000, reg_alpha=0.08087296661719767, reg_lambda=1.7849434248203233, scale_pos_weight=1.611336989409985, subsample=0.9271623555314159; total time=   3.9s
[CV] END colsample_bytree=0.7734082950322968, gamma=0.3720213214995577, learning_rate=0.06017210546933224, max_depth=4, min_child_weight=5, n_estimators=10000, reg_alpha=0.08087296661719767, reg_lambda=1.7849434248203233, scale_pos_weight=1.611336989409985, subsample=0.9271623555314159; total time=   3.9s
[CV] END colsample_bytree=0.7734082950322968, gamma=0.3720213214995577, learning_rate=0.06017210546933224, max_depth=4, min_child_weight=5, n_estimators=10000, reg_alpha=0.08087296661719767, reg_lambda=1.7849434248203233, scale_pos_weight=1.611336989409985, subsample=0.9271623555314159; total time=   3.8s
[CV] END colsample_bytree=0.7734082950322968, gamma=0.3720213214995577, learning_rate=0.06017210546933224, max_depth=4, min_child_weight=5, n_estimators=10000, reg_alpha=0.08087296661719767, reg_lambda=1.7849434248203233, scale_pos_weight=1.611336989409985, subsample=0.9271623555314159; total time=   3.8s
[CV] END colsample_bytree=0.9594216754108317, gamma=0.30321452982979497, learning_rate=0.01183941032332593, max_depth=8, min_child_weight=9, n_estimators=10000, reg_alpha=0.6635017691080558, reg_lambda=0.5151847515386561, scale_pos_weight=1.611336989409985, subsample=0.8442910882755148; total time=  10.1s
[CV] END colsample_bytree=0.9594216754108317, gamma=0.30321452982979497, learning_rate=0.01183941032332593, max_depth=8, min_child_weight=9, n_estimators=10000, reg_alpha=0.6635017691080558, reg_lambda=0.5151847515386561, scale_pos_weight=1.611336989409985, subsample=0.8442910882755148; total time=  10.0s
[CV] END colsample_bytree=0.9594216754108317, gamma=0.30321452982979497, learning_rate=0.01183941032332593, max_depth=8, min_child_weight=9, n_estimators=10000, reg_alpha=0.6635017691080558, reg_lambda=0.5151847515386561, scale_pos_weight=1.611336989409985, subsample=0.8442910882755148; total time=  10.0s
[CV] END colsample_bytree=0.9594216754108317, gamma=0.30321452982979497, learning_rate=0.01183941032332593, max_depth=8, min_child_weight=9, n_estimators=10000, reg_alpha=0.6635017691080558, reg_lambda=0.5151847515386561, scale_pos_weight=1.611336989409985, subsample=0.8442910882755148; total time=  10.1s
[CV] END colsample_bytree=0.9594216754108317, gamma=0.30321452982979497, learning_rate=0.01183941032332593, max_depth=8, min_child_weight=9, n_estimators=10000, reg_alpha=0.6635017691080558, reg_lambda=0.5151847515386561, scale_pos_weight=1.611336989409985, subsample=0.8442910882755148; total time=  10.0s
[CV] END colsample_bytree=0.8688104541180797, gamma=0.16407633373736596, learning_rate=0.04100832334554884, max_depth=8, min_child_weight=6, n_estimators=10000, reg_alpha=0.5908332605690108, reg_lambda=0.5915007498171483, scale_pos_weight=1.611336989409985, subsample=0.6310677875435385; total time=   7.7s
[CV] END colsample_bytree=0.8688104541180797, gamma=0.16407633373736596, learning_rate=0.04100832334554884, max_depth=8, min_child_weight=6, n_estimators=10000, reg_alpha=0.5908332605690108, reg_lambda=0.5915007498171483, scale_pos_weight=1.611336989409985, subsample=0.6310677875435385; total time=   7.8s
[CV] END colsample_bytree=0.8688104541180797, gamma=0.16407633373736596, learning_rate=0.04100832334554884, max_depth=8, min_child_weight=6, n_estimators=10000, reg_alpha=0.5908332605690108, reg_lambda=0.5915007498171483, scale_pos_weight=1.611336989409985, subsample=0.6310677875435385; total time=   7.6s
[CV] END colsample_bytree=0.8688104541180797, gamma=0.16407633373736596, learning_rate=0.04100832334554884, max_depth=8, min_child_weight=6, n_estimators=10000, reg_alpha=0.5908332605690108, reg_lambda=0.5915007498171483, scale_pos_weight=1.611336989409985, subsample=0.6310677875435385; total time=   7.8s
[CV] END colsample_bytree=0.8688104541180797, gamma=0.16407633373736596, learning_rate=0.04100832334554884, max_depth=8, min_child_weight=6, n_estimators=10000, reg_alpha=0.5908332605690108, reg_lambda=0.5915007498171483, scale_pos_weight=1.611336989409985, subsample=0.6310677875435385; total time=   7.6s
[CV] END colsample_bytree=0.7334834444556088, gamma=0.07143340896097039, learning_rate=0.14017769458977059, max_depth=7, min_child_weight=2, n_estimators=10000, reg_alpha=0.7219987722668247, reg_lambda=3.3156581270472505, scale_pos_weight=1.611336989409985, subsample=0.7454599737656805; total time=   4.9s
[CV] END colsample_bytree=0.7334834444556088, gamma=0.07143340896097039, learning_rate=0.14017769458977059, max_depth=7, min_child_weight=2, n_estimators=10000, reg_alpha=0.7219987722668247, reg_lambda=3.3156581270472505, scale_pos_weight=1.611336989409985, subsample=0.7454599737656805; total time=   5.0s
[CV] END colsample_bytree=0.7334834444556088, gamma=0.07143340896097039, learning_rate=0.14017769458977059, max_depth=7, min_child_weight=2, n_estimators=10000, reg_alpha=0.7219987722668247, reg_lambda=3.3156581270472505, scale_pos_weight=1.611336989409985, subsample=0.7454599737656805; total time=   4.9s
[CV] END colsample_bytree=0.7334834444556088, gamma=0.07143340896097039, learning_rate=0.14017769458977059, max_depth=7, min_child_weight=2, n_estimators=10000, reg_alpha=0.7219987722668247, reg_lambda=3.3156581270472505, scale_pos_weight=1.611336989409985, subsample=0.7454599737656805; total time=   5.0s
[CV] END colsample_bytree=0.7334834444556088, gamma=0.07143340896097039, learning_rate=0.14017769458977059, max_depth=7, min_child_weight=2, n_estimators=10000, reg_alpha=0.7219987722668247, reg_lambda=3.3156581270472505, scale_pos_weight=1.611336989409985, subsample=0.7454599737656805; total time=   4.9s
[CV] END colsample_bytree=0.8511577659794545, gamma=0.09713697675602112, learning_rate=0.024188183399985533, max_depth=8, min_child_weight=3, n_estimators=10000, reg_alpha=0.3379951568515358, reg_lambda=1.6267488579198321, scale_pos_weight=1.611336989409985, subsample=0.9507792984144696; total time=   6.6s
[CV] END colsample_bytree=0.8511577659794545, gamma=0.09713697675602112, learning_rate=0.024188183399985533, max_depth=8, min_child_weight=3, n_estimators=10000, reg_alpha=0.3379951568515358, reg_lambda=1.6267488579198321, scale_pos_weight=1.611336989409985, subsample=0.9507792984144696; total time=   6.5s
[CV] END colsample_bytree=0.8511577659794545, gamma=0.09713697675602112, learning_rate=0.024188183399985533, max_depth=8, min_child_weight=3, n_estimators=10000, reg_alpha=0.3379951568515358, reg_lambda=1.6267488579198321, scale_pos_weight=1.611336989409985, subsample=0.9507792984144696; total time=   6.5s
[CV] END colsample_bytree=0.8511577659794545, gamma=0.09713697675602112, learning_rate=0.024188183399985533, max_depth=8, min_child_weight=3, n_estimators=10000, reg_alpha=0.3379951568515358, reg_lambda=1.6267488579198321, scale_pos_weight=1.611336989409985, subsample=0.9507792984144696; total time=   6.6s
[CV] END colsample_bytree=0.8511577659794545, gamma=0.09713697675602112, learning_rate=0.024188183399985533, max_depth=8, min_child_weight=3, n_estimators=10000, reg_alpha=0.3379951568515358, reg_lambda=1.6267488579198321, scale_pos_weight=1.611336989409985, subsample=0.9507792984144696; total time=   6.4s
----------
iter: 2
n_candidates: 5
n_resources: 73638
Fitting 5 folds for each of 5 candidates, totalling 25 fits
[CV] END colsample_bytree=0.7334834444556088, gamma=0.07143340896097039, learning_rate=0.14017769458977059, max_depth=7, min_child_weight=2, n_estimators=10000, reg_alpha=0.7219987722668247, reg_lambda=3.3156581270472505, scale_pos_weight=1.611336989409985, subsample=0.7454599737656805; total time=  12.4s
[CV] END colsample_bytree=0.7334834444556088, gamma=0.07143340896097039, learning_rate=0.14017769458977059, max_depth=7, min_child_weight=2, n_estimators=10000, reg_alpha=0.7219987722668247, reg_lambda=3.3156581270472505, scale_pos_weight=1.611336989409985, subsample=0.7454599737656805; total time=  12.3s
[CV] END colsample_bytree=0.7334834444556088, gamma=0.07143340896097039, learning_rate=0.14017769458977059, max_depth=7, min_child_weight=2, n_estimators=10000, reg_alpha=0.7219987722668247, reg_lambda=3.3156581270472505, scale_pos_weight=1.611336989409985, subsample=0.7454599737656805; total time=  12.1s
[CV] END colsample_bytree=0.7334834444556088, gamma=0.07143340896097039, learning_rate=0.14017769458977059, max_depth=7, min_child_weight=2, n_estimators=10000, reg_alpha=0.7219987722668247, reg_lambda=3.3156581270472505, scale_pos_weight=1.611336989409985, subsample=0.7454599737656805; total time=  12.3s
[CV] END colsample_bytree=0.7334834444556088, gamma=0.07143340896097039, learning_rate=0.14017769458977059, max_depth=7, min_child_weight=2, n_estimators=10000, reg_alpha=0.7219987722668247, reg_lambda=3.3156581270472505, scale_pos_weight=1.611336989409985, subsample=0.7454599737656805; total time=  12.1s
[CV] END colsample_bytree=0.8688104541180797, gamma=0.16407633373736596, learning_rate=0.04100832334554884, max_depth=8, min_child_weight=6, n_estimators=10000, reg_alpha=0.5908332605690108, reg_lambda=0.5915007498171483, scale_pos_weight=1.611336989409985, subsample=0.6310677875435385; total time=  17.7s
[CV] END colsample_bytree=0.8688104541180797, gamma=0.16407633373736596, learning_rate=0.04100832334554884, max_depth=8, min_child_weight=6, n_estimators=10000, reg_alpha=0.5908332605690108, reg_lambda=0.5915007498171483, scale_pos_weight=1.611336989409985, subsample=0.6310677875435385; total time=  17.8s
[CV] END colsample_bytree=0.8688104541180797, gamma=0.16407633373736596, learning_rate=0.04100832334554884, max_depth=8, min_child_weight=6, n_estimators=10000, reg_alpha=0.5908332605690108, reg_lambda=0.5915007498171483, scale_pos_weight=1.611336989409985, subsample=0.6310677875435385; total time=  17.7s
[CV] END colsample_bytree=0.8688104541180797, gamma=0.16407633373736596, learning_rate=0.04100832334554884, max_depth=8, min_child_weight=6, n_estimators=10000, reg_alpha=0.5908332605690108, reg_lambda=0.5915007498171483, scale_pos_weight=1.611336989409985, subsample=0.6310677875435385; total time=  18.0s
[CV] END colsample_bytree=0.8688104541180797, gamma=0.16407633373736596, learning_rate=0.04100832334554884, max_depth=8, min_child_weight=6, n_estimators=10000, reg_alpha=0.5908332605690108, reg_lambda=0.5915007498171483, scale_pos_weight=1.611336989409985, subsample=0.6310677875435385; total time=  17.9s
[CV] END colsample_bytree=0.9594216754108317, gamma=0.30321452982979497, learning_rate=0.01183941032332593, max_depth=8, min_child_weight=9, n_estimators=10000, reg_alpha=0.6635017691080558, reg_lambda=0.5151847515386561, scale_pos_weight=1.611336989409985, subsample=0.8442910882755148; total time=  20.9s
[CV] END colsample_bytree=0.9594216754108317, gamma=0.30321452982979497, learning_rate=0.01183941032332593, max_depth=8, min_child_weight=9, n_estimators=10000, reg_alpha=0.6635017691080558, reg_lambda=0.5151847515386561, scale_pos_weight=1.611336989409985, subsample=0.8442910882755148; total time=  21.3s
[CV] END colsample_bytree=0.9594216754108317, gamma=0.30321452982979497, learning_rate=0.01183941032332593, max_depth=8, min_child_weight=9, n_estimators=10000, reg_alpha=0.6635017691080558, reg_lambda=0.5151847515386561, scale_pos_weight=1.611336989409985, subsample=0.8442910882755148; total time=  21.3s
[CV] END colsample_bytree=0.9594216754108317, gamma=0.30321452982979497, learning_rate=0.01183941032332593, max_depth=8, min_child_weight=9, n_estimators=10000, reg_alpha=0.6635017691080558, reg_lambda=0.5151847515386561, scale_pos_weight=1.611336989409985, subsample=0.8442910882755148; total time=  21.3s
[CV] END colsample_bytree=0.9594216754108317, gamma=0.30321452982979497, learning_rate=0.01183941032332593, max_depth=8, min_child_weight=9, n_estimators=10000, reg_alpha=0.6635017691080558, reg_lambda=0.5151847515386561, scale_pos_weight=1.611336989409985, subsample=0.8442910882755148; total time=  20.8s
[CV] END colsample_bytree=0.8688542189623514, gamma=0.3808098076643588, learning_rate=0.05752750879847994, max_depth=9, min_child_weight=6, n_estimators=10000, reg_alpha=0.3677831327192532, reg_lambda=2.3969174917807385, scale_pos_weight=1.611336989409985, subsample=0.9190595539556424; total time=   7.9s
[CV] END colsample_bytree=0.8688542189623514, gamma=0.3808098076643588, learning_rate=0.05752750879847994, max_depth=9, min_child_weight=6, n_estimators=10000, reg_alpha=0.3677831327192532, reg_lambda=2.3969174917807385, scale_pos_weight=1.611336989409985, subsample=0.9190595539556424; total time=   7.9s
[CV] END colsample_bytree=0.8688542189623514, gamma=0.3808098076643588, learning_rate=0.05752750879847994, max_depth=9, min_child_weight=6, n_estimators=10000, reg_alpha=0.3677831327192532, reg_lambda=2.3969174917807385, scale_pos_weight=1.611336989409985, subsample=0.9190595539556424; total time=   7.8s
[CV] END colsample_bytree=0.8688542189623514, gamma=0.3808098076643588, learning_rate=0.05752750879847994, max_depth=9, min_child_weight=6, n_estimators=10000, reg_alpha=0.3677831327192532, reg_lambda=2.3969174917807385, scale_pos_weight=1.611336989409985, subsample=0.9190595539556424; total time=   7.9s
[CV] END colsample_bytree=0.8688542189623514, gamma=0.3808098076643588, learning_rate=0.05752750879847994, max_depth=9, min_child_weight=6, n_estimators=10000, reg_alpha=0.3677831327192532, reg_lambda=2.3969174917807385, scale_pos_weight=1.611336989409985, subsample=0.9190595539556424; total time=   7.8s
[CV] END colsample_bytree=0.8511577659794545, gamma=0.09713697675602112, learning_rate=0.024188183399985533, max_depth=8, min_child_weight=3, n_estimators=10000, reg_alpha=0.3379951568515358, reg_lambda=1.6267488579198321, scale_pos_weight=1.611336989409985, subsample=0.9507792984144696; total time=  14.9s
[CV] END colsample_bytree=0.8511577659794545, gamma=0.09713697675602112, learning_rate=0.024188183399985533, max_depth=8, min_child_weight=3, n_estimators=10000, reg_alpha=0.3379951568515358, reg_lambda=1.6267488579198321, scale_pos_weight=1.611336989409985, subsample=0.9507792984144696; total time=  14.9s
[CV] END colsample_bytree=0.8511577659794545, gamma=0.09713697675602112, learning_rate=0.024188183399985533, max_depth=8, min_child_weight=3, n_estimators=10000, reg_alpha=0.3379951568515358, reg_lambda=1.6267488579198321, scale_pos_weight=1.611336989409985, subsample=0.9507792984144696; total time=  14.7s
[CV] END colsample_bytree=0.8511577659794545, gamma=0.09713697675602112, learning_rate=0.024188183399985533, max_depth=8, min_child_weight=3, n_estimators=10000, reg_alpha=0.3379951568515358, reg_lambda=1.6267488579198321, scale_pos_weight=1.611336989409985, subsample=0.9507792984144696; total time=  15.1s
[CV] END colsample_bytree=0.8511577659794545, gamma=0.09713697675602112, learning_rate=0.024188183399985533, max_depth=8, min_child_weight=3, n_estimators=10000, reg_alpha=0.3379951568515358, reg_lambda=1.6267488579198321, scale_pos_weight=1.611336989409985, subsample=0.9507792984144696; total time=  14.7s
----------
iter: 3
n_candidates: 2
n_resources: 220914
Fitting 5 folds for each of 2 candidates, totalling 10 fits
[CV] END colsample_bytree=0.8688542189623514, gamma=0.3808098076643588, learning_rate=0.05752750879847994, max_depth=9, min_child_weight=6, n_estimators=10000, reg_alpha=0.3677831327192532, reg_lambda=2.3969174917807385, scale_pos_weight=1.611336989409985, subsample=0.9190595539556424; total time=  21.1s
[CV] END colsample_bytree=0.8688542189623514, gamma=0.3808098076643588, learning_rate=0.05752750879847994, max_depth=9, min_child_weight=6, n_estimators=10000, reg_alpha=0.3677831327192532, reg_lambda=2.3969174917807385, scale_pos_weight=1.611336989409985, subsample=0.9190595539556424; total time=  21.1s
[CV] END colsample_bytree=0.8688542189623514, gamma=0.3808098076643588, learning_rate=0.05752750879847994, max_depth=9, min_child_weight=6, n_estimators=10000, reg_alpha=0.3677831327192532, reg_lambda=2.3969174917807385, scale_pos_weight=1.611336989409985, subsample=0.9190595539556424; total time=  21.0s
[CV] END colsample_bytree=0.8688542189623514, gamma=0.3808098076643588, learning_rate=0.05752750879847994, max_depth=9, min_child_weight=6, n_estimators=10000, reg_alpha=0.3677831327192532, reg_lambda=2.3969174917807385, scale_pos_weight=1.611336989409985, subsample=0.9190595539556424; total time=  21.0s
[CV] END colsample_bytree=0.8688542189623514, gamma=0.3808098076643588, learning_rate=0.05752750879847994, max_depth=9, min_child_weight=6, n_estimators=10000, reg_alpha=0.3677831327192532, reg_lambda=2.3969174917807385, scale_pos_weight=1.611336989409985, subsample=0.9190595539556424; total time=  21.1s
[CV] END colsample_bytree=0.8511577659794545, gamma=0.09713697675602112, learning_rate=0.024188183399985533, max_depth=8, min_child_weight=3, n_estimators=10000, reg_alpha=0.3379951568515358, reg_lambda=1.6267488579198321, scale_pos_weight=1.611336989409985, subsample=0.9507792984144696; total time=  39.7s
[CV] END colsample_bytree=0.8511577659794545, gamma=0.09713697675602112, learning_rate=0.024188183399985533, max_depth=8, min_child_weight=3, n_estimators=10000, reg_alpha=0.3379951568515358, reg_lambda=1.6267488579198321, scale_pos_weight=1.611336989409985, subsample=0.9507792984144696; total time=  39.9s
[CV] END colsample_bytree=0.8511577659794545, gamma=0.09713697675602112, learning_rate=0.024188183399985533, max_depth=8, min_child_weight=3, n_estimators=10000, reg_alpha=0.3379951568515358, reg_lambda=1.6267488579198321, scale_pos_weight=1.611336989409985, subsample=0.9507792984144696; total time=  40.2s
[CV] END colsample_bytree=0.8511577659794545, gamma=0.09713697675602112, learning_rate=0.024188183399985533, max_depth=8, min_child_weight=3, n_estimators=10000, reg_alpha=0.3379951568515358, reg_lambda=1.6267488579198321, scale_pos_weight=1.611336989409985, subsample=0.9507792984144696; total time=  42.7s
[CV] END colsample_bytree=0.8511577659794545, gamma=0.09713697675602112, learning_rate=0.024188183399985533, max_depth=8, min_child_weight=3, n_estimators=10000, reg_alpha=0.3379951568515358, reg_lambda=1.6267488579198321, scale_pos_weight=1.611336989409985, subsample=0.9507792984144696; total time=  43.1s

Best F1-macro (CV on train): 0.9381

======================================================================
Threshold tuning on validation set 
======================================================================
  Best F1-macro   threshold (val): 0.40  : f1_macro=0.8917  recall_anom=0.8449
  Best F1-anomaly threshold (val): 0.30
  Best Youden     threshold (val): 0.40
  Best recall≥90  threshold (val): 0.10

======================================================================
Evaluation on TEST  (threshold=0.40 from val)
======================================================================

BASELINE  (test, threshold=0.5)
======================================================================
              precision    recall  f1-score   support

        Good     0.7540    0.9104    0.8248     29565
         Bad     0.9218    0.7807    0.8454     40033

    accuracy                         0.8358     69598
   macro avg     0.8379    0.8455    0.8351     69598
weighted avg     0.8505    0.8358    0.8367     69598


OPTIMIZED  (test, threshold=0.40 tuned on val, scoring=f1_macro)
======================================================================
              precision    recall  f1-score   support

        Good     0.7653    0.9033    0.8286     29565
         Bad     0.9176    0.7954    0.8521     40033

    accuracy                         0.8412     69598
   macro avg     0.8414    0.8493    0.8404     69598
weighted avg     0.8529    0.8412    0.8421     69598


======================================================================
Saving artifacts
======================================================================
  - Model
  - Plot bundle
  - Test results parquet
  - Threshold info
  - Best params JSON
  - HP search CSV
  - Threshold CSV
  - Classification report
  - MLflow model log
# Train completed for 3 oceans (Atlantic, Indian, Pacific)
Results saved in each ocean's model_dir (see OCEANS config)
Done c:
